{
"type": "FeatureCollection",
"name": "pest_infestation_poly",
"crs": { "type": "name", "properties": { "name": "urn:ogc:def:crs:OGC:1.3:CRS84" } },
"xy_coordinate_resolution": 8.98315e-10,
"z_coordinate_resolution": 0.0001,
"features": [
{"type":"Feature","properties":{"CAPTURE_YEAR":2013,"PEST_SEVERITY_CODE":"L","PEST_CAPTURE_METHOD_CODE":"OS","TREE_SPECIES_CODE":"B","AREA_HA":7.36},"geometry":{"type":"MultiPolygon","coordinates":[[[[-121.5555714126,49.1401415308],[-121.55559866,49.1398565086],[-121.5565046939,49.1399893364],[-121.5574949807,49.1402528194],[-121.5586146271,49.1406806111],[-121.559535589,49.1411637712],[-121.5601736182,49.1415716537],[-121.5606250483,49.1419082326],[-121.5607874659,49.1422328866],[-121.5608805664,49.1427772294],[-121.5609827271,49.1432265666],[-121.560949462,49.1435749339],[-121.5604947791,49.1437787221],[-121.5597873628,49.1435905389],[-121.5593659513,49.1434459645],[-121.5586043411,49.143319121],[-121.5579932841,49.1431349144],[-121.5578217901,49.1429052693],[-121.5578671831,49.1424302213],[-121.5577711062,49.1419175444],[-121.5575153946,49.1415572371],[-121.5570730843,49.1411256322],[-121.556669851,49.1407910284],[-121.556113053,49.1405454556],[-121.5557910346,49.1403731707],[-121.5555714126,49.1401415308]]]]}},
{"type":"Feature","properties":{"CAPTURE_YEAR":2013,"PEST_SEVERITY_CODE":"L","PEST_CAPTURE_METHOD_CODE":"OS","TREE_SPECIES_CODE":"B","AREA_HA":16.58},"geometry":{"type":"MultiPolygon","coordinates":[[[[-121.5263261888,49.1526005533],[-121.5263267869,49.1520918556],[-121.5266011976,49.1517535327],[-121.5271615967,49.1514588883],[-121.5279537391,49.1512692676],[-121.5285952498,49.1511369653],[-121.5291464898,49.1509373198],[-121.5294720923,49.1505693158],[-121.5298007352,49.1501696437],[-121.5301714526,49.1498353153],[-121.5306775575,49.1496019929],[-121.5312617188,49.1495626727],[-121.5318879751,49.1495886943],[-121.5326856251,49.1498444042],[-121.5331881383,49.1501514272],[-121.5335070976,49.1503554442],[-121.5340187637,49.1505674627],[-121.534334687,49.1508031441],[-121.5344487936,49.1511258244],[-121.5344153242,49.151474179],[-121.5344239431,49.1518878676],[-121.5343996016,49.152141212],[-121.5343270853,49.152392556],[-121.5341582051,49.1526398985],[-121.5337996663,49.1528475717],[-121.5332697148,49.1528255629],[-121.5327549972,49.1526452089],[-121.5320927015,49.1524905238],[-121.5314755407,49.152369494],[-121.5307528986,49.1523394662],[-121.5302138172,49.1524124518],[-121.5297107389,49.1526141048],[-121.5292978998,49.1528830935],[-121.5291137726,49.153288771],[-121.5290259934,49.1536984535],[-121.5289955279,49.1540151383],[-121.5288717432,49.1542961412],[-121.5284802263,49.1543434511],[-121.5279203816,49.1541294048],[-121.5277069143,49.1538343792],[-121.52705681,49.1535529877],[-121.5266323492,49.1534399445],[-121.5263798763,49.1530479128],[-121.5263261888,49.1526005533]]]]}},
{"type":"Feature","properties":{"CAPTURE_YEAR":2007,"PEST_SEVERITY_CODE":"M","PEST_CAPTURE_METHOD_CODE":"OS","TREE_SPECIES_CODE":null,"AREA_HA":24.0},"geometry":{"type":"MultiPolygon","coordinates":[[[[-125.5390642231,50.5675078641],[-125.5376850072,50.5694359722],[-125.5369214556,50.5698381691],[-125.5359765319,50.5699070316],[-125.5354622656,50.5698320882],[-125.5350922039,50.5696485521],[-125.5343226938,50.5693541424],[-125.5336972095,50.5689693308],[-125.53281499,50.5685106488],[-125.5323340844,50.5679808393],[-125.5323389986,50.5675076753],[-125.5325718469,50.56712646],[-125.533090229,50.5668010388],[-125.5338361466,50.5666039725],[-125.5336102858,50.5663118325],[-125.5333855593,50.5659105034],[-125.5333061482,50.5652913787],[-125.5335114959,50.5648008517],[-125.5342871196,50.5644947132],[-125.5351193923,50.5642433935],[-125.5359780028,50.5642105823],[-125.536037476,50.5639924344],[-125.5361850176,50.5635562576],[-125.5366474212,50.56310319],[-125.5371930149,50.5629052663],[-125.5379193885,50.5630262021],[-125.5383793288,50.5644824215],[-125.5385062172,50.5660540495],[-125.5390642231,50.5675078641]]]]}},
{"type":"Feature","properties":{"CAPTURE_YEAR":2007,"PEST_SEVERITY_CODE":"M","PEST_CAPTURE_METHOD_CODE":"OS","TREE_SPECIES_CODE":null,"AREA_HA":10.0},"geometry":{"type":"MultiPolygon","coordinates":[[[[-125.00564865,50.2311597032],[-125.0040113057,50.2307491322],[-125.0027941897,50.2299465188],[-125.0014360922,50.2293185324],[-125.0007725399,50.2283010017],[-125.0012651724,50.2277337274],[-125.0025044292,50.2275250328],[-125.003730162,50.2279319155],[-125.004811051,50.2286893207],[-125.0063758932,50.2292751454],[-125.007452998,50.2302083958],[-125.0074395348,50.2308239852],[-125.0066078706,50.2312123188],[-125.00564865,50.2311597032]]]]}},
{"type":"Feature","properties":{"CAPTURE_YEAR":2012,"PEST_SEVERITY_CODE":"T","PEST_CAPTURE_METHOD_CODE":"OS","TREE_SPECIES_CODE":"B","AREA_HA":8.74},"geometry":{"type":"MultiPolygon","coordinates":[[[[-123.1525293872,49.3978021475],[-123.1551323174,49.3978705867],[-123.1564590293,49.3981001962],[-123.1576041539,49.3988606148],[-123.1577260147,49.399302015],[-123.1573242933,49.3997783587],[-123.1560360483,49.4001340396],[-123.1550602284,49.4002544659],[-123.1540903841,49.4002776567],[-123.153569768,49.4002639688],[-123.1531235298,49.4002522345],[-123.1529183593,49.3999547047],[-123.1527875681,49.3996591306],[-123.1521690734,49.398815141],[-123.1521989944,49.3983290338],[-123.1525293872,49.3978021475]]]]}},
{"type":"Feature","properties":{"CAPTURE_YEAR":2012,"PEST_SEVERITY_CODE":"L","PEST_CAPTURE_METHOD_CODE":"OS","TREE_SPECIES_CODE":"B","AREA_HA":19.27},"geometry":{"type":"MultiPolygon","coordinates":[[[[-121.5638912084,49.2803238807],[-121.5659859643,49.2799199814],[-121.5669013329,49.2801209489],[-121.5674171074,49.2805913478],[-121.5675914377,49.2813743945],[-121.5671295723,49.2822946458],[-121.5664427641,49.2829606295],[-121.5653409329,49.2834053671],[-121.5646114759,49.2838654061],[-121.5643048096,49.2844653367],[-121.5629741135,49.2846964599],[-121.5623495352,49.2847116071],[-121.5613876074,49.2843453396],[-121.5609417313,49.2837961197],[-121.5603681035,49.2826291043],[-121.5606712004,49.2814164898],[-121.5614240194,49.2807124153],[-121.5638912084,49.2803238807]]]]}},
{"type":"Feature","properties":{"CAPTURE_YEAR":2012,"PEST_SEVERITY_CODE":"T","PEST_CAPTURE_METHOD_CODE":"OS","TREE_SPECIES_CODE":"B","AREA_HA":38.66},"geometry":{"type":"MultiPolygon","coordinates":[[[[-122.4359374806,49.2425413547],[-122.4389706544,49.2424161857],[-122.4427711921,49.2430374441],[-122.4472025097,49.2434990443],[-122.4482820383,49.2437599817],[-122.4490222823,49.243964652],[-122.4492586284,49.2444682568],[-122.4492893319,49.2449650993],[-122.4489772881,49.2454506474],[-122.448325941,49.2458799455],[-122.4472050535,49.2461585465],[-122.4454193216,49.2461447811],[-122.4391986093,49.2457141938],[-122.4337389579,49.2452182706],[-122.432203851,49.2446265924],[-122.4315460477,49.2442442282],[-122.4315189901,49.2437024277],[-122.4317522727,49.2433495461],[-122.4323282927,49.2430079941],[-122.4334491797,49.2427295459],[-122.434837324,49.2425500655],[-122.4359374806,49.2425413547]]]]}},
{"type":"Feature","properties":{"CAPTURE_YEAR":2007,"PEST_SEVERITY_CODE":"L","PEST_CAPTURE_METHOD_CODE":"OS","TREE_SPECIES_CODE":null,"AREA_HA":10.0},"geometry":{"type":"MultiPolygon","coordinates":[[[[-125.5846022121,50.4564177764],[-125.5844028376,50.4554888116],[-125.5844107713,50.4546269245],[-125.5852521441,50.4535692454],[-125.5857791933,50.4527755976],[-125.587236298,50.4525821174],[-125.5880672838,50.4526515075],[-125.5883730918,50.4533156614],[-125.588364025,50.4543101512],[-125.5882528149,50.455105353],[-125.5878297262,50.4558993962],[-125.5872017476,50.4563611716],[-125.5865743632,50.456756643],[-125.5855323549,50.4570179583],[-125.5846022121,50.4564177764]]]]}},
{"type":"Feature","properties":{"CAPTURE_YEAR":2007,"PEST_SEVERITY_CODE":"L","PEST_CAPTURE_METHOD_CODE":"OS","TREE_SPECIES_CODE":null,"AREA_HA":119.0},"geometry":{"type":"MultiPolygon","coordinates":[[[[-125.4681027206,50.3937905843],[-125.4699710162,50.3940235938],[-125.4711394697,50.3941038676],[-125.4739424047,50.394415949],[-125.4769757804,50.3950278072],[-125.479537186,50.3960107916],[-125.4809258678,50.39728698],[-125.4806722508,50.3990035914],[-125.478793376,50.3996669554],[-125.4757527219,50.3996526172],[-125.4703722641,50.3997017333],[-125.4635795468,50.4004906199],[-125.4517613007,50.4009556101],[-125.4480206962,50.4007876728],[-125.4469791049,50.3998862396],[-125.4471051949,50.399140001],[-125.4486327726,50.398550117],[-125.4546122669,50.3973100106],[-125.462005355,50.3951802147],[-125.4681027206,50.3937905843]]]]}},
{"type":"Feature","properties":{"CAPTURE_YEAR":1996,"PEST_SEVERITY_CODE":"S","PEST_CAPTURE_METHOD_CODE":"OS","TREE_SPECIES_CODE":null,"AREA_HA":17.85},"geometry":{"type":"MultiPolygon","coordinates":[[[[-123.5432449011,49.4809158592],[-123.5418425473,49.480432246],[-123.541007506,49.4797480101],[-123.5404806779,49.4785541669],[-123.5420141437,49.4775574252],[-123.5432844908,49.4771286828],[-123.5456074957,49.4767310443],[-123.5467934974,49.4771033286],[-123.5476704415,49.4775848876],[-123.5478461764,49.4788388961],[-123.5465773998,49.480234606],[-123.5453931499,49.4806313955],[-123.5443421736,49.480888231],[-123.5432449011,49.4809158592]]]]}},
{"type":"Feature","properties":{"CAPTURE_YEAR":2007,"PEST_SEVERITY_CODE":"L","PEST_CAPTURE_METHOD_CODE":"OS","TREE_SPECIES_CODE":null,"AREA_HA":15.0},"geometry":{"type":"MultiPolygon","coordinates":[[[[-124.2093920131,50.491295934],[-124.2099958795,50.4923646531],[-124.2100596118,50.4942483336],[-124.2095930312,50.4955351269],[-124.2085867678,50.4964602273],[-124.207327012,50.4967929006],[-124.2062430611,50.4961870747],[-124.205451174,50.4952035425],[-124.2056539188,50.4935889212],[-124.2063098066,50.492187522],[-124.2075005548,50.4912654246],[-124.2083875866,50.4910149876],[-124.2093920131,50.491295934]]]]}},
{"type":"Feature","properties":{"CAPTURE_YEAR":2012,"PEST_SEVERITY_CODE":"L","PEST_CAPTURE_METHOD_CODE":"OS","TREE_SPECIES_CODE":"B","AREA_HA":10.08},"geometry":{"type":"MultiPolygon","coordinates":[[[[-121.1316542643,49.5432388419],[-121.1322168601,49.5432119902],[-121.1326779569,49.5433889498],[-121.1348764781,49.5445294248],[-121.1370532041,49.5458772376],[-121.1377312143,49.5462722779],[-121.1378520782,49.5466423402],[-121.1376381292,49.5471536889],[-121.1369739727,49.5473843843],[-121.1348055491,49.5467141583],[-121.132595963,49.5456773816],[-121.1315062472,49.5446387236],[-121.1312317401,49.5442096532],[-121.1310532761,49.5436286181],[-121.1313249417,49.5433282439],[-121.1316542643,49.5432388419]]]]}},
{"type":"Feature","properties":{"CAPTURE_YEAR":2012,"PEST_SEVERITY_CODE":"L","PEST_CAPTURE_METHOD_CODE":"OS","TREE_SPECIES_CODE":"B","AREA_HA":13.98},"geometry":{"type":"MultiPolygon","coordinates":[[[[-121.1197149527,49.5298871661],[-121.1200195712,49.5292757314],[-121.1200690107,49.5288091023],[-121.1196081227,49.5286320772],[-121.1188344664,49.5283888784],[-121.1183105104,49.5280527208],[-121.1180362238,49.5276236158],[-121.1179155687,49.5272535213],[-121.1179430463,49.5269942777],[-121.1179705237,49.526735034],[-121.1183957985,49.5264937051],[-121.1194465443,49.5263847064],[-121.1211172865,49.5264598782],[-121.1214985983,49.5266333188],[-121.1216988415,49.5270069883],[-121.1221158092,49.5275987879],[-121.1225547349,49.5279831983],[-121.1240389713,49.5283104043],[-121.1248867159,49.5286089906],[-121.1252516109,49.5289379649],[-121.1254354186,49.5294671724],[-121.1251583232,49.5298193784],[-121.1244147865,49.5300464357],[-121.1236136476,49.5300625162],[-121.1226643566,49.5299677377],[-121.1220909206,49.5300982372],[-121.1214269447,49.5303288529],[-121.120614815,49.5304485996],[-121.1197450751,49.5303573744],[-121.1197149527,49.5298871661]]]]}},
{"type":"Feature","properties":{"CAPTURE_YEAR":2012,"PEST_SEVERITY_CODE":"L","PEST_CAPTURE_METHOD_CODE":"OS","TREE_SPECIES_CODE":"B","AREA_HA":7.82},"geometry":{"type":"MultiPolygon","coordinates":[[[[-125.7204817106,49.6734364408],[-125.7214495494,49.6733247052],[-125.7219329421,49.6733544883],[-125.7226344321,49.6736703576],[-125.7230702619,49.6742996203],[-125.7232406153,49.6752137303],[-125.7231506238,49.6755561317],[-125.7224015239,49.6758397587],[-125.7218291249,49.6759810611],[-125.7210817421,49.6759791512],[-125.7202472983,49.6758342512],[-125.7194139191,49.6755180282],[-125.7184954062,49.6747447446],[-125.7183221753,49.6743160024],[-125.718940615,49.6738322063],[-125.7204817106,49.6734364408]]]]}},
{"type":"Feature","properties":{"CAPTURE_YEAR":2007,"PEST_SEVERITY_CODE":"L","PEST_CAPTURE_METHOD_CODE":"OS","TREE_SPECIES_CODE":null,"AREA_HA":111.0},"geometry":{"type":"MultiPolygon","coordinates":[[[[-124.9571684601,50.1650090531],[-124.9568000604,50.1655820168],[-124.9564174348,50.1661644],[-124.9558631211,50.1669828095],[-124.9544740161,50.1672674199],[-124.9535886629,50.1671831672],[-124.9526875527,50.167099324],[-124.9526315235,50.1671004817],[-124.9512793657,50.1661996314],[-124.9507624053,50.1652067161],[-124.9504588241,50.1646363657],[-124.9501567925,50.1640750181],[-124.9496424516,50.1634627706],[-124.9491428317,50.162895599],[-124.9486570253,50.1623369885],[-124.9480396832,50.1619428688],[-124.9472920377,50.1618110019],[-124.9463892132,50.161655173],[-124.9455019317,50.1615084748],[-124.9449838946,50.1608332315],[-124.9445403693,50.1602654584],[-124.9440984089,50.1597061212],[-124.9430901658,50.1593452994],[-124.942682628,50.1592029248],[-124.9402309298,50.1575015034],[-124.9391925315,50.1565629707],[-124.9382606706,50.1551921177],[-124.9382910224,50.1538924389],[-124.9392748415,50.1530352574],[-124.9427437714,50.1530685896],[-124.9441071613,50.1524626252],[-124.9448003407,50.1516645118],[-124.9459609116,50.1514899098],[-124.947212109,50.1515637721],[-124.948210703,50.1524469465],[-124.94823888,50.1527287704],[-124.9486685793,50.1532879794],[-124.9490963193,50.1538567234],[-124.949215101,50.1540162978],[-124.9491827469,50.154583458],[-124.9491501713,50.1551601627],[-124.9491391399,50.1552589431],[-124.9497554067,50.1559233044],[-124.9506380722,50.1559626178],[-124.9515364957,50.1560015077],[-124.9521113189,50.1560367477],[-124.9527633866,50.1565924329],[-124.9534170126,50.1571571181],[-124.9543177526,50.1579331505],[-124.9543257075,50.1585001338],[-124.9543352183,50.1590755547],[-124.9543295921,50.1596244203],[-124.9552021731,50.1604102885],[-124.9555182512,50.1609712003],[-124.9558498761,50.1615412385],[-124.9561677067,50.1621027215],[-124.9564853389,50.1626731906],[-124.9567117523,50.1631012107],[-124.9568475466,50.1636654621],[-124.9569971475,50.1642382756],[-124.9571684601,50.1650090531]]]]}},
{"type":"Feature","properties":{"CAPTURE_YEAR":2007,"PEST_SEVERITY_CODE":"L","PEST_CAPTURE_METHOD_CODE":"OS","TREE_SPECIES_CODE":null,"AREA_HA":103.0},"geometry":{"type":"MultiPolygon","coordinates":[[[[-125.5698877772,50.4732020922],[-125.5700888118,50.4739321754],[-125.5697717708,50.4744613391],[-125.5694559731,50.474857922],[-125.5691357532,50.4757185765],[-125.5692308969,50.476647142],[-125.5691154963,50.4778400844],[-125.5683811088,50.4785002234],[-125.5672300172,50.4792250438],[-125.5666985131,50.4804163579],[-125.5652155073,50.4831951332],[-125.5648906718,50.4845198428],[-125.56592897,50.4847228063],[-125.5668651761,50.484726461],[-125.567879427,50.4853101776],[-125.567554588,50.486252059],[-125.5673255006,50.4882722293],[-125.5657701315,50.4897453088],[-125.5649383927,50.4918327329],[-125.5628265914,50.4924101519],[-125.5606607452,50.4935550466],[-125.5600556737,50.4941562763],[-125.5595931495,50.494377467],[-125.5591834559,50.4937128549],[-125.5587770024,50.4927167729],[-125.5587938618,50.4909930808],[-125.5596365134,50.4899356435],[-125.56162025,50.4892142078],[-125.5625623346,50.4886212303],[-125.5625700485,50.4878256776],[-125.5633130153,50.4863037238],[-125.5620653502,50.4862325116],[-125.5608189657,50.4860286988],[-125.5605081892,50.4858948691],[-125.5598885678,50.4854283225],[-125.5595823143,50.4848304145],[-125.5600068179,50.4839702095],[-125.5610592711,50.4827146912],[-125.5615890188,50.4817222928],[-125.5628539149,50.4800034966],[-125.5645360046,50.4781537177],[-125.5660099603,50.4763030964],[-125.5661241642,50.4752427523],[-125.5661381869,50.4737842079],[-125.5668795296,50.4723948016],[-125.5686575589,50.4713409184],[-125.5689758715,50.4706791578],[-125.5683576396,50.4700800517],[-125.5673228312,50.4695456206],[-125.5673336357,50.4684185619],[-125.5679677109,50.4673602215],[-125.5691203725,50.4664364935],[-125.5708949634,50.4657140639],[-125.5725636491,50.4651900946],[-125.5738126271,50.4650622923],[-125.5749526386,50.465464474],[-125.5748442871,50.4659281631],[-125.5743150023,50.4669206351],[-125.573683601,50.4677138243],[-125.572745251,50.4679754152],[-125.5717022604,50.4683028962],[-125.5716972274,50.4688332809],[-125.5721068935,50.4694978673],[-125.5723073192,50.4702942399],[-125.5726048531,50.4718202825],[-125.5722828156,50.4728798458],[-125.5714489633,50.4730755347],[-125.5703050173,50.473071114],[-125.5698877772,50.4732020922]]]]}},
{"type":"Feature","properties":{"CAPTURE_YEAR":2007,"PEST_SEVERITY_CODE":"M","PEST_CAPTURE_METHOD_CODE":"OS","TREE_SPECIES_CODE":null,"AREA_HA":185.0},"geometry":{"type":"MultiPolygon","coordinates":[[[[-125.7311495331,50.3842177707],[-125.7310597253,50.385184152],[-125.7308861701,50.3860966194],[-125.7305454383,50.3868475871],[-125.7300352952,50.3878129327],[-125.7299448151,50.3888866985],[-125.7305287988,50.3896399131],[-125.731531882,50.390608931],[-125.7325353259,50.3915242396],[-125.7341276362,50.392387261],[-125.7358881602,50.3932506505],[-125.7373962055,50.3941671128],[-125.7385692487,50.3948679739],[-125.7394910143,50.3954071324],[-125.7399923947,50.3959452975],[-125.7405775754,50.3965373558],[-125.7409114297,50.3969677246],[-125.7410737532,50.3979883776],[-125.7408156483,50.3990080469],[-125.7397160514,50.4001331405],[-125.7374422402,50.4007184625],[-125.7339961747,50.4004417593],[-125.7300462715,50.4000563151],[-125.7262684998,50.3990267793],[-125.7239226294,50.3976248002],[-125.7222495455,50.3962244475],[-125.7222528444,50.3956874676],[-125.7217112499,50.3954404166],[-125.7202405804,50.3947695288],[-125.7188172742,50.3937993481],[-125.7184039248,50.3926706184],[-125.7184189734,50.390254191],[-125.7182632114,50.3882669243],[-125.7189424089,50.3871946611],[-125.7200398951,50.3864456431],[-125.7216380686,50.3862885769],[-125.7230671183,50.3862921572],[-125.7236588295,50.3857566394],[-125.7242547974,50.3845230317],[-125.7247656804,50.3834503093],[-125.7251902131,50.3827532644],[-125.7256134154,50.3822710165],[-125.7265402896,50.3818974123],[-125.7274658542,50.3817385906],[-125.7284748221,50.3816873669],[-125.7293137498,50.3819579227],[-125.7300683112,50.3822819582],[-125.7309868441,50.3833044851],[-125.7311495331,50.3842177707]]]]}},
{"type":"Feature","properties":{"CAPTURE_YEAR":2012,"PEST_SEVERITY_CODE":"L","PEST_CAPTURE_METHOD_CODE":"OS","TREE_SPECIES_CODE":"B","AREA_HA":6.31},"geometry":{"type":"MultiPolygon","coordinates":[[[[-126.6766043924,51.2004624589],[-126.6772969678,51.2001670662],[-126.6779950828,51.2002356886],[-126.6783469313,51.2004520077],[-126.6789378096,51.2011037431],[-126.6794259119,51.202629818],[-126.6781668973,51.2038751404],[-126.6775826798,51.2036602244],[-126.6771135203,51.2033717965],[-126.6763975962,51.2021383192],[-126.6761519313,51.2012660743],[-126.6763765062,51.2007550656],[-126.6766043924,51.2004624589]]]]}},
{"type":"Feature","properties":{"CAPTURE_YEAR":2012,"PEST_SEVERITY_CODE":"T","PEST_CAPTURE_METHOD_CODE":"OS","TREE_SPECIES_CODE":"B","AREA_HA":19.69},"geometry":{"type":"MultiPolygon","coordinates":[[[[-121.7771572358,49.5557706561],[-121.7784048531,49.555718005],[-121.7790413731,49.5564003619],[-121.7790494647,49.5571594629],[-121.7771351913,49.5585520155],[-121.7758088987,49.5594615492],[-121.7739049307,49.5598933159],[-121.7729668079,49.5599579775],[-121.7717746148,49.5594056949],[-121.7711705658,49.5583704581],[-121.7710124343,49.5575549241],[-121.771815496,49.5564227214],[-121.7736511967,49.5558871578],[-121.7771572358,49.5557706561]]]]}},
{"type":"Feature","properties":{"CAPTURE_YEAR":2012,"PEST_SEVERITY_CODE":"L","PEST_CAPTURE_METHOD_CODE":"OS","TREE_SPECIES_CODE":"B","AREA_HA":4.44},"geometry":{"type":"MultiPolygon","coordinates":[[[[-121.162804761,49.51770005],[-121.1633615977,49.5177248883],[-121.1637212241,49.5181055896],[-121.1639795506,49.5186901403],[-121.1639556881,49.5196788599],[-121.1636517153,49.5202904262],[-121.1632158604,49.520635638],[-121.1629663128,49.520728696],[-121.1626480997,49.5207145019],[-121.1623516662,49.5204929011],[-121.161791493,49.5197385977],[-121.1615985335,49.5185318334],[-121.1621357224,49.5179827702],[-121.1624015903,49.5177341588],[-121.162804761,49.51770005]]]]}},
{"type":"Feature","properties":{"CAPTURE_YEAR":2007,"PEST_SEVERITY_CODE":"L","PEST_CAPTURE_METHOD_CODE":"OS","TREE_SPECIES_CODE":null,"AREA_HA":84.0},"geometry":{"type":"MultiPolygon","coordinates":[[[[-124.1438097146,50.5217198028],[-124.1415868123,50.5220790699],[-124.1394118527,50.5221195709],[-124.1373416622,50.522546191],[-124.1370590605,50.5235409304],[-124.1358016229,50.5247499785],[-124.1345822822,50.5250370566],[-124.1319468111,50.5245314938],[-124.1299370148,50.5234982217],[-124.1246952024,50.5217953525],[-124.1209079673,50.5199630681],[-124.1192894154,50.5182442465],[-124.1206899627,50.517024894],[-124.122512578,50.5162228781],[-124.1264936544,50.5162900641],[-124.1303031172,50.517584364],[-124.1350716083,50.5190483838],[-124.1397578178,50.5195882153],[-124.1438097146,50.5217198028]]]]}},
{"type":"Feature","properties":{"CAPTURE_YEAR":2012,"PEST_SEVERITY_CODE":"L","PEST_CAPTURE_METHOD_CODE":"OS","TREE_SPECIES_CODE":"B","AREA_HA":47.82},"geometry":{"type":"MultiPolygon","coordinates":[[[[-127.2195542398,51.5140599735],[-127.2201683659,51.5136645444],[-127.2213499222,51.5136950783],[-127.2219125798,51.5139482621],[-127.2224764434,51.5142446491],[-127.2227673736,51.5147167798],[-127.2225412005,51.516577033],[-127.2209202385,51.5207421231],[-127.2202700866,51.5248535561],[-127.2201024425,51.5263243162],[-127.2188690267,51.5269423919],[-127.2179661286,51.5269520569],[-127.2171937786,51.5266578884],[-127.215552218,51.5250768597],[-127.2152136046,51.5228770303],[-127.2162352765,51.5196257497],[-127.2169454154,51.5176739325],[-127.2176566861,51.5157653043],[-127.2183929925,51.5147637016],[-127.2195542398,51.5140599735]]]]}},
{"type":"Feature","properties":{"CAPTURE_YEAR":2012,"PEST_SEVERITY_CODE":"T","PEST_CAPTURE_METHOD_CODE":"OS","TREE_SPECIES_CODE":"B","AREA_HA":2.86},"geometry":{"type":"MultiPolygon","coordinates":[[[[-121.8151783667,49.2846297384],[-121.8159947705,49.2843726348],[-121.816511319,49.2845081794],[-121.8169348557,49.2846978842],[-121.8172601893,49.2849992743],[-121.8173168434,49.2853480134],[-121.8169187965,49.2858523736],[-121.8164536861,49.2861231123],[-121.8159111267,49.2862753305],[-121.8148109524,49.2857705949],[-121.8145994522,49.2851848254],[-121.8151783667,49.2846297384]]]]}},
{"type":"Feature","properties":{"CAPTURE_YEAR":2012,"PEST_SEVERITY_CODE":"T","PEST_CAPTURE_METHOD_CODE":"OS","TREE_SPECIES_CODE":"B","AREA_HA":16.32},"geometry":{"type":"MultiPolygon","coordinates":[[[[-121.8670782831,49.266936948],[-121.8675172563,49.2669537769],[-121.8681888504,49.2673260561],[-121.8681170426,49.2681318689],[-121.8679221219,49.2703190828],[-121.8675663648,49.2713450313],[-121.8668799197,49.2721272786],[-121.8665908376,49.2724049696],[-121.8657954689,49.2724322337],[-121.8650411547,49.2719990209],[-121.8644676112,49.271514985],[-121.8640491349,49.2712679086],[-121.8633878009,49.2707804977],[-121.863123896,49.2697885426],[-121.8637687901,49.268484921],[-121.8648218371,49.2675434795],[-121.8655652582,49.2671099543],[-121.8663656667,49.267025137],[-121.8670782831,49.266936948]]]]}},
{"type":"Feature","properties":{"CAPTURE_YEAR":2007,"PEST_SEVERITY_CODE":"L","PEST_CAPTURE_METHOD_CODE":"OS","TREE_SPECIES_CODE":null,"AREA_HA":77.0},"geometry":{"type":"MultiPolygon","coordinates":[[[[-125.5292771988,50.5378763782],[-125.5281163394,50.539329948],[-125.5277879245,50.5408533278],[-125.5256972035,50.5415736695],[-125.5222559321,50.5419567169],[-125.5190285776,50.5418102154],[-125.5183072969,50.5410778556],[-125.518211649,50.5402818973],[-125.5165495089,50.5398769167],[-125.5152012763,50.5393406874],[-125.5151085543,50.53827957],[-125.5150165362,50.5371521488],[-125.5150272381,50.5361577669],[-125.5143089709,50.5351602114],[-125.5142112622,50.5345631244],[-125.5153646053,50.5338389117],[-125.5166234691,50.532982552],[-125.516836715,50.5325194106],[-125.5178830084,50.5320598835],[-125.5190291537,50.5319985501],[-125.5197580715,50.5320017006],[-125.5205854809,50.532535636],[-125.5215128225,50.5334677659],[-125.5230643049,50.534468853],[-125.5243132577,50.5345404991],[-125.5255635962,50.534479544],[-125.5263911199,50.5350134346],[-125.5265868506,50.5362075771],[-125.527201261,50.5372046183],[-125.5281350831,50.5375400658],[-125.5288647843,50.5374768633],[-125.5292771988,50.5378763782]]]]}},
{"type":"Feature","properties":{"CAPTURE_YEAR":2007,"PEST_SEVERITY_CODE":"S","PEST_CAPTURE_METHOD_CODE":"OS","TREE_SPECIES_CODE":null,"AREA_HA":11.0},"geometry":{"type":"MultiPolygon","coordinates":[[[[-125.5102285898,50.4128056386],[-125.5100978369,50.4140747162],[-125.5099711399,50.4149703766],[-125.5085624159,50.4154122478],[-125.5072739055,50.4155559016],[-125.5063379975,50.4155517392],[-125.5052908153,50.415024277],[-125.5052981732,50.4143521423],[-125.5055411358,50.413531695],[-125.5068336688,50.4130146541],[-125.5069612373,50.4120443083],[-125.5075510187,50.4115988219],[-125.5089547652,50.4116050472],[-125.5097703784,50.4119073912],[-125.5102285898,50.4128056386]]]]}},
{"type":"Feature","properties":{"CAPTURE_YEAR":2007,"PEST_SEVERITY_CODE":"M","PEST_CAPTURE_METHOD_CODE":"OS","TREE_SPECIES_CODE":null,"AREA_HA":1.0},"geometry":{"type":"MultiPolygon","coordinates":[[[[-124.959766554,50.1358907764],[-124.9597660103,50.1359090475],[-124.9597644737,50.1359272913],[-124.9597619587,50.1359454988],[-124.9597584659,50.1359636342],[-124.9597539957,50.1359816795],[-124.9597485627,50.1359996168],[-124.9597421672,50.1360174281],[-124.9597348238,50.1360350867],[-124.959726533,50.1360525655],[-124.9597173094,50.1360698467],[-124.9597071531,50.1360869213],[-124.959696093,50.1361037536],[-124.9596841291,50.1361203347],[-124.9596712762,50.1361366377],[-124.9596575624,50.1361526539],[-124.9596429884,50.1361683473],[-124.9596275966,50.1361837093],[-124.9596113733,50.1361987219],[-124.959594347,50.1362133673],[-124.9595765601,50.136227619],[-124.9595579987,50.1362414767],[-124.9595387195,50.1362549052],[-124.9595187227,50.1362679044],[-124.9594980367,50.1362804476],[-124.9594766897,50.136292526],[-124.9594547102,50.136304122],[-124.9594321265,50.1363152179],[-124.9594089386,50.1363258136],[-124.9593852169,50.1363358918],[-124.959360948,50.1363454255],[-124.9593362016,50.1363544243],[-124.9593109644,50.136362861],[-124.9592853064,50.1363707364],[-124.9592592276,50.1363780415],[-124.9592327845,50.1363847588],[-124.9592059771,50.1363908883],[-124.9591788757,50.1363964127],[-124.9591514802,50.136401341],[-124.959123847,50.1364056467],[-124.9590959899,50.136409348],[-124.9590679513,50.1364124183],[-124.9590397588,50.1364148758],[-124.959011469,50.1364166942],[-124.9589830815,50.1364178912],[-124.9589313855,50.1364184456],[-124.9589029548,50.1364178622],[-124.9588745806,50.1364166412],[-124.9588462767,50.1364148005],[-124.958818099,50.1364123317],[-124.9587900617,50.1364092349],[-124.9587622203,50.1364055197],[-124.9587345891,50.1364011862],[-124.9587072096,50.1363962437],[-124.9586801099,50.1363906926],[-124.9586533175,50.136384551],[-124.9586268886,50.1363778105],[-124.9586008228,50.1363704892],[-124.9585751759,50.1363625964],[-124.9585499616,50.1363541414],[-124.9585252218,50.1363451245],[-124.9585009702,50.1363355638],[-124.9584772623,50.1363254779],[-124.9584540982,50.1363148667],[-124.9584315332,50.1363037487],[-124.9584095673,50.136292133],[-124.958388242,50.1362800379],[-124.9583675848,50.1362674816],[-124.9583476096,50.1362544732],[-124.9583283441,50.1362410221],[-124.9583098157,50.1362271555],[-124.9582920518,50.1362128915],[-124.9582750527,50.1361982302],[-124.9582588592,50.136183208],[-124.9582434854,50.1361678339],[-124.9582289446,50.136152126],[-124.9582152644,50.1361361117],[-124.9582024444,50.1361197998],[-124.9581905123,50.1361032087],[-124.9581794674,50.1360863652],[-124.9581693513,50.1360692878],[-124.9581601496,50.1360519943],[-124.9581518898,50.136034503],[-124.9581445713,50.1360168407],[-124.9581382075,50.1359990347],[-124.9581328124,50.1359810849],[-124.9581283849,50.1359630365],[-124.9581249249,50.1359448983],[-124.9581224319,50.1359266883],[-124.958120933,50.1359084429],[-124.9581204443,50.1358851906],[-124.9581211706,50.1358669212],[-124.9581228897,50.1358486792],[-124.958125587,50.1358304823],[-124.9581292481,50.1358123575],[-124.9581339003,50.135794332],[-124.9581395014,50.1357764144],[-124.9581460647,50.1357586317],[-124.9581535897,50.1357410109],[-124.9581620622,50.1357235609],[-124.9581714536,50.1357063084],[-124.9581817772,50.1356892804],[-124.9581930047,50.1356724948],[-124.9582051218,50.1356559602],[-124.9582181277,50.1356397128],[-124.9582320085,50.1356237523],[-124.9582467214,50.1356081143],[-124.9582622799,50.135592817],[-124.9582786558,50.1355778689],[-124.9582958067,50.1355632968],[-124.9583137459,50.1355491187],[-124.9583324317,50.1355353342],[-124.9583518489,50.1355219881],[-124.9583719698,50.1355090713],[-124.9583927798,50.1354966104],[-124.9584142367,50.1354846141],[-124.9584363399,50.1354731093],[-124.9584590335,50.1354620956],[-124.9584823168,50.1354515999],[-124.9585061479,50.1354416217],[-124.9585304983,50.1354321789],[-124.9585553398,50.1354232891],[-124.9585806443,50.135414952],[-124.9586063976,50.1354071766],[-124.9586325294,50.13539998],[-124.9586590535,50.1353933715],[-124.9586858999,50.1353873504],[-124.9587130682,50.1353819346],[-124.9587405024,50.1353771237],[-124.9587681887,50.1353729174],[-124.9587960705,50.1353693333],[-124.958824148,50.1353663713],[-124.958852351,50.1353640398],[-124.9588806656,50.1353623297],[-124.9589090638,50.1353612496],[-124.9589478287,50.1353607978],[-124.9589762629,50.1353612014],[-124.9590046682,50.1353622519],[-124.9590329894,50.1353639219],[-124.9590611983,50.1353662202],[-124.959089281,50.1353691465],[-124.9591171815,50.1353726914],[-124.9591448719,50.1353768636],[-124.9591723246,50.1353816358],[-124.9591994976,50.1353870168],[-124.9592263769,50.1353930062],[-124.9592529071,50.1353995767],[-124.9592790739,50.135406746],[-124.95930485,50.135414478],[-124.9593301791,50.1354227901],[-124.9593550479,50.1354316553],[-124.9593794286,50.1354410642],[-124.9594032934,50.1354510076],[-124.9594266005,50.1354614761],[-124.9594493362,50.1354724606],[-124.9594714731,50.135483934],[-124.9594929691,50.1354959046],[-124.9595138109,50.1355083366],[-124.9595339849,50.1355212208],[-124.959553435,50.1355345565],[-124.959572162,50.135548308],[-124.9595901382,50.1355624659],[-124.9596073499,50.1355770211],[-124.9596237698,50.1355919375],[-124.9596393698,50.1356072236],[-124.9596541367,50.1356228435],[-124.959668057,50.1356387791],[-124.959681117,50.1356550121],[-124.9596932892,50.1356715245],[-124.959704574,50.1356882981],[-124.9597149438,50.1357053148],[-124.9597243991,50.1357225567],[-124.9597329126,50.1357399874],[-124.9597404985,50.1357576071],[-124.9597471155,50.1357753795],[-124.959752778,50.1357932867],[-124.9597574865,50.1358113108],[-124.9597611993,50.1358294333],[-124.9597639594,50.1358476188],[-124.9597657248,50.1358658578],[-124.959766554,50.1358907764]]]]}},
{"type":"Feature","properties":{"CAPTURE_YEAR":2007,"PEST_SEVERITY_CODE":"M","PEST_CAPTURE_METHOD_CODE":"OS","TREE_SPECIES_CODE":null,"AREA_HA":6.0},"geometry":{"type":"MultiPolygon","coordinates":[[[[-125.3699061697,50.403485873],[-125.3693459386,50.4043385591],[-125.3681204454,50.4048373181],[-125.3667176041,50.404946025],[-125.3655649967,50.4045893011],[-125.3649046946,50.40388527],[-125.3654639118,50.4031104013],[-125.3673578652,50.402732199],[-125.3696733383,50.4027064876],[-125.3699061697,50.403485873]]]]}},
{"type":"Feature","properties":{"CAPTURE_YEAR":2012,"PEST_SEVERITY_CODE":"L","PEST_CAPTURE_METHOD_CODE":"OS","TREE_SPECIES_CODE":"B","AREA_HA":5.27},"geometry":{"type":"MultiPolygon","coordinates":[[[[-124.8451997028,48.7954252566],[-124.8453975359,48.7951325912],[-124.8468576616,48.795190477],[-124.8495227624,48.7953455694],[-124.850526843,48.795861766],[-124.8500041578,48.7964457555],[-124.8488471827,48.7969807878],[-124.8470786645,48.7965405583],[-124.8459423691,48.7962334829],[-124.8453788835,48.7958904689],[-124.8450039266,48.7956337218],[-124.8451997028,48.7954252566]]]]}},
{"type":"Feature","properties":{"CAPTURE_YEAR":2012,"PEST_SEVERITY_CODE":"L","PEST_CAPTURE_METHOD_CODE":"OS","TREE_SPECIES_CODE":"B","AREA_HA":5.32},"geometry":{"type":"MultiPolygon","coordinates":[[[[-125.5151794018,49.3948510491],[-125.5167153523,49.3948321791],[-125.5183271179,49.395096767],[-125.5193080536,49.3954357564],[-125.5194216421,49.3958738594],[-125.5191808271,49.39631038],[-125.5185060558,49.3968222042],[-125.5172065678,49.3968164189],[-125.5163841994,49.3963751514],[-125.5150914676,49.3957258539],[-125.5145841543,49.3952859821],[-125.5146653345,49.3950546741],[-125.5151794018,49.3948510491]]]]}},
{"type":"Feature","properties":{"CAPTURE_YEAR":2012,"PEST_SEVERITY_CODE":"T","PEST_CAPTURE_METHOD_CODE":"OS","TREE_SPECIES_CODE":"B","AREA_HA":144.87},"geometry":{"type":"MultiPolygon","coordinates":[[[[-122.4466150345,49.2475814982],[-122.4477872885,49.2475299629],[-122.4488634725,49.247835855],[-122.4491786992,49.2482068276],[-122.449154614,49.2485215531],[-122.4486848008,49.2492723562],[-122.4469909951,49.2507491031],[-122.4444123552,49.2530079906],[-122.4421353062,49.2549161737],[-122.4404617843,49.2561230448],[-122.4379584856,49.2573926355],[-122.4356849386,49.2583542458],[-122.4349405299,49.2590959128],[-122.4336884531,49.2601813836],[-122.4326109135,49.261678276],[-122.4318352752,49.2628245435],[-122.4304562682,49.2637705542],[-122.4292558823,49.2641815716],[-122.4275893163,49.2643968514],[-122.4260086208,49.2643895763],[-122.4247230124,49.2641216076],[-122.423722134,49.2637278456],[-122.4231978012,49.2633949482],[-122.4228826807,49.2630239006],[-122.4230101984,49.2622618707],[-122.4233399482,49.2615516106],[-122.4240888102,49.2598636151],[-122.4250987454,49.2574630588],[-122.4252061524,49.2560693084],[-122.42555661,49.2550892798],[-122.426668154,49.2540443134],[-122.428667437,49.2530738072],[-122.4305053182,49.2524134527],[-122.4322573019,49.2519755952],[-122.4335086101,49.2517915999],[-122.4356753291,49.2513223254],[-122.4371391973,49.2510551711],[-122.4393023948,49.2506307846],[-122.441331889,49.2501568691],[-122.4425559372,49.2494309752],[-122.4451341209,49.2480735937],[-122.4466150345,49.2475814982]]]]}},
{"type":"Feature","properties":{"CAPTURE_YEAR":2007,"PEST_SEVERITY_CODE":"M","PEST_CAPTURE_METHOD_CODE":"OS","TREE_SPECIES_CODE":null,"AREA_HA":6.0},"geometry":{"type":"MultiPolygon","coordinates":[[[[-125.5547571658,50.4094932919],[-125.5547138849,50.4101106347],[-125.5543386143,50.4104416392],[-125.554002163,50.4106065425],[-125.5532577016,50.4106510447],[-125.5511031588,50.4103335895],[-125.5492846239,50.4098986925],[-125.5490275444,50.4095651346],[-125.5490675851,50.409280293],[-125.5500376031,50.4089992202],[-125.5520851767,50.4088412543],[-125.5541294699,50.4090157503],[-125.5547571658,50.4094932919]]]]}},
{"type":"Feature","properties":{"CAPTURE_YEAR":2007,"PEST_SEVERITY_CODE":"S","PEST_CAPTURE_METHOD_CODE":"OS","TREE_SPECIES_CODE":null,"AREA_HA":18.0},"geometry":{"type":"MultiPolygon","coordinates":[[[[-125.2898133647,50.3914127367],[-125.2906437633,50.3907775807],[-125.2928422635,50.3900929246],[-125.2957753116,50.3890635415],[-125.2970604042,50.3884894384],[-125.2977940703,50.3882029586],[-125.2990664782,50.3884439221],[-125.2991449844,50.3892595793],[-125.2991323508,50.3900746502],[-125.2983869187,50.3911179913],[-125.296459188,50.3919791514],[-125.2931677143,50.3925986906],[-125.2909773141,50.3927593758],[-125.2902544979,50.392347175],[-125.2898133647,50.3914127367]]]]}},
{"type":"Feature","properties":{"CAPTURE_YEAR":2007,"PEST_SEVERITY_CODE":"L","PEST_CAPTURE_METHOD_CODE":"OS","TREE_SPECIES_CODE":null,"AREA_HA":35.0},"geometry":{"type":"MultiPolygon","coordinates":[[[[-124.9367945073,50.1395781241],[-124.9365584343,50.1414329926],[-124.9360434549,50.14285183],[-124.9352495719,50.143834626],[-124.9341840425,50.1440719473],[-124.9331272141,50.1439379129],[-124.9318936936,50.1431211989],[-124.9305711602,50.1419940877],[-124.9299317761,50.1405021636],[-124.9294379492,50.1395233025],[-124.9296940129,50.1388987504],[-124.9291387189,50.1383410375],[-124.928583637,50.1377748999],[-124.9281905497,50.137385637],[-124.9285170903,50.1368134631],[-124.9288438345,50.1362323001],[-124.9288824844,50.1361506435],[-124.9296669201,50.1358138481],[-124.9313320844,50.1358041678],[-124.9330831601,50.1365307719],[-124.9330348804,50.137097788],[-124.9329741224,50.1376747964],[-124.9329219956,50.1381074934],[-124.9336261144,50.1382126326],[-124.9343223104,50.1377603306],[-124.9343128466,50.1371938797],[-124.9343143073,50.1370174863],[-124.935966632,50.137898701],[-124.9367945073,50.1395781241]]]]}},
{"type":"Feature","properties":{"CAPTURE_YEAR":2007,"PEST_SEVERITY_CODE":"M","PEST_CAPTURE_METHOD_CODE":"OS","TREE_SPECIES_CODE":null,"AREA_HA":10.0},"geometry":{"type":"MultiPolygon","coordinates":[[[[-125.4711960749,50.6991064941],[-125.4707136963,50.6998338773],[-125.468675584,50.7004680252],[-125.4670445488,50.7010182318],[-125.4659600632,50.7011418168],[-125.464739697,50.7013076595],[-125.4637485163,50.6992855739],[-125.4650365235,50.699120066],[-125.4666603756,50.6991707556],[-125.4680872848,50.6987054207],[-125.4690424424,50.6980661458],[-125.4697904622,50.6977692453],[-125.4707334316,50.6981600153],[-125.4711960749,50.6991064941]]]]}},
{"type":"Feature","properties":{"CAPTURE_YEAR":2012,"PEST_SEVERITY_CODE":"L","PEST_CAPTURE_METHOD_CODE":"OS","TREE_SPECIES_CODE":"B","AREA_HA":31.84},"geometry":{"type":"MultiPolygon","coordinates":[[[[-126.0113378919,49.367457864],[-126.0105938176,49.3671482552],[-126.009782105,49.3667501737],[-126.0094438583,49.3663962735],[-126.009376113,49.3658211557],[-126.0101199894,49.3654229211],[-126.0120137462,49.3655112101],[-126.0126224495,49.3655111409],[-126.0137044555,49.3651128414],[-126.0145836055,49.3648472872],[-126.0154627464,49.3646259626],[-126.0159361565,49.364581648],[-126.0166801297,49.3646257818],[-126.0210087304,49.3649789503],[-126.0235791746,49.3657747564],[-126.0247969434,49.3664380906],[-126.0252707494,49.3671015866],[-126.025406349,49.3677209232],[-126.0250007277,49.3680749382],[-126.0240538526,49.3681636352],[-126.0222950704,49.3677216088],[-126.0206040051,49.3673680231],[-126.0187101917,49.3673683671],[-126.0165460173,49.3678553595],[-126.0149228924,49.3683422441],[-126.0136377666,49.368298168],[-126.0130289022,49.3678558401],[-126.0113378919,49.367457864]]]]}},
{"type":"Feature","properties":{"CAPTURE_YEAR":2007,"PEST_SEVERITY_CODE":"S","PEST_CAPTURE_METHOD_CODE":"OS","TREE_SPECIES_CODE":null,"AREA_HA":11.0},"geometry":{"type":"MultiPolygon","coordinates":[[[[-125.6484040135,50.3952098589],[-125.649375424,50.394718565],[-125.6514592412,50.3942616596],[-125.6542684366,50.3938378827],[-125.6581411558,50.39351001],[-125.658819124,50.3934194088],[-125.659349873,50.3936064306],[-125.65929823,50.3940388468],[-125.6583290574,50.3942521554],[-125.6569228312,50.3946803864],[-125.6557082084,50.39535638],[-125.6544473025,50.3957541368],[-125.6498496285,50.3959559999],[-125.6489328211,50.3956441094],[-125.6484040135,50.3952098589]]]]}},
{"type":"Feature","properties":{"CAPTURE_YEAR":2012,"PEST_SEVERITY_CODE":"T","PEST_CAPTURE_METHOD_CODE":"OS","TREE_SPECIES_CODE":"B","AREA_HA":5.91},"geometry":{"type":"MultiPolygon","coordinates":[[[[-121.777836388,49.5619179241],[-121.7783782512,49.5619389918],[-121.7788288444,49.5621082615],[-121.7791789148,49.5625265515],[-121.7790506749,49.5630780101],[-121.7784487159,49.5637122124],[-121.778092854,49.5642042273],[-121.7772181911,49.5644231478],[-121.7766670655,49.5645028835],[-121.7762072084,49.564434414],[-121.7756930664,49.564110901],[-121.7753152502,49.5639950347],[-121.7751974326,49.5635857684],[-121.7753257192,49.5630343237],[-121.7764152923,49.5621661735],[-121.777836388,49.5619179241]]]]}},
{"type":"Feature","properties":{"CAPTURE_YEAR":2012,"PEST_SEVERITY_CODE":"L","PEST_CAPTURE_METHOD_CODE":"OS","TREE_SPECIES_CODE":"B","AREA_HA":11.96},"geometry":{"type":"MultiPolygon","coordinates":[[[[-122.4032755147,50.2957706269],[-122.4042382743,50.2954210709],[-122.4057298573,50.295904908],[-122.4066955356,50.29658927],[-122.4071654731,50.2970942613],[-122.406333505,50.2979378057],[-122.4049510909,50.2982193132],[-122.4035384824,50.2988807025],[-122.402393127,50.2993875423],[-122.4010365296,50.2993433666],[-122.4001685978,50.2984989071],[-122.4013527786,50.297503643],[-122.4032755147,50.2957706269]]]]}},
{"type":"Feature","properties":{"CAPTURE_YEAR":2013,"PEST_SEVERITY_CODE":"L","PEST_CAPTURE_METHOD_CODE":"OS","TREE_SPECIES_CODE":"B","AREA_HA":6.38},"geometry":{"type":"MultiPolygon","coordinates":[[[[-124.6537036446,50.4409145734],[-124.6549417469,50.4407609501],[-124.6551011699,50.4413250071],[-124.6550861081,50.4418307352],[-124.6538429518,50.4421529298],[-124.6527692222,50.4427020209],[-124.6519647502,50.4430857336],[-124.6506418487,50.4431258664],[-124.6502047906,50.4430081328],[-124.6497744701,50.4426656172],[-124.6497099112,50.4418778629],[-124.6497233529,50.4414283285],[-124.6506972575,50.4412715367],[-124.6520184273,50.4412875961],[-124.6529906446,50.4411869771],[-124.6537036446,50.4409145734]]]]}},
{"type":"Feature","properties":{"CAPTURE_YEAR":2013,"PEST_SEVERITY_CODE":"L","PEST_CAPTURE_METHOD_CODE":"OS","TREE_SPECIES_CODE":"B","AREA_HA":9.14},"geometry":{"type":"MultiPolygon","coordinates":[[[[-124.6654651506,50.4692746677],[-124.6654850901,50.4686003816],[-124.6671562804,50.4687328799],[-124.6684600229,50.469366838],[-124.6700265554,50.4700601304],[-124.6715016894,50.4708647368],[-124.6723714846,50.4712686089],[-124.6729719191,50.4718378875],[-124.672870559,50.4722863542],[-124.6716382693,50.4722154071],[-124.6707634968,50.4719801031],[-124.669449706,50.4716833119],[-124.6681342737,50.4714427051],[-124.6676187113,50.47098684],[-124.6665876463,50.4700750932],[-124.6658925359,50.4697294847],[-124.6654651506,50.4692746677]]]]}},
{"type":"Feature","properties":{"CAPTURE_YEAR":2013,"PEST_SEVERITY_CODE":"L","PEST_CAPTURE_METHOD_CODE":"OS","TREE_SPECIES_CODE":"B","AREA_HA":8.99},"geometry":{"type":"MultiPolygon","coordinates":[[[[-124.6707589487,50.4751277924],[-124.6718249611,50.474859504],[-124.6725218491,50.4751488822],[-124.6727730664,50.4756015617],[-124.6730259272,50.4759980493],[-124.6722094592,50.4767752288],[-124.6714794599,50.4776096379],[-124.6707510891,50.4783878507],[-124.6700326307,50.4788289322],[-124.6692260041,50.4792689435],[-124.6687835884,50.4793198423],[-124.668620544,50.4788682128],[-124.668374325,50.4782469628],[-124.6683925667,50.4776288743],[-124.6686835475,50.4767330115],[-124.6693154939,50.4762346994],[-124.6697694747,50.4757904625],[-124.6707589487,50.4751277924]]]]}},
{"type":"Feature","properties":{"CAPTURE_YEAR":2013,"PEST_SEVERITY_CODE":"L","PEST_CAPTURE_METHOD_CODE":"OS","TREE_SPECIES_CODE":"B","AREA_HA":8.1},"geometry":{"type":"MultiPolygon","coordinates":[[[[-124.7189602823,50.4949517096],[-124.7199051972,50.4949291732],[-124.721685396,50.4950499491],[-124.7228353387,50.4951968809],[-124.7236153512,50.4954398278],[-124.7242399486,50.4956141272],[-124.7246004372,50.4958522484],[-124.7248007657,50.4961888066],[-124.7248409178,50.4966238024],[-124.7245158597,50.4969877576],[-124.723828407,50.497180416],[-124.7228843932,50.497169568],[-124.7218898386,50.4970912825],[-124.7210030143,50.4969139427],[-124.7201714899,50.496636965],[-124.7192884766,50.4963259588],[-124.7187754293,50.495918927],[-124.7185798938,50.4954152874],[-124.7185874889,50.4951479639],[-124.7189602823,50.4949517096]]]]}},
{"type":"Feature","properties":{"CAPTURE_YEAR":2013,"PEST_SEVERITY_CODE":"T","PEST_CAPTURE_METHOD_CODE":"OS","TREE_SPECIES_CODE":"B","AREA_HA":6.84},"geometry":{"type":"MultiPolygon","coordinates":[[[[-124.692604643,50.5030072206],[-124.6934352454,50.5029210725],[-124.6942602775,50.5030266895],[-124.6931036508,50.5039722648],[-124.6919344585,50.5053493111],[-124.6913923292,50.5058704771],[-124.6907846696,50.5060551463],[-124.690181197,50.5060959935],[-124.6895080206,50.5059441882],[-124.6889895534,50.5056503181],[-124.6889268384,50.5052179465],[-124.6892473906,50.5045503098],[-124.6900166967,50.5039838727],[-124.6910103496,50.5034680415],[-124.6918479176,50.5031421914],[-124.692604643,50.5030072206]]]]}},
{"type":"Feature","properties":{"CAPTURE_YEAR":2007,"PEST_SEVERITY_CODE":"L","PEST_CAPTURE_METHOD_CODE":"OS","TREE_SPECIES_CODE":null,"AREA_HA":3.0},"geometry":{"type":"MultiPolygon","coordinates":[[[[-124.9573988653,50.1846526589],[-124.9567298921,50.1847729643],[-124.9562913192,50.1846065683],[-124.9556027936,50.1843161164],[-124.9551103753,50.1837435839],[-124.95474806,50.1830100347],[-124.9550798394,50.1823236216],[-124.9561104467,50.1822371333],[-124.9571276166,50.1828823239],[-124.9573918393,50.1834983383],[-124.9573988653,50.1846526589]]]]}},
{"type":"Feature","properties":{"CAPTURE_YEAR":2007,"PEST_SEVERITY_CODE":"L","PEST_CAPTURE_METHOD_CODE":"OS","TREE_SPECIES_CODE":null,"AREA_HA":9.0},"geometry":{"type":"MultiPolygon","coordinates":[[[[-124.902886078,50.0939053659],[-124.9022643142,50.0941817436],[-124.9013718531,50.0941492567],[-124.9007286051,50.0934582767],[-124.9003559985,50.0928977056],[-124.899983618,50.0923281536],[-124.8994943446,50.0916073985],[-124.8994713362,50.0910413277],[-124.8994503059,50.0904657284],[-124.8994272985,50.0898996658],[-124.8994211358,50.0897440691],[-124.9001922429,50.0890180392],[-124.9009882718,50.0887999175],[-124.9014152124,50.0893128343],[-124.9023378777,50.0911305789],[-124.9028336349,50.0924354134],[-124.9029037784,50.0931708278],[-124.902886078,50.0939053659]]]]}},
{"type":"Feature","properties":{"CAPTURE_YEAR":2012,"PEST_SEVERITY_CODE":"T","PEST_CAPTURE_METHOD_CODE":"OS","TREE_SPECIES_CODE":"B","AREA_HA":9.71},"geometry":{"type":"MultiPolygon","coordinates":[[[[-121.8346350377,49.2789721339],[-121.8350792841,49.2789315418],[-121.8357662901,49.2791313405],[-121.8360710256,49.2796629036],[-121.8359986397,49.2804686899],[-121.8356576251,49.2813218536],[-121.8349808243,49.2819887736],[-121.8344021791,49.2825439774],[-121.8336789134,49.282747062],[-121.8334980929,49.2827978278],[-121.8322169888,49.2823440415],[-121.831132261,49.2816667954],[-121.8317419892,49.2807662781],[-121.8326977912,49.2799368843],[-121.8336276927,49.2793952604],[-121.8346350377,49.2789721339]]]]}},
{"type":"Feature","properties":{"CAPTURE_YEAR":2012,"PEST_SEVERITY_CODE":"T","PEST_CAPTURE_METHOD_CODE":"OS","TREE_SPECIES_CODE":"B","AREA_HA":2.61},"geometry":{"type":"MultiPolygon","coordinates":[[[[-122.1959334002,49.1982844236],[-122.1963326989,49.1980787833],[-122.1970672044,49.1984500444],[-122.1971538458,49.1991437192],[-122.1970498164,49.1998306683],[-122.1968360685,49.2001056454],[-122.1964921181,49.200219067],[-122.1960154189,49.2002022278],[-122.1957345209,49.2001295145],[-122.1954187644,49.1998986217],[-122.1952060518,49.1995771842],[-122.1951040584,49.1990713072],[-122.1959334002,49.1982844236]]]]}},
{"type":"Feature","properties":{"CAPTURE_YEAR":2013,"PEST_SEVERITY_CODE":"L","PEST_CAPTURE_METHOD_CODE":"OS","TREE_SPECIES_CODE":"B","AREA_HA":7.9},"geometry":{"type":"MultiPolygon","coordinates":[[[[-125.7196025212,49.4985312192],[-125.7199364153,49.4985048746],[-125.7206457709,49.4984794959],[-125.7214380585,49.4985359448],[-125.7227314324,49.4985120495],[-125.7235656056,49.4985413834],[-125.7243580603,49.4985706049],[-125.7250664423,49.4987084247],[-125.7255662293,49.4988457126],[-125.7256900957,49.4990636594],[-125.7258136264,49.4993360179],[-125.7258121722,49.4995808542],[-125.7256855695,49.4998253743],[-125.7252672562,49.5000147524],[-125.7247658217,49.5001495053],[-125.7241398848,49.500175123],[-125.7234305189,49.5002005155],[-125.7227630229,49.500198813],[-125.7222624112,49.5001975334],[-125.7216786854,49.5001416346],[-125.7210118479,49.5000311063],[-125.7204698467,49.4999752992],[-125.719927998,49.4998922923],[-125.7194704332,49.4996734684],[-125.7191795611,49.4994822892],[-125.7190979412,49.4991828251],[-125.7190582215,49.4988562627],[-125.7192262454,49.4986662701],[-125.7196025212,49.4985312192]]]]}},
{"type":"Feature","properties":{"CAPTURE_YEAR":2013,"PEST_SEVERITY_CODE":"L","PEST_CAPTURE_METHOD_CODE":"OS","TREE_SPECIES_CODE":"B","AREA_HA":11.67},"geometry":{"type":"MultiPolygon","coordinates":[[[[-125.7381264587,49.4982782324],[-125.7386689234,49.4982523331],[-125.7392110938,49.4982808435],[-125.7396279533,49.498336257],[-125.7400448137,49.49839166],[-125.7405863614,49.4985289788],[-125.7407524622,49.4986653988],[-125.7407501706,49.499073463],[-125.7404984875,49.4993177015],[-125.7399549386,49.4995340432],[-125.739328404,49.4996685636],[-125.738493584,49.4997481661],[-125.7375753334,49.4998275605],[-125.7365734826,49.4999339597],[-125.7353630362,49.5000398323],[-125.7346117873,49.5000924022],[-125.7335271237,49.5000897452],[-125.7326510376,49.5000875912],[-125.7317749517,49.5000854302],[-125.7310235532,49.5001651903],[-125.7303557397,49.5002179374],[-125.7299393656,49.5000808794],[-125.7297739148,49.4998356279],[-125.729775348,49.4995907917],[-125.7301525547,49.4992924772],[-125.730695843,49.4991306057],[-125.731238797,49.4990231254],[-125.7319484702,49.4989432698],[-125.7326581272,49.4988634094],[-125.7333679528,49.4987563293],[-125.7341196375,49.4986221587],[-125.7347041408,49.4985419693],[-125.7351636533,49.4984342744],[-125.7362070249,49.4983552045],[-125.7369165243,49.4983025133],[-125.737625699,49.4983042297],[-125.7381264587,49.4982782324]]]]}},
{"type":"Feature","properties":{"CAPTURE_YEAR":2014,"PEST_SEVERITY_CODE":"L","PEST_CAPTURE_METHOD_CODE":"OS","TREE_SPECIES_CODE":"B","AREA_HA":50.73},"geometry":{"type":"MultiPolygon","coordinates":[[[[-122.1409848757,49.1236735987],[-122.139857862,49.1236044718],[-122.1390325496,49.1235748297],[-122.1380334906,49.1235389388],[-122.1368630582,49.1234682201],[-122.1357384285,49.123370476],[-122.1343050042,49.1233189334],[-122.1331440661,49.1231338868],[-122.1321545204,49.1229836543],[-122.1316451626,49.1228220357],[-122.1311066082,49.1224874159],[-122.1305293877,49.1220940908],[-122.1300919821,49.121591167],[-122.1300407602,49.1211594565],[-122.1303102048,49.1205386831],[-122.1309081041,49.120159001],[-122.1316339282,49.1198125797],[-122.1327625119,49.1193373575],[-122.1337007144,49.1190558745],[-122.1345378087,49.1189426956],[-122.1351964245,49.1188804026],[-122.1366487006,49.1187033579],[-122.1375821238,49.1184789894],[-122.138544763,49.1184276106],[-122.1391986254,49.1184224417],[-122.1400238462,49.1184520827],[-122.1407621968,49.118478598],[-122.1415297846,49.1186781055],[-122.1422515615,49.1189046132],[-122.1428770139,49.1192422964],[-122.1434614064,49.1195498428],[-122.1440023697,49.1198558275],[-122.1446160134,49.1203363539],[-122.14489166,49.1206901344],[-122.1450346301,49.1210678055],[-122.1451728689,49.1215026249],[-122.1451855398,49.121875631],[-122.1449210209,49.1224392918],[-122.1444393099,49.1229951521],[-122.1440104972,49.1234382893],[-122.143072255,49.1237198598],[-122.1420708209,49.1237125806],[-122.1409848757,49.1236735987]]]]}},
{"type":"Feature","properties":{"CAPTURE_YEAR":2014,"PEST_SEVERITY_CODE":"L","PEST_CAPTURE_METHOD_CODE":"OS","TREE_SPECIES_CODE":"B","AREA_HA":15.36},"geometry":{"type":"MultiPolygon","coordinates":[[[[-121.771539342,49.5561407385],[-121.7724603425,49.5561766039],[-121.7732497708,49.5562073394],[-121.7747009875,49.5562208291],[-121.7757574966,49.5562189433],[-121.7765655614,49.5567663291],[-121.7766224773,49.5575854673],[-121.776103005,49.5582101886],[-121.7753321613,49.558696147],[-121.7747164718,49.5589301683],[-121.7733692093,49.5592216951],[-121.7725600619,49.5594051775],[-121.7714759527,49.5597069269],[-121.7707758678,49.5594216906],[-121.7706414577,49.5587285189],[-121.7701781051,49.558022532],[-121.7695753317,49.5573971032],[-121.7692121062,49.5570389851],[-121.769050171,49.5566457129],[-121.7695500281,49.5562352315],[-121.7705525563,49.5561023026],[-121.771539342,49.5561407385]]]]}},
{"type":"Feature","properties":{"CAPTURE_YEAR":2014,"PEST_SEVERITY_CODE":"L","PEST_CAPTURE_METHOD_CODE":"OS","TREE_SPECIES_CODE":"B","AREA_HA":19.63},"geometry":{"type":"MultiPolygon","coordinates":[[[[-121.7702203531,49.5633126577],[-121.7707900039,49.5628618945],[-121.7718151894,49.5632027915],[-121.772657658,49.5640954981],[-121.7730012983,49.5646678162],[-121.7733370943,49.5653258193],[-121.7736728861,49.5659838202],[-121.7736954246,49.5664576447],[-121.773818105,49.5672793247],[-121.7742726777,49.5688018428],[-121.7735910427,49.5690332939],[-121.7727659881,49.5693881373],[-121.7720303355,49.5694884888],[-121.7712682296,49.5691578462],[-121.7704836269,49.5683533836],[-121.7700044336,49.5678187769],[-121.7694673368,49.5671959193],[-121.7687170995,49.5667367384],[-121.768381373,49.5660787229],[-121.7684522543,49.5653075612],[-121.7689179098,49.5645517899],[-121.7695691333,49.5639322258],[-121.7702203531,49.5633126577]]]]}},
{"type":"Feature","properties":{"CAPTURE_YEAR":2014,"PEST_SEVERITY_CODE":"M","PEST_CAPTURE_METHOD_CODE":"OS","TREE_SPECIES_CODE":"B","AREA_HA":5.5},"geometry":{"type":"MultiPolygon","coordinates":[[[[-121.6878218679,49.0267042637],[-121.6882991709,49.0266347596],[-121.6888230688,49.0267888543],[-121.6890919675,49.0271544342],[-121.6891912791,49.0275353682],[-121.6892844644,49.0279825685],[-121.689178634,49.0283996079],[-121.6888798995,49.0287202011],[-121.6885934208,49.0289082425],[-121.6881414291,49.0290674588],[-121.6876640881,49.0291369524],[-121.6869583059,49.0291307545],[-121.6864556443,49.0291105408],[-121.6860596407,49.0290280926],[-121.6857764428,49.0288171454],[-121.6857715587,49.0285065282],[-121.6857768843,49.0280854484],[-121.6859771591,49.0277387317],[-121.6863449641,49.0273987615],[-121.6868468044,49.0270641712],[-121.6874724721,49.0268454217],[-121.6878218679,49.0267042637]]]]}},
{"type":"Feature","properties":{"CAPTURE_YEAR":2008,"PEST_SEVERITY_CODE":"S","PEST_CAPTURE_METHOD_CODE":"OS","TREE_SPECIES_CODE":"BG","AREA_HA":4.14},"geometry":{"type":"MultiPolygon","coordinates":[[[[-125.0284948934,50.1235339033],[-125.0289544097,50.1236866752],[-125.0292364539,50.1240237806],[-125.0294598715,50.1243975485],[-125.029741131,50.1247718244],[-125.029730825,50.1252550713],[-125.0295493808,50.1256252711],[-125.0290819097,50.1258442294],[-125.0285613568,50.1258396394],[-125.0280439807,50.1256863559],[-125.0275876253,50.1253848894],[-125.0271344556,50.1249347297],[-125.0268017399,50.1242625527],[-125.0268699137,50.1237798173],[-125.0272224972,50.1235226722],[-125.0278618723,50.123379598],[-125.0284948934,50.1235339033]]]]}},
{"type":"Feature","properties":{"CAPTURE_YEAR":2008,"PEST_SEVERITY_CODE":"L","PEST_CAPTURE_METHOD_CODE":"OS","TREE_SPECIES_CODE":"BG","AREA_HA":1.71},"geometry":{"type":"MultiPolygon","coordinates":[[[[-124.9750655445,50.0582516387],[-124.9753675981,50.0584225453],[-124.9756399243,50.0585883705],[-124.975837334,50.0587679057],[-124.9759311771,50.0589080552],[-124.9759801555,50.0590525898],[-124.9759765944,50.0592110426],[-124.9758988707,50.0593495944],[-124.9757393065,50.0594777783],[-124.9754611444,50.0595712391],[-124.9751998449,50.05957841],[-124.9748281636,50.0595173146],[-124.9744650239,50.0594082711],[-124.9742435079,50.0593053504],[-124.9741190745,50.0591985329],[-124.9740099938,50.0590726472],[-124.9739165887,50.0589132896],[-124.9738899949,50.0587689629],[-124.9739075095,50.0586538639],[-124.9739703201,50.0585151742],[-124.9740471834,50.0584150364],[-124.9741465335,50.0583103063],[-124.9742972334,50.0582444751],[-124.9744698795,50.0581980597],[-124.9746417675,50.058185254],[-124.974783494,50.0581865754],[-124.9750655445,50.0582516387]]]]}},
{"type":"Feature","properties":{"CAPTURE_YEAR":2015,"PEST_SEVERITY_CODE":"L","PEST_CAPTURE_METHOD_CODE":"OS","TREE_SPECIES_CODE":null,"AREA_HA":34.83},"geometry":{"type":"MultiPolygon","coordinates":[[[[-117.798567406,49.1986862583],[-117.7996071031,49.198418229],[-117.8002141803,49.1987252217],[-117.8005222355,49.1992265436],[-117.8007771467,49.2000278445],[-117.8010092861,49.2009577169],[-117.8012445096,49.2014969013],[-117.8017059123,49.201879625],[-117.8022629558,49.2020959063],[-117.8029581371,49.2022793022],[-117.8035379624,49.2023670215],[-117.804064659,49.2027547093],[-117.8042999255,49.2032938946],[-117.8046581557,49.203885889],[-117.8049207517,49.2046443316],[-117.8048615359,49.2057256619],[-117.8041753921,49.2062379264],[-117.8031082353,49.2062867462],[-117.8011848964,49.2063136058],[-117.7999446839,49.2062188734],[-117.7984813687,49.2058899049],[-117.7975129629,49.2053815574],[-117.7971776188,49.2046609702],[-117.7969379392,49.203773955],[-117.7968971712,49.2025112252],[-117.79678045,49.2016770347],[-117.796747286,49.2003714403],[-117.7970722233,49.1996578758],[-117.7976430207,49.1990499734],[-117.798567406,49.1986862583]]]]}},
{"type":"Feature","properties":{"CAPTURE_YEAR":2020,"PEST_SEVERITY_CODE":"T","PEST_CAPTURE_METHOD_CODE":"OS","TREE_SPECIES_CODE":"BA","AREA_HA":2.07},"geometry":{"type":"MultiPolygon","coordinates":[[[[-123.0409883643,49.4570389592],[-123.0412512133,49.4570198259],[-123.0414850619,49.4572482141],[-123.041660532,49.4575147005],[-123.0415147355,49.4578003413],[-123.0415149285,49.4580288125],[-123.0414860756,49.458447686],[-123.041281827,49.458695269],[-123.0411359459,49.458885713],[-123.0409900635,49.4590761569],[-123.0405519844,49.4591334297],[-123.040026217,49.4591145738],[-123.0396172247,49.4590195177],[-123.0393542267,49.4588672936],[-123.0394416828,49.4586578328],[-123.0397921816,49.4586577131],[-123.0398796971,49.4585244076],[-123.0400255059,49.4582387693],[-123.0402882188,49.4580482847],[-123.040375624,49.4577817053],[-123.0406674474,49.4574769752],[-123.0409883643,49.4570389592]]]]}},
{"type":"Feature","properties":{"CAPTURE_YEAR":2020,"PEST_SEVERITY_CODE":"T","PEST_CAPTURE_METHOD_CODE":"OS","TREE_SPECIES_CODE":"BA","AREA_HA":1.2},"geometry":{"type":"MultiPolygon","coordinates":[[[[-123.0461020638,49.4596454108],[-123.0464525304,49.4596071912],[-123.0467448717,49.4598736225],[-123.0470373792,49.4603114068],[-123.0468623609,49.4605589884],[-123.0465996041,49.4606923681],[-123.0462492341,49.4608448235],[-123.045927932,49.4608449515],[-123.045548209,49.4608451018],[-123.0450805272,49.4604835387],[-123.0451387186,49.4602360071],[-123.0454599305,49.4601406841],[-123.0458396294,49.4601214958],[-123.0459562684,49.4599120175],[-123.0461020638,49.4596454108]]]]}},
{"type":"Feature","properties":{"CAPTURE_YEAR":2020,"PEST_SEVERITY_CODE":"T","PEST_CAPTURE_METHOD_CODE":"OS","TREE_SPECIES_CODE":"BA","AREA_HA":10.87},"geometry":{"type":"MultiPolygon","coordinates":[[[[-122.7937156571,49.4818492218],[-122.7935333961,49.4817596496],[-122.7932594424,49.4817591608],[-122.7928940468,49.4817882553],[-122.792529026,49.4817281041],[-122.79225608,49.4814896246],[-122.7921203643,49.4811918934],[-122.79221294,49.4808945723],[-122.792305136,49.4806864973],[-122.7925804645,49.4803597553],[-122.7928095064,49.4801816726],[-122.7932663319,49.4801229933],[-122.7936774967,49.4800642292],[-122.7941798512,49.4800353764],[-122.7944076397,49.4801547761],[-122.7944523004,49.4803928455],[-122.7944969615,49.480630914],[-122.7948160702,49.480750475],[-122.795044359,49.4807508803],[-122.7955465971,49.4807517688],[-122.7959124785,49.4806036715],[-122.7963238922,49.4804854014],[-122.7969183031,49.4802782058],[-122.7972383975,49.4801597719],[-122.7977870217,49.4799822405],[-122.7982892514,49.4799831163],[-122.7986545081,49.479983753],[-122.7992475655,49.4801037789],[-122.7999773564,49.4802835356],[-122.8005237962,49.4806414638],[-122.8006592007,49.4810284309],[-122.8006126969,49.481236591],[-122.8003824699,49.481712175],[-122.7999252755,49.4818601276],[-122.7987376552,49.4819770625],[-122.7980071089,49.4819757893],[-122.796956828,49.4820036989],[-122.796272064,49.4819727471],[-122.7957245272,49.4818825348],[-122.7953590063,49.4819413859],[-122.7947192831,49.4820592476],[-122.7943540099,49.4820585994],[-122.7940346453,49.4819985332],[-122.7937156571,49.4818492218]]]]}},
{"type":"Feature","properties":{"CAPTURE_YEAR":2020,"PEST_SEVERITY_CODE":"T","PEST_CAPTURE_METHOD_CODE":"OS","TREE_SPECIES_CODE":"BA","AREA_HA":7.32},"geometry":{"type":"MultiPolygon","coordinates":[[[[-123.1225462277,49.5382307165],[-123.1221067741,49.5379812945],[-123.1215035595,49.5380533256],[-123.1212838806,49.537946461],[-123.1205698163,49.5375545284],[-123.1209534369,49.5374113365],[-123.1217213796,49.5374105311],[-123.1223244061,49.5372671017],[-123.1216108757,49.5370893639],[-123.1211715247,49.5368756362],[-123.120786766,49.5365547546],[-123.1214445483,49.5363755768],[-123.1221028602,49.5364105817],[-123.1227065897,49.5365527356],[-123.1235844923,49.5366588958],[-123.1239680073,49.5364799946],[-123.1248456383,49.5364790517],[-123.1255590816,49.5366210718],[-123.126107878,49.5367275689],[-123.1257246443,49.5370135713],[-123.1259443291,49.537120427],[-123.126657878,49.5372981382],[-123.1272065921,49.537368933],[-123.127315741,49.5371546235],[-123.1269853299,49.5366552136],[-123.1269295538,49.5362982934],[-123.1272581075,49.5360837442],[-123.1279717374,49.5362971455],[-123.1280278953,49.5367968574],[-123.1279746273,49.5374037836],[-123.1273172245,49.5377257917],[-123.126330047,49.5377982701],[-123.1248493673,49.5379426688],[-123.1243559558,49.5380502952],[-123.1238076887,49.5381579774],[-123.1225462277,49.5382307165]]]]}},
{"type":"Feature","properties":{"CAPTURE_YEAR":2020,"PEST_SEVERITY_CODE":"T","PEST_CAPTURE_METHOD_CODE":"OS","TREE_SPECIES_CODE":"BA","AREA_HA":1.86},"geometry":{"type":"MultiPolygon","coordinates":[[[[-123.1068834428,49.539859797],[-123.1072927842,49.5397451842],[-123.1079074612,49.5398778855],[-123.1083468549,49.5401249818],[-123.1081133062,49.5403536681],[-123.1076746217,49.5404302324],[-123.1071187859,49.5404497878],[-123.1067971686,49.5405452802],[-123.1070607712,49.5406783089],[-123.1070903614,49.5408305933],[-123.1067983294,49.5410783699],[-123.1065061299,49.5412499903],[-123.1060383032,49.5413836929],[-123.1055992384,49.5412888985],[-123.1055109733,49.5410605114],[-123.1056272226,49.540698665],[-123.1057728483,49.5403939089],[-123.1059771939,49.5401842934],[-123.1063279847,49.540050698],[-123.1068834428,49.539859797]]]]}},
{"type":"Feature","properties":{"CAPTURE_YEAR":2020,"PEST_SEVERITY_CODE":"T","PEST_CAPTURE_METHOD_CODE":"OS","TREE_SPECIES_CODE":"BA","AREA_HA":3.02},"geometry":{"type":"MultiPolygon","coordinates":[[[[-123.0621157579,49.5050784128],[-123.0626271994,49.5049353435],[-123.0634313029,49.5050301011],[-123.0638704587,49.5055058368],[-123.0646021727,49.5061242006],[-123.0645295202,49.5064574248],[-123.0643109942,49.5070287197],[-123.0635074114,49.5073623465],[-123.0627024186,49.5066012232],[-123.062555385,49.5059349348],[-123.0621163603,49.5055543897],[-123.0616775801,49.5053642328],[-123.0621157579,49.5050784128]]]]}},
{"type":"Feature","properties":{"CAPTURE_YEAR":2020,"PEST_SEVERITY_CODE":"T","PEST_CAPTURE_METHOD_CODE":"OS","TREE_SPECIES_CODE":"BA","AREA_HA":5.38},"geometry":{"type":"MultiPolygon","coordinates":[[[[-123.0556931338,49.5132208869],[-123.0557655871,49.5126496804],[-123.0565698028,49.5127444849],[-123.0571549423,49.5130297835],[-123.0578866841,49.5136481893],[-123.0583991353,49.5142667004],[-123.0587653923,49.5148852849],[-123.0592778661,49.5155037925],[-123.0587666464,49.5159324318],[-123.0581820287,49.5161231175],[-123.0573775301,49.5158379336],[-123.0570116713,49.515552529],[-123.0564261754,49.5149816444],[-123.0560599462,49.5143630529],[-123.0558400966,49.5138871831],[-123.0556931338,49.5132208869]]]]}},
{"type":"Feature","properties":{"CAPTURE_YEAR":2020,"PEST_SEVERITY_CODE":"T","PEST_CAPTURE_METHOD_CODE":"OS","TREE_SPECIES_CODE":"BA","AREA_HA":3.5},"geometry":{"type":"MultiPolygon","coordinates":[[[[-123.0649721104,49.5187076252],[-123.0651085196,49.5182018229],[-123.0657941557,49.5183799265],[-123.0662969412,49.5184986334],[-123.067944416,49.5203123363],[-123.0674879152,49.5206398366],[-123.066756912,49.520729507],[-123.0659798097,49.5205217136],[-123.0656138102,49.5201946877],[-123.0652935103,49.5198676351],[-123.0649728206,49.5192430976],[-123.0649721104,49.5187076252]]]]}},
{"type":"Feature","properties":{"CAPTURE_YEAR":2020,"PEST_SEVERITY_CODE":"T","PEST_CAPTURE_METHOD_CODE":"OS","TREE_SPECIES_CODE":"BA","AREA_HA":1.56},"geometry":{"type":"MultiPolygon","coordinates":[[[[-123.1329582143,49.5344352214],[-123.1335063234,49.5342917976],[-123.1342745098,49.5343980038],[-123.1346041968,49.5346118098],[-123.1341128913,49.5354691348],[-123.1334003155,49.5356484487],[-123.1326327879,49.5357921236],[-123.1323034873,49.5357211044],[-123.1325770661,49.5354709045],[-123.1330151955,49.5352205152],[-123.1331242176,49.5349705034],[-123.1327395899,49.5347210579],[-123.1329582143,49.5344352214]]]]}},
{"type":"Feature","properties":{"CAPTURE_YEAR":2015,"PEST_SEVERITY_CODE":"T","PEST_CAPTURE_METHOD_CODE":"OS","TREE_SPECIES_CODE":"BA","AREA_HA":4.65},"geometry":{"type":"MultiPolygon","coordinates":[[[[-125.4445436209,50.9001582957],[-125.4459045396,50.9000696701],[-125.4464038151,50.9004217897],[-125.4462476033,50.900834247],[-125.4451337407,50.9013055537],[-125.4429642131,50.9016126624],[-125.4415493103,50.9019870722],[-125.440994516,50.9020478828],[-125.4407930641,50.9020468787],[-125.4406451659,50.9017918443],[-125.4406491453,50.9014739929],[-125.4414097391,50.9010645551],[-125.4427262838,50.9004989443],[-125.4445436209,50.9001582957]]]]}},
{"type":"Feature","properties":{"CAPTURE_YEAR":2015,"PEST_SEVERITY_CODE":"L","PEST_CAPTURE_METHOD_CODE":"OS","TREE_SPECIES_CODE":"BA","AREA_HA":18.58},"geometry":{"type":"MultiPolygon","coordinates":[[[[-127.5249935974,50.1826257203],[-127.5241574525,50.1825400311],[-127.5237788759,50.1825452628],[-127.5230860191,50.1822144951],[-127.5229956416,50.1817781551],[-127.5226023985,50.181345997],[-127.5218916607,50.1804806308],[-127.5213388803,50.1798075694],[-127.5213209796,50.1792729779],[-127.5219926149,50.1789719892],[-127.5235858128,50.1790472276],[-127.5254159209,50.1794108957],[-127.5268724048,50.179925568],[-127.527794023,50.1803017727],[-127.5287172917,50.180726567],[-127.5293459058,50.1813985406],[-127.5296798627,50.182317707],[-127.5293307222,50.1831977266],[-127.528586627,50.1835970114],[-127.5275200388,50.1834173016],[-127.5267530585,50.1831362033],[-127.5257621903,50.1829554283],[-127.5249935974,50.1826257203]]]]}},
{"type":"Feature","properties":{"CAPTURE_YEAR":2015,"PEST_SEVERITY_CODE":"L","PEST_CAPTURE_METHOD_CODE":"OS","TREE_SPECIES_CODE":"BA","AREA_HA":10.27},"geometry":{"type":"MultiPolygon","coordinates":[[[[-127.5193388183,50.1766261556],[-127.5210751924,50.1764563552],[-127.5222913882,50.1765854317],[-127.5234383893,50.1769099408],[-127.5241213867,50.1769491224],[-127.5248915083,50.1773274366],[-127.525138218,50.1779074852],[-127.5247678207,50.1781557086],[-127.5236354461,50.1782686017],[-127.5213657704,50.1783485692],[-127.5197034083,50.1784687327],[-127.5180312948,50.1782972758],[-127.5168810383,50.1778755157],[-127.5162624023,50.1774950636],[-127.515872503,50.1771600747],[-127.5163218902,50.1770080264],[-127.5180615375,50.1769354692],[-127.5193388183,50.1766261556]]]]}},
{"type":"Feature","properties":{"CAPTURE_YEAR":2015,"PEST_SEVERITY_CODE":"T","PEST_CAPTURE_METHOD_CODE":"OS","TREE_SPECIES_CODE":"BA","AREA_HA":30.38},"geometry":{"type":"MultiPolygon","coordinates":[[[[-124.5792849665,49.205437604],[-124.5775059419,49.2053673767],[-124.5752981824,49.2053382142],[-124.5744636295,49.2046723005],[-124.5735636379,49.203818404],[-124.5711127757,49.2024294009],[-124.5681909453,49.2001453071],[-124.5661008026,49.198620635],[-124.5642754011,49.1977543349],[-124.5634411558,49.1970883283],[-124.5633103056,49.1967123604],[-124.5634657183,49.1962934296],[-124.5645381088,49.1961673829],[-124.5660175234,49.1967016333],[-124.5670740631,49.1970899078],[-124.5688254051,49.1980487335],[-124.5702919864,49.1990037517],[-124.5723894636,49.2002945486],[-124.5747661854,49.2017761029],[-124.5767315046,49.2027376176],[-124.5774236114,49.2034016361],[-124.5779078117,49.2038757978],[-124.5788164621,49.2044491076],[-124.5796524885,49.2050682293],[-124.5799273594,49.2053992906],[-124.5792849665,49.205437604]]]]}},
{"type":"Feature","properties":{"CAPTURE_YEAR":2015,"PEST_SEVERITY_CODE":"T","PEST_CAPTURE_METHOD_CODE":"OS","TREE_SPECIES_CODE":"BA","AREA_HA":58.69},"geometry":{"type":"MultiPolygon","coordinates":[[[[-125.460779591,50.8944204982],[-125.4604889769,50.8934654895],[-125.4600980689,50.8924782043],[-125.4603674795,50.8910172891],[-125.4610819713,50.8902260434],[-125.4613417584,50.8895597591],[-125.4613017613,50.8887013089],[-125.4613670427,50.8874619129],[-125.4616337157,50.8862234823],[-125.4617408995,50.8856836119],[-125.4638034978,50.8858206451],[-125.4645552357,50.8861103215],[-125.4650003589,50.8867799811],[-125.4660008063,50.8873251433],[-125.4690019461,50.8889923374],[-125.472103635,50.8906917034],[-125.4731989636,50.8917458338],[-125.4734950809,50.8922558222],[-125.4734402416,50.8926370038],[-125.4731832258,50.8930808193],[-125.4693435919,50.8941434757],[-125.4681347126,50.8941695407],[-125.4668762433,50.8941317734],[-125.4651638351,50.8941554116],[-125.4632984465,50.8943372236],[-125.4620849813,50.8947446402],[-125.4609752576,50.8948982529],[-125.460779591,50.8944204982]]]]}},
{"type":"Feature","properties":{"CAPTURE_YEAR":2015,"PEST_SEVERITY_CODE":"T","PEST_CAPTURE_METHOD_CODE":"OS","TREE_SPECIES_CODE":"BA","AREA_HA":25.56},"geometry":{"type":"MultiPolygon","coordinates":[[[[-125.4681751556,50.8865407929],[-125.4685275679,50.8865424639],[-125.4730973859,50.8875494318],[-125.4763147262,50.8879777463],[-125.4790230923,50.8888804028],[-125.481280999,50.8895584022],[-125.4825301506,50.8903906461],[-125.4829799986,50.890678803],[-125.4828248941,50.8910277444],[-125.4818164188,50.8911502382],[-125.4804054849,50.8912390761],[-125.4784406907,50.8913253125],[-125.4765758608,50.8914755649],[-125.4759227928,50.8913453653],[-125.4740691618,50.8905420066],[-125.4716147886,50.8894496956],[-125.469762822,50.8885191212],[-125.4691662125,50.8878805571],[-125.4685234102,50.8868921029],[-125.4681751556,50.8865407929]]]]}},
{"type":"Feature","properties":{"CAPTURE_YEAR":2015,"PEST_SEVERITY_CODE":"T","PEST_CAPTURE_METHOD_CODE":"OS","TREE_SPECIES_CODE":"BA","AREA_HA":22.87},"geometry":{"type":"MultiPolygon","coordinates":[[[[-125.0021076064,50.6415698865],[-125.0009946585,50.6414925112],[-125.0007816297,50.641524301],[-124.9991895523,50.6415100191],[-124.9985041588,50.6413016333],[-124.997294098,50.6408188874],[-124.996612485,50.6404419921],[-124.9962820407,50.640978302],[-124.99537085,50.6413745551],[-124.9943094696,50.6413649849],[-124.9926195751,50.6409789733],[-124.9914058057,50.6406646519],[-124.9906165871,50.6403541531],[-124.9905225658,50.6398140159],[-124.9912753394,50.63938266],[-124.9926550695,50.6393951369],[-124.9949354144,50.6394831369],[-124.9962583294,50.6396635797],[-124.9970573353,50.6395359478],[-124.9991389451,50.6390153719],[-125.0014745998,50.6390026194],[-125.004274424,50.6396006483],[-125.0055891653,50.6401516688],[-125.0067492171,50.6404990646],[-125.0071154849,50.6407382658],[-125.0071087716,50.6410415513],[-125.0068905516,50.6413092535],[-125.0021076064,50.6415698865]]]]}},
{"type":"Feature","properties":{"CAPTURE_YEAR":2015,"PEST_SEVERITY_CODE":"T","PEST_CAPTURE_METHOD_CODE":"OS","TREE_SPECIES_CODE":"BA","AREA_HA":87.92},"geometry":{"type":"MultiPolygon","coordinates":[[[[-125.7711195252,50.8595043875],[-125.7709244766,50.8579655359],[-125.7710013024,50.8561708322],[-125.7720867982,50.8555320146],[-125.7763479939,50.8555406013],[-125.7797962715,50.8558038454],[-125.7816905717,50.8557220809],[-125.7844666278,50.8551291647],[-125.7896821645,50.8535578765],[-125.7919149088,50.8533911113],[-125.7939398285,50.8542922911],[-125.7946767712,50.8558321019],[-125.7946026481,50.8572422099],[-125.7936519295,50.8580524254],[-125.7928400282,50.8580936674],[-125.7925043968,50.8575374886],[-125.7920360739,50.8564255217],[-125.7915663803,50.8556126851],[-125.7894714039,50.8552241517],[-125.7882515054,50.8557346721],[-125.788111165,50.8568027754],[-125.7889848342,50.8580010025],[-125.7895867787,50.8594551152],[-125.7862830497,50.8571839194],[-125.7855406364,50.856840625],[-125.7851312986,50.8575663326],[-125.7858731071,50.8580378304],[-125.7870205762,50.8585528349],[-125.788974954,50.8600949922],[-125.789784083,50.8606520602],[-125.7895801436,50.8608653501],[-125.7876196231,50.860605248],[-125.785863695,50.860003619],[-125.7844478865,50.8590180017],[-125.7834348949,50.8586741733],[-125.7825542971,50.8589288721],[-125.7812651033,50.8597383241],[-125.7809909631,50.8604642781],[-125.7809865682,50.8613617],[-125.7801040123,50.8620009891],[-125.7775310523,50.8624659953],[-125.7742173431,50.8622456955],[-125.7717198183,50.861172273],[-125.7711195252,50.8595043875]]]]}},
{"type":"Feature","properties":{"CAPTURE_YEAR":2017,"PEST_SEVERITY_CODE":"L","PEST_CAPTURE_METHOD_CODE":"OS","TREE_SPECIES_CODE":"BA","AREA_HA":23.51},"geometry":{"type":"MultiPolygon","coordinates":[[[[-125.7124211607,50.945150397],[-125.7131585285,50.9447602507],[-125.7137793971,50.9449043932],[-125.7144547476,50.9453694196],[-125.7149026367,50.9460477147],[-125.7155730196,50.9472967932],[-125.71596237,50.9482956909],[-125.7173143762,50.9490475225],[-125.7186700084,50.949229126],[-125.7203060812,50.9497678095],[-125.7213187612,50.9505543872],[-125.7217628213,50.9518741429],[-125.7211914517,50.9528349911],[-125.7200593847,50.9530460054],[-125.7184788347,50.9526500255],[-125.7165642987,50.9514334716],[-125.714426928,50.9497173706],[-125.7129678541,50.9480385939],[-125.7119622786,50.9461827683],[-125.7124211607,50.945150397]]]]}},
{"type":"Feature","properties":{"CAPTURE_YEAR":2017,"PEST_SEVERITY_CODE":"T","PEST_CAPTURE_METHOD_CODE":"OS","TREE_SPECIES_CODE":null,"AREA_HA":35.61},"geometry":{"type":"MultiPolygon","coordinates":[[[[-125.4705533427,50.886156946],[-125.4721908263,50.8861290213],[-125.4745007165,50.886531946],[-125.4760759217,50.8870026639],[-125.4783248458,50.8877972894],[-125.4809109247,50.8887359999],[-125.4826486216,50.8898133079],[-125.4833166245,50.8906361603],[-125.483140649,50.891205627],[-125.4816661538,50.8917690985],[-125.480139291,50.891975889],[-125.4781063799,50.8920020909],[-125.4769228397,50.8918183626],[-125.4752349526,50.8913114793],[-125.4741125166,50.8907359429],[-125.4731619946,50.8899473437],[-125.4724352208,50.8893380029],[-125.4710348148,50.8884047055],[-125.4700266868,50.8877227307],[-125.4695839474,50.8869721414],[-125.469759219,50.8864739789],[-125.4705533427,50.886156946]]]]}},
{"type":"Feature","properties":{"CAPTURE_YEAR":2017,"PEST_SEVERITY_CODE":"T","PEST_CAPTURE_METHOD_CODE":"OS","TREE_SPECIES_CODE":null,"AREA_HA":59.64},"geometry":{"type":"MultiPolygon","coordinates":[[[[-125.463501259,50.8857669938],[-125.4642359705,50.8856992261],[-125.4654740312,50.886025921],[-125.4668742466,50.8869592904],[-125.4677668645,50.887854597],[-125.4695598363,50.8890036624],[-125.4707390509,50.8895438692],[-125.4721971949,50.8903705157],[-125.4731472887,50.8911947654],[-125.4738678083,50.8923387036],[-125.4738021134,50.8931225307],[-125.4731764393,50.8935116562],[-125.4719300984,50.8938622216],[-125.4696109832,50.8942076955],[-125.4677456457,50.8943770716],[-125.4666707604,50.8945501785],[-125.4643494327,50.8950737468],[-125.4623706787,50.8952781363],[-125.4615280432,50.8949176665],[-125.4610302005,50.89405986],[-125.4609840539,50.8932042224],[-125.4614477579,50.8922084641],[-125.4619088663,50.8914265405],[-125.4620833972,50.8909996688],[-125.4620924061,50.8902512184],[-125.4621544276,50.8897881616],[-125.4622241816,50.8886835809],[-125.4624068302,50.8875795312],[-125.4629286121,50.8864414689],[-125.463501259,50.8857669938]]]]}},
{"type":"Feature","properties":{"CAPTURE_YEAR":2017,"PEST_SEVERITY_CODE":"T","PEST_CAPTURE_METHOD_CODE":"OS","TREE_SPECIES_CODE":"BA","AREA_HA":4.06},"geometry":{"type":"MultiPolygon","coordinates":[[[[-127.0473189966,51.0487886682],[-127.0483407044,51.0472585595],[-127.0496259091,51.0472940934],[-127.0508546259,51.0481379742],[-127.0500472723,51.0491434028],[-127.048242213,51.0494928626],[-127.0473189966,51.0487886682]]]]}},
{"type":"Feature","properties":{"CAPTURE_YEAR":2017,"PEST_SEVERITY_CODE":"T","PEST_CAPTURE_METHOD_CODE":"OS","TREE_SPECIES_CODE":"BA","AREA_HA":40.71},"geometry":{"type":"MultiPolygon","coordinates":[[[[-127.3583696155,51.7105375197],[-127.3608658599,51.7094155478],[-127.3632544075,51.7097670172],[-127.3651373512,51.7111217643],[-127.365197981,51.7130681479],[-127.363508295,51.7154628268],[-127.3612477306,51.7167719952],[-127.3594987711,51.7172677075],[-127.3573413612,51.7169609068],[-127.3558520972,51.7159337946],[-127.3555853433,51.7147497043],[-127.3563065681,51.713268955],[-127.3583696155,51.7105375197]]]]}},
{"type":"Feature","properties":{"CAPTURE_YEAR":2016,"PEST_SEVERITY_CODE":"T","PEST_CAPTURE_METHOD_CODE":"OS","TREE_SPECIES_CODE":"BA","AREA_HA":25.56},"geometry":{"type":"MultiPolygon","coordinates":[[[[-125.4681751556,50.8865407929],[-125.4685275679,50.8865424639],[-125.4730973859,50.8875494318],[-125.4763147262,50.8879777463],[-125.4790230923,50.8888804028],[-125.481280999,50.8895584022],[-125.4825301506,50.8903906461],[-125.4829799986,50.890678803],[-125.4828248941,50.8910277444],[-125.4818164188,50.8911502382],[-125.4804054849,50.8912390761],[-125.4784406907,50.8913253125],[-125.4765758608,50.8914755649],[-125.4759227786,50.8913453652],[-125.4740691618,50.8905420066],[-125.4716147886,50.8894496956],[-125.469762822,50.8885191212],[-125.4691662125,50.8878805571],[-125.4685234102,50.8868921029],[-125.4681751556,50.8865407929]]]]}},
{"type":"Feature","properties":{"CAPTURE_YEAR":2018,"PEST_SEVERITY_CODE":"L","PEST_CAPTURE_METHOD_CODE":"OS","TREE_SPECIES_CODE":"BA","AREA_HA":34.61},"geometry":{"type":"MultiPolygon","coordinates":[[[[-126.4432438145,49.9985909204],[-126.4422841748,49.9980989639],[-126.4416741481,49.998101419],[-126.4406932783,49.9981566511],[-126.4399529504,49.9983989865],[-126.4394514846,49.9986574525],[-126.4381290954,49.9990559777],[-126.4373865949,49.9990760376],[-126.4371198855,49.9989232247],[-126.4365051046,49.998429836],[-126.4363927961,49.997780582],[-126.436518534,49.9970619804],[-126.4378303952,49.9955692692],[-126.4387815499,49.9951893296],[-126.4393905502,49.9950843107],[-126.4402660787,49.9951149956],[-126.4411429305,49.9952824525],[-126.4419155216,49.9956383982],[-126.4427156597,49.9960968109],[-126.4437793579,49.9963831771],[-126.4443373081,49.9964835046],[-126.4450268777,49.9964807123],[-126.4460597419,49.9963226463],[-126.4471442828,49.9960275759],[-126.448413972,49.9956804469],[-126.4491293819,49.9956091311],[-126.4498983325,49.9955888832],[-126.4503507176,49.9957409045],[-126.4507250619,49.996047129],[-126.4509978828,49.9968153954],[-126.4508237116,49.997978748],[-126.4502194221,49.998562545],[-126.449110669,49.9990971107],[-126.4478670822,49.9994099389],[-126.4463303736,49.99958717],[-126.4448432091,49.9994051376],[-126.4432438145,49.9985909204]]]]}},
{"type":"Feature","properties":{"CAPTURE_YEAR":2016,"PEST_SEVERITY_CODE":"T","PEST_CAPTURE_METHOD_CODE":"OS","TREE_SPECIES_CODE":"BA","AREA_HA":58.69},"geometry":{"type":"MultiPolygon","coordinates":[[[[-125.460779591,50.8944204982],[-125.4604889769,50.8934654895],[-125.4600980547,50.8924782042],[-125.4603674795,50.8910172891],[-125.4610819713,50.8902260434],[-125.4613417584,50.8895597591],[-125.4613017613,50.8887013089],[-125.4613670427,50.8874619129],[-125.4616337015,50.8862234822],[-125.4617408995,50.8856836119],[-125.4638034978,50.8858206451],[-125.4645552357,50.8861103215],[-125.4650003589,50.8867799811],[-125.4660008063,50.8873251433],[-125.4690019461,50.8889923374],[-125.472103635,50.8906917034],[-125.4731989636,50.8917458338],[-125.4734950809,50.8922558222],[-125.4734402416,50.8926370038],[-125.4731832258,50.8930808193],[-125.4693435919,50.8941434757],[-125.4681347126,50.8941695407],[-125.4668762433,50.8941317734],[-125.4651638351,50.8941554116],[-125.4632984465,50.8943372236],[-125.4620849813,50.8947446402],[-125.4609752577,50.8948982439],[-125.460779591,50.8944204982]]]]}},
{"type":"Feature","properties":{"CAPTURE_YEAR":2020,"PEST_SEVERITY_CODE":"T","PEST_CAPTURE_METHOD_CODE":"OS","TREE_SPECIES_CODE":"BA","AREA_HA":460.16},"geometry":{"type":"MultiPolygon","coordinates":[[[[-125.9369800631,50.1497185222],[-125.9361480814,50.1489451089],[-125.934574282,50.1491225554],[-125.9332782426,50.1492406914],[-125.9314274519,50.1489422728],[-125.9295774207,50.1481681718],[-125.928745781,50.1472757878],[-125.9285618792,50.1465027327],[-125.928655555,50.1457893124],[-125.9294902079,50.1447196278],[-125.9298620697,50.1436496409],[-125.9300486342,50.1426984487],[-125.9300506461,50.1413903945],[-125.9301443793,50.1406175119],[-125.9305162831,50.1394880607],[-125.9318124974,50.1390726696],[-125.9335713892,50.1386575428],[-125.9360709003,50.1380049906],[-125.9373669398,50.1376489915],[-125.9392173099,50.1379473139],[-125.9412523997,50.1385429913],[-125.9443059358,50.1387824064],[-125.9462499226,50.1382482559],[-125.9473618436,50.1370001882],[-125.9482889034,50.1355141905],[-125.9491227079,50.1346227147],[-125.950326277,50.1340286883],[-125.9517146838,50.1336131017],[-125.9526408528,50.1327810953],[-125.9530126867,50.1311164359],[-125.9519972939,50.1288565961],[-125.9514436936,50.127429359],[-125.9513521296,50.1265374451],[-125.951722887,50.1258835671],[-125.9527402997,50.1261218415],[-125.9544973105,50.1268955388],[-125.9561608902,50.1286799575],[-125.958286346,50.1314158484],[-125.9591176873,50.1329620625],[-125.9595795395,50.1338540988],[-125.9597636017,50.1349838605],[-125.9593002981,50.1356971812],[-125.9575415893,50.1362910918],[-125.9570780692,50.1371827741],[-125.9575398687,50.1381342704],[-125.9583720707,50.1388480759],[-125.9594813948,50.140156548],[-125.9608692925,50.1404543355],[-125.9623491611,50.1414656215],[-125.9634587126,50.1427145929],[-125.9643839661,50.1430121808],[-125.9662343798,50.1437857026],[-125.9669738807,50.1450345199],[-125.9673422573,50.1475912674],[-125.9666010904,50.1485423496],[-125.9654901824,50.1487798334],[-125.9645645712,50.1487795397],[-125.9633616614,50.148303494],[-125.9622514332,50.1477085544],[-125.9618814965,50.1473516874],[-125.9610488306,50.1469351997],[-125.9607711585,50.1469351012],[-125.959845375,50.1471725944],[-125.9591041637,50.1480047144],[-125.9585485911,50.1482423332],[-125.9582708019,50.1483611405],[-125.9573451993,50.1483607862],[-125.9564193689,50.1485982502],[-125.9566038662,50.1492523446],[-125.9570648801,50.1511551295],[-125.9574333071,50.1531173281],[-125.9564130999,50.1551384362],[-125.9556699003,50.1578136546],[-125.9550197261,50.1599537968],[-125.9535377174,50.1606071932],[-125.9515013507,50.160130672],[-125.9486326523,50.1588808031],[-125.9461354143,50.1567986591],[-125.9455830098,50.1542417804],[-125.9459567615,50.1513286114],[-125.9468851331,50.1490102632],[-125.9476266528,50.1481187708],[-125.9490163143,50.1469897466],[-125.9497572338,50.1465738901],[-125.9501291556,50.1450281841],[-125.9500377125,50.144017377],[-125.9512413257,50.1436017177],[-125.9530919078,50.1440187194],[-125.9547567672,50.1450896381],[-125.9554038844,50.14586284],[-125.9564220468,50.1458037906],[-125.9570706057,50.1450905637],[-125.9577193101,50.1441989627],[-125.9580907227,50.142891053],[-125.957906615,50.1418207564],[-125.9569821578,50.1407501723],[-125.9555023736,50.1397982696],[-125.9533745605,50.1391433609],[-125.951061343,50.1388450713],[-125.9491177198,50.1390820201],[-125.9485622026,50.1393195912],[-125.9484688524,50.1400330336],[-125.9485601853,50.1411033053],[-125.948189192,50.1418166158],[-125.9473547555,50.1431242739],[-125.9449461645,50.1450257167],[-125.9434630917,50.1468086675],[-125.9428143711,50.1474623561],[-125.9417020694,50.1487103607],[-125.9411456264,50.149542456],[-125.9417919666,50.1507913833],[-125.9424385682,50.151861936],[-125.943362389,50.1533488205],[-125.9437320084,50.1538841143],[-125.9441936982,50.1548356466],[-125.9438208332,50.1569164146],[-125.9433543892,50.1597700528],[-125.942147325,50.1625043803],[-125.941591256,50.1629202752],[-125.9394610567,50.1633947694],[-125.93779434,50.1634532969],[-125.935479736,50.1633330558],[-125.9348326238,50.16261921],[-125.9345566549,50.1613704817],[-125.9346516347,50.1597057816],[-125.9350245159,50.1579223302],[-125.935305047,50.1559604513],[-125.9357711173,50.1537013943],[-125.9369782502,50.1510265614],[-125.9369800631,50.1497185222]]]]}},
{"type":"Feature","properties":{"CAPTURE_YEAR":2020,"PEST_SEVERITY_CODE":"T","PEST_CAPTURE_METHOD_CODE":"OS","TREE_SPECIES_CODE":"BA","AREA_HA":377.69},"geometry":{"type":"MultiPolygon","coordinates":[[[[-125.8429007022,50.1380362621],[-125.8440123927,50.1376810966],[-125.8458617487,50.1380999018],[-125.8466933974,50.138457807],[-125.8463186187,50.1398248043],[-125.845108072,50.1420230264],[-125.8430650606,50.1440416764],[-125.8383392436,50.1456401822],[-125.8330557821,50.1477727501],[-125.8260056207,50.1518643491],[-125.8200676825,50.1553032805],[-125.8175593558,50.1574990318],[-125.8168084258,50.1600543906],[-125.8178146956,50.1630882978],[-125.8185452101,50.165646088],[-125.8191787125,50.1693333525],[-125.8201898139,50.1712375661],[-125.8205522588,50.1732596206],[-125.8198988006,50.1745665597],[-125.818040822,50.1759904202],[-125.8148867857,50.1772337156],[-125.8112729288,50.1776437717],[-125.8093311605,50.176867523],[-125.8084135043,50.1748444763],[-125.8082403184,50.171990346],[-125.8077002669,50.168303193],[-125.8068792402,50.1653884488],[-125.805225277,50.162412763],[-125.8037649064,50.1575347936],[-125.8037772238,50.1546809212],[-125.8037900527,50.151708126],[-125.8043477556,50.1511740086],[-125.8070351861,50.1504652686],[-125.8138893171,50.1494068368],[-125.8190765769,50.1484641682],[-125.8220385016,50.1484689909],[-125.8242604048,50.148353643],[-125.8259294418,50.147583354],[-125.8291741222,50.1462209251],[-125.830937099,50.1450345062],[-125.8334399549,50.1439680914],[-125.8369649945,50.1417139938],[-125.8402110144,50.139756659],[-125.8416952115,50.1387480255],[-125.8429007022,50.1380362621]]]]}},
{"type":"Feature","properties":{"CAPTURE_YEAR":2020,"PEST_SEVERITY_CODE":"T","PEST_CAPTURE_METHOD_CODE":"OS","TREE_SPECIES_CODE":"BA","AREA_HA":211.59},"geometry":{"type":"MultiPolygon","coordinates":[[[[-125.8415939914,50.2209238499],[-125.839034486,50.2201250751],[-125.8371334398,50.2201222867],[-125.8344058533,50.2201182288],[-125.8324221532,50.2201152353],[-125.8307690712,50.2201127135],[-125.8290351315,50.2196329979],[-125.8282930565,50.2191548019],[-125.8282956626,50.2184657417],[-125.8287117168,50.217724318],[-125.8300376859,50.2167722767],[-125.831445064,50.2161383737],[-125.8328525979,50.2154514473],[-125.8335983514,50.214922522],[-125.8340971253,50.2141281949],[-125.8340185509,50.2130149658],[-125.8338577287,50.2117956],[-125.8336967225,50.2106292375],[-125.8343609109,50.2097821473],[-125.835189958,50.2090413102],[-125.8364332856,50.2079830476],[-125.8378421962,50.2068190011],[-125.8396637982,50.2057615465],[-125.8409073031,50.2045972173],[-125.8425611086,50.2042285482],[-125.8447930777,50.2039136741],[-125.8461154314,50.2038095147],[-125.8469404262,50.2041817032],[-125.847352127,50.2046063206],[-125.8470187665,50.2054539533],[-125.8466861079,50.2060895611],[-125.8459377746,50.2074666681],[-125.8446925072,50.2091611033],[-125.8436970654,50.2102728142],[-125.8431975866,50.2113322156],[-125.8431131167,50.211862149],[-125.8430271789,50.2128161234],[-125.8436861173,50.213453123],[-125.8448425614,50.2136137702],[-125.8477343323,50.2138298184],[-125.8500493799,50.2135149559],[-125.8532741375,50.2129892377],[-125.854844999,50.2127792936],[-125.8559184889,50.2130457268],[-125.8569893202,50.2141602296],[-125.8565735917,50.2149547675],[-125.8555801684,50.2154835239],[-125.8542559651,50.21606484],[-125.8531806995,50.2163284396],[-125.8526004467,50.2168577171],[-125.8525162485,50.2173346499],[-125.8529286358,50.2176002252],[-125.8540027398,50.2177076614],[-125.8564012618,50.2171807576],[-125.8575585124,50.2171292518],[-125.8587136146,50.2177667959],[-125.8582152329,50.2185612313],[-125.8575523591,50.2190904271],[-125.8563112314,50.2195128573],[-125.8544915041,50.2199345122],[-125.8520092968,50.2207262848],[-125.8492788557,50.2215706663],[-125.8463014151,50.2220966084],[-125.8437397538,50.2218809935],[-125.8415939914,50.2209238499]]]]}},
{"type":"Feature","properties":{"CAPTURE_YEAR":2020,"PEST_SEVERITY_CODE":"T","PEST_CAPTURE_METHOD_CODE":"OS","TREE_SPECIES_CODE":"BA","AREA_HA":113.37},"geometry":{"type":"MultiPolygon","coordinates":[[[[-125.8597467995,50.2311252492],[-125.8602436616,50.2308608597],[-125.8612359087,50.2308091069],[-125.8625580465,50.2310227767],[-125.8638808313,50.2310244152],[-125.86487292,50.2310256338],[-125.8653692795,50.2309202316],[-125.8664457558,50.2303384945],[-125.8667780028,50.2298088545],[-125.8671119492,50.2286961697],[-125.8674486653,50.2266294078],[-125.8677868961,50.224032596],[-125.8686987767,50.223132607],[-125.8704365973,50.2224455995],[-125.8741557885,50.2226089162],[-125.8777071173,50.223726003],[-125.8790265838,50.2248935555],[-125.8795167924,50.2270672712],[-125.879755948,50.2304067958],[-125.879090187,50.2320491932],[-125.8756966971,50.233423527],[-125.8708171581,50.2339479643],[-125.8668485463,50.2339432503],[-125.8641213949,50.2335158975],[-125.8623865907,50.2330367141],[-125.8606523114,50.2323984922],[-125.8599101854,50.2317615056],[-125.8597467995,50.2311252492]]]]}},
{"type":"Feature","properties":{"CAPTURE_YEAR":2020,"PEST_SEVERITY_CODE":"T","PEST_CAPTURE_METHOD_CODE":"OS","TREE_SPECIES_CODE":"BA","AREA_HA":77.36},"geometry":{"type":"MultiPolygon","coordinates":[[[[-125.8512367396,50.2294709842],[-125.8528918814,50.2289431606],[-125.8547931284,50.2289986808],[-125.856279517,50.2295306676],[-125.8568548725,50.230591498],[-125.8566883551,50.2309623102],[-125.8566033364,50.2317042565],[-125.8567645056,50.2330295646],[-125.8570922121,50.2339840593],[-125.8573382506,50.2346204232],[-125.8584107835,50.2353638567],[-125.8596495385,50.2358424718],[-125.8626237148,50.2366412675],[-125.8650187217,50.2375982862],[-125.8666708851,50.2381303292],[-125.867495589,50.2388733705],[-125.8666677703,50.2391903955],[-125.8656750324,50.2393482027],[-125.8634424225,50.2393454647],[-125.8609615833,50.239395373],[-125.8585629327,50.239604341],[-125.8558334984,50.2398128256],[-125.8534361717,50.2395976564],[-125.8517854936,50.2386413902],[-125.8501383874,50.2366250303],[-125.8498136147,50.2348224619],[-125.8495720714,50.2328609893],[-125.8495754094,50.2318539179],[-125.8498274708,50.2306351675],[-125.8508225122,50.2297354463],[-125.8512367396,50.2294709842]]]]}},
{"type":"Feature","properties":{"CAPTURE_YEAR":2020,"PEST_SEVERITY_CODE":"T","PEST_CAPTURE_METHOD_CODE":"OS","TREE_SPECIES_CODE":"BA","AREA_HA":112.6},"geometry":{"type":"MultiPolygon","coordinates":[[[[-125.9097496118,50.238809977],[-125.9109935751,50.2369558632],[-125.9126503362,50.2353670771],[-125.9159613497,50.233355503],[-125.9176991343,50.2325087505],[-125.9198491077,50.2322983165],[-125.9222465442,50.232406038],[-125.9235693724,50.2324069615],[-125.9256368976,50.2320373463],[-125.927125577,50.231720315],[-125.9281176822,50.2317209653],[-125.9294399137,50.232092846],[-125.9302656982,50.232729417],[-125.9310909411,50.233737008],[-125.9310900558,50.2343200485],[-125.9305108892,50.2345847044],[-125.9289394579,50.234901727],[-125.9277814139,50.2352189974],[-125.9262097706,50.2356419876],[-125.9251333229,50.2365953285],[-125.9223204213,50.2375474501],[-125.920169185,50.238340969],[-125.9182673719,50.2383395779],[-125.9171104243,50.2379676906],[-125.9163664395,50.2378611231],[-125.9156214713,50.2382845843],[-125.9154547134,50.2390265055],[-125.9152884447,50.2395034089],[-125.9155353306,50.2401396384],[-125.9161133816,50.2405641056],[-125.9164424885,50.2414654121],[-125.9164399507,50.2428434939],[-125.9169325351,50.2448049801],[-125.9168472128,50.2462359969],[-125.9168447841,50.2475610682],[-125.9162649741,50.2480376549],[-125.9148584889,50.248301594],[-125.9135349954,50.248406572],[-125.9123787512,50.2475576159],[-125.9116357544,50.2468679857],[-125.9113901302,50.2455957186],[-125.9104007574,50.2440578315],[-125.9096614361,50.2415660798],[-125.9097496118,50.238809977]]]]}},
{"type":"Feature","properties":{"CAPTURE_YEAR":2020,"PEST_SEVERITY_CODE":"L","PEST_CAPTURE_METHOD_CODE":"OS","TREE_SPECIES_CODE":"BA","AREA_HA":9.45},"geometry":{"type":"MultiPolygon","coordinates":[[[[-125.9541469677,50.2450917132],[-125.9553047659,50.2450921878],[-125.955634995,50.2456753541],[-125.9556343213,50.2463643919],[-125.9551371643,50.2473182431],[-125.9541435927,50.2484308938],[-125.9533157694,50.2491725857],[-125.9529021241,50.2492784151],[-125.9520751049,50.2492250564],[-125.9515790864,50.2490128293],[-125.9510834168,50.2484825841],[-125.9520777364,50.2467339261],[-125.9528232194,50.2456211858],[-125.9541469677,50.2450917132]]]]}},
{"type":"Feature","properties":{"CAPTURE_YEAR":2020,"PEST_SEVERITY_CODE":"T","PEST_CAPTURE_METHOD_CODE":"OS","TREE_SPECIES_CODE":"BA","AREA_HA":282.79},"geometry":{"type":"MultiPolygon","coordinates":[[[[-126.4702340043,50.3517576295],[-126.4698967502,50.3498321697],[-126.4696456709,50.3485655412],[-126.4691608956,50.3477055636],[-126.4682848671,50.3473543169],[-126.4666972105,50.3472088977],[-126.4650328625,50.347317316],[-126.4636095383,50.3477289477],[-126.4596478844,50.3481004202],[-126.4577450568,50.3481590108],[-126.4558452884,50.3485218031],[-126.4541061397,50.3490867338],[-126.4518910952,50.3496535808],[-126.4499109001,50.3499151827],[-126.4476892422,50.3498227729],[-126.4462581822,50.3494735963],[-126.4453009944,50.3489196656],[-126.4451319066,50.347855484],[-126.4452785462,50.3466379078],[-126.4454251766,50.3454203305],[-126.4446207092,50.3442572816],[-126.4437399672,50.3433987797],[-126.4430926807,50.3420829625],[-126.4434024123,50.3413211012],[-126.4437954026,50.3409645691],[-126.4448242239,50.3407576071],[-126.4462544989,50.3410561002],[-126.448078752,50.3410994393],[-126.4495055348,50.3410429471],[-126.4508550395,50.3411895831],[-126.4523666887,50.3416904986],[-126.4534747813,50.3414831323],[-126.454107101,50.3412777076],[-126.4546570661,50.3407683676],[-126.4550479241,50.3402089715],[-126.4553569316,50.3393963681],[-126.4562946198,50.3380233807],[-126.4570030946,50.3375133741],[-126.4596128827,50.3368433585],[-126.4637326429,50.336521924],[-126.4650799754,50.3364655628],[-126.4665911016,50.33691558],[-126.4670778037,50.3379784057],[-126.4679646484,50.3393944961],[-126.4686047461,50.3399495805],[-126.4702735539,50.3402974614],[-126.4705917765,50.3403975262],[-126.4714671587,50.3406980509],[-126.4717092643,50.341102686],[-126.4721908439,50.3416584241],[-126.4723578977,50.3424690432],[-126.472216762,50.344143014],[-126.4722299866,50.3454106588],[-126.4723188111,50.3463230232],[-126.4730426029,50.347283384],[-126.4736860584,50.3481426667],[-126.475767196,50.3499592243],[-126.4767982136,50.3499547894],[-126.4779047903,50.3495950642],[-126.4791662077,50.3488797037],[-126.4789132634,50.3474609776],[-126.4789046794,50.3466496877],[-126.4800888487,50.3461374797],[-126.4818351163,50.346282017],[-126.485732363,50.347329856],[-126.4872506075,50.3483880512],[-126.4889308247,50.3497497559],[-126.4897359796,50.3508617694],[-126.4898229739,50.3515712924],[-126.488953284,50.3518286744],[-126.4872937344,50.3523937746],[-126.4852364843,50.3528591771],[-126.4806443497,50.3536398185],[-126.4783474191,50.3539540092],[-126.4762841373,50.3538614883],[-126.4740563894,50.3532118504],[-126.4721459596,50.3525608149],[-126.4702340043,50.3517576295]]]]}},
{"type":"Feature","properties":{"CAPTURE_YEAR":2020,"PEST_SEVERITY_CODE":"T","PEST_CAPTURE_METHOD_CODE":"OS","TREE_SPECIES_CODE":"BA","AREA_HA":241.41},"geometry":{"type":"MultiPolygon","coordinates":[[[[-125.7141933987,49.6603960532],[-125.7169204915,49.6601175876],[-125.7178843864,49.6606341387],[-125.7182293964,49.6617202502],[-125.7188336387,49.6635495431],[-125.718817924,49.6661197431],[-125.7184169109,49.6741720667],[-125.717409899,49.6806235046],[-125.7158786974,49.686445249],[-125.7142683639,49.6907817459],[-125.7123111701,49.6942605669],[-125.7102642528,49.6979675547],[-125.7090118354,49.7012196991],[-125.7083919035,49.7018462916],[-125.7079515735,49.7019022268],[-125.707248718,49.7017290024],[-125.7069902024,49.7008716051],[-125.7066542793,49.6983577001],[-125.7074672482,49.6950472775],[-125.7084603936,49.6910519432],[-125.7090088418,49.6877978825],[-125.7104566009,49.6814048709],[-125.7109175618,49.6780362929],[-125.7107495724,49.676779307],[-125.7097865008,49.6760913612],[-125.7068901754,49.6751697617],[-125.706368358,49.6742545062],[-125.7061118374,49.673111499],[-125.7060304724,49.6720831943],[-125.706389148,49.6709989585],[-125.707010511,49.6700867742],[-125.7078109769,49.6686610194],[-125.7088834903,49.665922308],[-125.7095119509,49.6638677924],[-125.710751821,49.6624431753],[-125.712606664,49.6610772809],[-125.7141933987,49.6603960532]]]]}},
{"type":"Feature","properties":{"CAPTURE_YEAR":2020,"PEST_SEVERITY_CODE":"T","PEST_CAPTURE_METHOD_CODE":"OS","TREE_SPECIES_CODE":"BA","AREA_HA":97.22},"geometry":{"type":"MultiPolygon","coordinates":[[[[-125.7497811682,49.712172314],[-125.7521575262,49.7121777385],[-125.753300166,49.7124658912],[-125.7535611431,49.7130376055],[-125.7535565471,49.7138942814],[-125.7519633057,49.7155469273],[-125.7481646791,49.7180511607],[-125.7418963253,49.7213490051],[-125.7375733526,49.7229949353],[-125.7328095518,49.7246967242],[-125.7281337777,49.7263414099],[-125.7256635305,49.7271918986],[-125.7243422156,49.7273027925],[-125.7237276384,49.7270156811],[-125.7236420028,49.7266156842],[-125.7242644614,49.7255892523],[-125.7250639914,49.7243919263],[-125.7274504705,49.7227987865],[-125.7293939377,49.7216613874],[-125.7353029038,49.7197911893],[-125.7413912956,49.7172357471],[-125.7443065444,49.7153579152],[-125.7463376131,49.7141632971],[-125.7483704532,49.7126259693],[-125.7497811682,49.712172314]]]]}},
{"type":"Feature","properties":{"CAPTURE_YEAR":2020,"PEST_SEVERITY_CODE":"T","PEST_CAPTURE_METHOD_CODE":"OS","TREE_SPECIES_CODE":"BA","AREA_HA":119.6},"geometry":{"type":"MultiPolygon","coordinates":[[[[-125.7084592407,49.7051019327],[-125.7094290411,49.7048189549],[-125.7103075916,49.7050497442],[-125.7108327116,49.7055080432],[-125.7111825594,49.7058516493],[-125.7126621452,49.7084827571],[-125.7145766337,49.7119716637],[-125.7164072724,49.714832064],[-125.717175524,49.7187176919],[-125.7178572762,49.7223746215],[-125.7179249638,49.725687273],[-125.7174671997,49.7285416596],[-125.7159559595,49.7308792975],[-125.7146252866,49.7324749355],[-125.7135640315,49.7332145986],[-125.7123312831,49.7332113565],[-125.7111017691,49.7326941105],[-125.7105777741,49.7320073896],[-125.7110259376,49.7307521327],[-125.7115639164,49.7292115534],[-125.7117489703,49.7277842593],[-125.7118463309,49.7262996191],[-125.7122117349,49.7241874542],[-125.7122235449,49.7223027978],[-125.711453498,49.7187598219],[-125.7109436756,49.7158457481],[-125.7085997405,49.7106993825],[-125.7075548891,49.7089260882],[-125.707560706,49.7080122965],[-125.7073930626,49.7066982468],[-125.707662521,49.7058422722],[-125.7084592407,49.7051019327]]]]}},
{"type":"Feature","properties":{"CAPTURE_YEAR":2020,"PEST_SEVERITY_CODE":"T","PEST_CAPTURE_METHOD_CODE":"OS","TREE_SPECIES_CODE":"BA","AREA_HA":155.8},"geometry":{"type":"MultiPolygon","coordinates":[[[[-125.6969134914,49.7477898989],[-125.6984116241,49.7476798279],[-125.6997324673,49.747740578],[-125.7000818062,49.7481984166],[-125.6999011616,49.7488832378],[-125.6991923771,49.7495094939],[-125.6968889771,49.7515019609],[-125.6961785988,49.7523566292],[-125.6917537663,49.7553710237],[-125.6884694104,49.7590166864],[-125.6822733496,49.7631677808],[-125.6757325722,49.7660610942],[-125.6691135587,49.7674689544],[-125.6602906753,49.7689266895],[-125.6537653641,49.7694772847],[-125.6501466728,49.7702081627],[-125.6470588148,49.7706550956],[-125.6459131918,49.7706513883],[-125.6452103995,49.7703635667],[-125.6454818345,49.7694507159],[-125.6460136551,49.7690526823],[-125.6467221479,49.7685981092],[-125.6483113897,49.7682034787],[-125.6498111771,49.767979864],[-125.6533394221,49.7675342507],[-125.6548391631,49.7673105658],[-125.6600470465,49.76612762],[-125.6634025897,49.7651671669],[-125.6672854251,49.7643795429],[-125.6729364642,49.76274046],[-125.6769963544,49.7617816933],[-125.6809755128,49.7597374697],[-125.6846066251,49.757006783],[-125.6877999456,49.7538178406],[-125.6899288362,49.7516537467],[-125.6915247963,49.7501163081],[-125.6947942238,49.7485835329],[-125.6969134914,49.7477898989]]]]}},
{"type":"Feature","properties":{"CAPTURE_YEAR":2020,"PEST_SEVERITY_CODE":"T","PEST_CAPTURE_METHOD_CODE":"OS","TREE_SPECIES_CODE":"BA","AREA_HA":138.4},"geometry":{"type":"MultiPolygon","coordinates":[[[[-125.6789464167,49.7915976016],[-125.6804893118,49.791602123],[-125.6818093146,49.7919628889],[-125.6823559024,49.7926069246],[-125.6813466577,49.7951023838],[-125.6790362938,49.7976511176],[-125.675216769,49.8015801344],[-125.6726394355,49.804370617],[-125.6673198623,49.8082377179],[-125.6638596475,49.8110252806],[-125.6612034372,49.8123875995],[-125.6589944824,49.8128946762],[-125.6560781072,49.8136279049],[-125.6535170644,49.8140195533],[-125.650250741,49.8143517836],[-125.6490140658,49.8145762397],[-125.6484878766,49.8141748165],[-125.6484931325,49.8134895769],[-125.6492922419,49.8128068847],[-125.6509768529,49.8116701779],[-125.6529242565,49.8107626975],[-125.6561093874,49.8094593459],[-125.6581469226,49.8082665278],[-125.6595669865,49.8070717492],[-125.6623115503,49.8056526285],[-125.6639023612,49.8052006876],[-125.6654066176,49.8045200373],[-125.6679761278,49.8028718119],[-125.6688637724,49.802075026],[-125.6698436826,49.8007074542],[-125.6710929923,49.7986554124],[-125.6730516621,49.7960344139],[-125.6754006005,49.7942996777],[-125.6776174118,49.792521668],[-125.6789464167,49.7915976016]]]]}},
{"type":"Feature","properties":{"CAPTURE_YEAR":2020,"PEST_SEVERITY_CODE":"T","PEST_CAPTURE_METHOD_CODE":"OS","TREE_SPECIES_CODE":"BA","AREA_HA":210.32},"geometry":{"type":"MultiPolygon","coordinates":[[[[-125.8487698857,50.1269627508],[-125.849072973,50.1257617519],[-125.8495263825,50.1243206721],[-125.8492304831,50.1233591319],[-125.8491585809,50.1224940108],[-125.8493101868,50.1218694792],[-125.8497611686,50.1211492423],[-125.8501387969,50.1199963894],[-125.8492492712,50.1176884361],[-125.8485869826,50.1145157494],[-125.8479252681,50.1111988737],[-125.8483115093,50.107450908],[-125.8490710547,50.1037995505],[-125.8502791819,50.1000526653],[-125.8509619899,50.0969297987],[-125.8515743695,50.0924611762],[-125.8523260781,50.0910684829],[-125.8535249431,50.09001279],[-125.8547972399,50.089341651],[-125.855619396,50.0892466153],[-125.8562912112,50.0894397302],[-125.8569618245,50.0900173105],[-125.857034124,50.090786346],[-125.8567320844,50.091795188],[-125.8551541457,50.0945805269],[-125.8544001603,50.0966941078],[-125.8528233073,50.0990468722],[-125.852594762,50.1003921986],[-125.8529657826,50.1012096842],[-125.8537115689,50.1016912588],[-125.854682957,50.1017406037],[-125.8560287779,50.1015501395],[-125.8570006183,50.1014552903],[-125.8590928616,50.101554104],[-125.8618569888,50.1018940139],[-125.8630515821,50.1022799721],[-125.8643210734,50.1026179503],[-125.8643939481,50.1032427948],[-125.8637205999,50.1034822536],[-125.8628979141,50.1036734642],[-125.8618515926,50.1036721562],[-125.8593114186,50.1033805908],[-125.8581169793,50.1029465354],[-125.8560995622,50.102799743],[-125.8551269265,50.1031348744],[-125.8541521208,50.1041428056],[-125.853476385,50.1051030673],[-125.8527982895,50.1067841886],[-125.8524205265,50.1080331854],[-125.8523354918,50.1112048763],[-125.8519537727,50.1136552954],[-125.8522487304,50.1149051827],[-125.8528447553,50.1155307256],[-125.8542642094,50.1158209562],[-125.8562826518,50.1158236089],[-125.8588243969,50.1158268967],[-125.8598704044,50.1160204616],[-125.8615888043,50.1163590359],[-125.8633835756,50.1161690483],[-125.8650279613,50.1162671899],[-125.8656985134,50.1170369253],[-125.8654713935,50.1179977903],[-125.8647210725,50.1189099559],[-125.8635989178,50.1191488562],[-125.8628495528,50.1197246103],[-125.8623974844,50.120877413],[-125.861792207,50.1232314408],[-125.8614887409,50.1246727613],[-125.8610360017,50.1260177774],[-125.8599876875,50.1264970159],[-125.8587912926,50.1264954887],[-125.8583432423,50.1263026862],[-125.8564750957,50.1259158153],[-125.8552036362,50.1260102648],[-125.8532581184,50.1264401996],[-125.8513114659,50.1272064937],[-125.8505613406,50.1279263267],[-125.8498130938,50.1280694783],[-125.8492898126,50.1280207069],[-125.8488425859,50.1275875855],[-125.8487698857,50.1269627508]]]]}},
{"type":"Feature","properties":{"CAPTURE_YEAR":2020,"PEST_SEVERITY_CODE":"T","PEST_CAPTURE_METHOD_CODE":"OS","TREE_SPECIES_CODE":"BA","AREA_HA":79.0},"geometry":{"type":"MultiPolygon","coordinates":[[[[-127.5626599889,50.2035841628],[-127.5641864929,50.2035625317],[-127.5652803623,50.2042818481],[-127.5656923844,50.2051577979],[-127.5657042033,50.2055005502],[-127.5651188937,50.2062436833],[-127.5635345177,50.2068050191],[-127.5618771412,50.2074653413],[-127.5605166318,50.2078764987],[-127.5546675222,50.2087918645],[-127.5506552532,50.209828084],[-127.5470395078,50.2112994867],[-127.5442582815,50.2126121267],[-127.5420976197,50.2142099484],[-127.5406603863,50.2146219232],[-127.5395915652,50.2146368391],[-127.5389559119,50.2139108911],[-127.5387750108,50.2130806227],[-127.5386638184,50.2120534304],[-127.5391683171,50.2111646151],[-127.5422349858,50.2092602564],[-127.5456250617,50.2078901456],[-127.5513778297,50.2063887524],[-127.5568894811,50.2045475352],[-127.5594694607,50.2040702026],[-127.561060525,50.2037047823],[-127.5626599889,50.2035841628]]]]}},
{"type":"Feature","properties":{"CAPTURE_YEAR":2020,"PEST_SEVERITY_CODE":"T","PEST_CAPTURE_METHOD_CODE":"OS","TREE_SPECIES_CODE":"BA","AREA_HA":57.91},"geometry":{"type":"MultiPolygon","coordinates":[[[[-127.1686883031,50.2207036501],[-127.1698322938,50.2206425569],[-127.1711479296,50.2213142513],[-127.1723197513,50.222330278],[-127.1732714201,50.2236914538],[-127.1744496851,50.2249522602],[-127.1760351846,50.2271882014],[-127.176601443,50.2284065247],[-127.1776424383,50.2302564436],[-127.178366601,50.2316689649],[-127.1794026532,50.2333230187],[-127.1802745717,50.23453805],[-127.1813120336,50.2362410395],[-127.181947272,50.2371647424],[-127.1819015017,50.2383406008],[-127.1810638746,50.23844751],[-127.1801396756,50.2381635496],[-127.1788145145,50.2371492566],[-127.1770999127,50.2358452573],[-127.1751398071,50.2339071826],[-127.1731798675,50.2319690692],[-127.172295541,50.2302643723],[-127.1719407667,50.2283581485],[-127.1718252154,50.2268411747],[-127.1711051245,50.2255754841],[-127.1700045539,50.2243627944],[-127.1688188629,50.2228081726],[-127.1682604441,50.221883569],[-127.1682402822,50.2211001888],[-127.1686883031,50.2207036501]]]]}},
{"type":"Feature","properties":{"CAPTURE_YEAR":2020,"PEST_SEVERITY_CODE":"T","PEST_CAPTURE_METHOD_CODE":"OS","TREE_SPECIES_CODE":"BA","AREA_HA":36.65},"geometry":{"type":"MultiPolygon","coordinates":[[[[-127.5987031745,50.2362274303],[-127.6015240462,50.2359477843],[-127.6035545629,50.2364913514],[-127.604615507,50.2370012233],[-127.6047846764,50.2375718032],[-127.604730477,50.2381456281],[-127.604002768,50.2386337327],[-127.6028147966,50.2387464886],[-127.6002104044,50.2388320157],[-127.5984267397,50.2389533562],[-127.5955379164,50.2394249121],[-127.5917095012,50.2407217361],[-127.5897851771,50.2410837265],[-127.5887443597,50.2411464583],[-127.5878474569,50.2410638531],[-127.5872317116,50.2404996736],[-127.5872083346,50.2398314717],[-127.5880768117,50.2391026938],[-127.5895392589,50.2383176056],[-127.5911589401,50.2377689957],[-127.5931491912,50.2371672614],[-127.5958111702,50.2366035373],[-127.5987031745,50.2362274303]]]]}},
{"type":"Feature","properties":{"CAPTURE_YEAR":2020,"PEST_SEVERITY_CODE":"T","PEST_CAPTURE_METHOD_CODE":"OS","TREE_SPECIES_CODE":"BA","AREA_HA":48.06},"geometry":{"type":"MultiPolygon","coordinates":[[[[-127.5240617412,50.2672705745],[-127.5227189964,50.267241337],[-127.5207817897,50.2672680163],[-127.5185609358,50.2677283101],[-127.5175226051,50.2678858248],[-127.5155236219,50.2682952595],[-127.5140413952,50.2685543284],[-127.512108904,50.2687240396],[-127.511642744,50.2681574197],[-127.511843992,50.2674861679],[-127.5134417571,50.2662227952],[-127.5152139608,50.2657210068],[-127.5174459313,50.2655948759],[-127.5213786924,50.2650632927],[-127.5246360168,50.2643976403],[-127.526273479,50.2643272818],[-127.5280695928,50.2645412077],[-127.5298137643,50.2654243283],[-127.5314851088,50.2663561807],[-127.5325685263,50.267534915],[-127.5330623748,50.26891282],[-127.5327982173,50.2699192363],[-127.5324417905,50.2704016807],[-127.5311021698,50.2704679998],[-127.530347373,50.2701919555],[-127.5296622674,50.2697716914],[-127.5288136673,50.2689239338],[-127.5281221606,50.2683127485],[-127.5264652748,50.2678103987],[-127.5254886315,50.2675851355],[-127.5240617412,50.2672705745]]]]}},
{"type":"Feature","properties":{"CAPTURE_YEAR":2020,"PEST_SEVERITY_CODE":"T","PEST_CAPTURE_METHOD_CODE":"OS","TREE_SPECIES_CODE":"BA","AREA_HA":48.85},"geometry":{"type":"MultiPolygon","coordinates":[[[[-127.708690159,50.568994552],[-127.7100551628,50.5689735829],[-127.7109417991,50.5694338169],[-127.7111624391,50.5703386626],[-127.7108986974,50.5715668625],[-127.7104092305,50.5733908566],[-127.7081419611,50.5774534879],[-127.7047204973,50.5822050239],[-127.7019610662,50.5847744731],[-127.7012192391,50.5848647884],[-127.7005260542,50.5845989651],[-127.7001918623,50.5839722659],[-127.7001014698,50.5832233787],[-127.7003819757,50.5824293366],[-127.7005428186,50.5817555858],[-127.7013729186,50.5807162138],[-127.7019075991,50.5800762322],[-127.7026165017,50.5791176771],[-127.7036311862,50.5780359724],[-127.704344503,50.5771957998],[-127.7050899497,50.5755653648],[-127.7064715425,50.5727010287],[-127.7070067486,50.5704419776],[-127.7073565833,50.5698442818],[-127.708690159,50.568994552]]]]}},
{"type":"Feature","properties":{"CAPTURE_YEAR":2020,"PEST_SEVERITY_CODE":"T","PEST_CAPTURE_METHOD_CODE":"OS","TREE_SPECIES_CODE":"BA","AREA_HA":7.15},"geometry":{"type":"MultiPolygon","coordinates":[[[[-127.4791419283,50.2183048049],[-127.4802760296,50.2179466949],[-127.4812733887,50.2180802734],[-127.4828148134,50.2185004547],[-127.484041249,50.2186309304],[-127.4852741017,50.2189572524],[-127.4858945412,50.2192428204],[-127.4867600891,50.2200149493],[-127.4868492751,50.2204056395],[-127.4862416384,50.2205117961],[-127.4850199516,50.2205282396],[-127.4830886644,50.219868397],[-127.4807724719,50.2191157117],[-127.4793805586,50.2185955263],[-127.4791419283,50.2183048049]]]]}},
{"type":"Feature","properties":{"CAPTURE_YEAR":2020,"PEST_SEVERITY_CODE":"T","PEST_CAPTURE_METHOD_CODE":"OS","TREE_SPECIES_CODE":"BA","AREA_HA":13.79},"geometry":{"type":"MultiPolygon","coordinates":[[[[-127.4960221673,50.2252293243],[-127.4964658156,50.2247824334],[-127.4976924615,50.2249127565],[-127.500935311,50.2259464111],[-127.5045828649,50.2276602636],[-127.5056763702,50.228380149],[-127.5066139217,50.2290041785],[-127.5071712724,50.2296823781],[-127.5069502911,50.2299303254],[-127.505484625,50.2295094468],[-127.5037882553,50.2290427047],[-127.501312036,50.2280966842],[-127.4995280698,50.2272881651],[-127.4972843607,50.2264368676],[-127.4961926495,50.2257658625],[-127.4960221673,50.2252293243]]]]}},
{"type":"Feature","properties":{"CAPTURE_YEAR":2020,"PEST_SEVERITY_CODE":"T","PEST_CAPTURE_METHOD_CODE":"OS","TREE_SPECIES_CODE":"BA","AREA_HA":17.76},"geometry":{"type":"MultiPolygon","coordinates":[[[[-127.504927355,50.2265288835],[-127.5052149518,50.2259861118],[-127.5067406104,50.2259163118],[-127.5088056948,50.2259860783],[-127.5103280876,50.2258183004],[-127.5112526063,50.2260505797],[-127.5126483759,50.2266682872],[-127.5135292172,50.2278808746],[-127.5137113487,50.2287601314],[-127.5136627437,50.2295935654],[-127.5124506123,50.2299040955],[-127.5108354179,50.229583308],[-127.5081981474,50.2283947122],[-127.5061069545,50.2275415084],[-127.5050930759,50.2269185146],[-127.504927355,50.2265288835]]]]}},
{"type":"Feature","properties":{"CAPTURE_YEAR":2020,"PEST_SEVERITY_CODE":"T","PEST_CAPTURE_METHOD_CODE":"OS","TREE_SPECIES_CODE":"BA","AREA_HA":82.56},"geometry":{"type":"MultiPolygon","coordinates":[[[[-127.7398134644,50.5614831891],[-127.7407348295,50.5612318402],[-127.7421692534,50.561406834],[-127.7431181039,50.5618658444],[-127.7438869807,50.5624856264],[-127.7447668528,50.5643673213],[-127.7448433232,50.5663405861],[-127.7449833738,50.5683523384],[-127.7450024029,50.5704449617],[-127.7450963991,50.5744713599],[-127.7464055412,50.5778073706],[-127.747685759,50.5803935269],[-127.7485753411,50.5825119373],[-127.7491217505,50.5853860087],[-127.7488804283,50.5871667755],[-127.7480497736,50.5881670293],[-127.7472459118,50.5882586255],[-127.7462949313,50.5877602008],[-127.7457723368,50.5870970968],[-127.7456022718,50.5859151159],[-127.7456820129,50.5847687033],[-127.7456253738,50.5833085206],[-127.7458882382,50.5820802551],[-127.7456193923,50.5799520905],[-127.7449483002,50.57865949],[-127.743427713,50.5762745094],[-127.7400813549,50.5716277139],[-127.7388806344,50.5694745901],[-127.7384926813,50.5674667107],[-127.7386132759,50.5657667935],[-127.7389286668,50.5626817034],[-127.7398134644,50.5614831891]]]]}},
{"type":"Feature","properties":{"CAPTURE_YEAR":2020,"PEST_SEVERITY_CODE":"T","PEST_CAPTURE_METHOD_CODE":"OS","TREE_SPECIES_CODE":"BA","AREA_HA":46.38},"geometry":{"type":"MultiPolygon","coordinates":[[[[-127.6601642243,50.2519654685],[-127.6618406859,50.2511990674],[-127.6627024775,50.2514591685],[-127.6633917611,50.25199493],[-127.6636651649,50.2528100215],[-127.6636894778,50.2534728244],[-127.6634095626,50.2541402086],[-127.6624646117,50.2549346323],[-127.6619384199,50.2555276975],[-127.6609962702,50.2564000839],[-127.6600697835,50.2577013313],[-127.6592549615,50.2587278228],[-127.6568992242,50.2609087049],[-127.6548532415,50.2632409249],[-127.6530559205,50.2640480164],[-127.6519689739,50.26429833],[-127.6512386578,50.2643092472],[-127.6503837817,50.2642440017],[-127.6501870143,50.2638568483],[-127.650523785,50.2630716332],[-127.651048794,50.262439639],[-127.6518086917,50.2615700749],[-127.6526294168,50.2606995943],[-127.653450109,50.2598291057],[-127.6549597375,50.2578170137],[-127.657405757,50.2547765952],[-127.6601642243,50.2519654685]]]]}},
{"type":"Feature","properties":{"CAPTURE_YEAR":2020,"PEST_SEVERITY_CODE":"T","PEST_CAPTURE_METHOD_CODE":"OS","TREE_SPECIES_CODE":"BA","AREA_HA":7.06},"geometry":{"type":"MultiPolygon","coordinates":[[[[-127.7381857833,50.4132436908],[-127.7388841173,50.4131638516],[-127.7398586843,50.4132518947],[-127.7409530359,50.4136480466],[-127.741676581,50.4142222346],[-127.7419281047,50.4151482759],[-127.7419519936,50.4157678958],[-127.7411577157,50.4161592575],[-127.7402383344,50.4161048031],[-127.7393030534,50.4156372611],[-127.7386953105,50.4152679076],[-127.7380257087,50.4146928556],[-127.7377888309,50.4141454628],[-127.7377663239,50.4135602642],[-127.7381857833,50.4132436908]]]]}},
{"type":"Feature","properties":{"CAPTURE_YEAR":2020,"PEST_SEVERITY_CODE":"T","PEST_CAPTURE_METHOD_CODE":"OS","TREE_SPECIES_CODE":"BA","AREA_HA":7.06},"geometry":{"type":"MultiPolygon","coordinates":[[[[-127.7925470856,50.4302892267],[-127.7945429047,50.4302569522],[-127.7962205523,50.4303675718],[-127.7967709187,50.4306342107],[-127.7970044889,50.431078201],[-127.7967000077,50.4315653521],[-127.7956238929,50.4316516672],[-127.7940151821,50.4319188082],[-127.7922944689,50.4320844032],[-127.7912115073,50.4319985654],[-127.7909295065,50.4316931226],[-127.7908038775,50.4312473779],[-127.790730828,50.4307663399],[-127.7925470856,50.4302892267]]]]}},
{"type":"Feature","properties":{"CAPTURE_YEAR":2020,"PEST_SEVERITY_CODE":"T","PEST_CAPTURE_METHOD_CODE":"OS","TREE_SPECIES_CODE":"BA","AREA_HA":11.63},"geometry":{"type":"MultiPolygon","coordinates":[[[[-127.8442220551,50.4378095162],[-127.8454299592,50.4377894278],[-127.8472915888,50.4382725765],[-127.849042727,50.4388677079],[-127.85015366,50.4392898715],[-127.8512116057,50.4398230803],[-127.8516928472,50.4403291827],[-127.8517139167,50.4408429649],[-127.8514368362,50.4411046568],[-127.8496475999,50.4409876075],[-127.8476467597,50.4399192353],[-127.8454474293,50.4396253302],[-127.8435342343,50.4392899024],[-127.8424898685,50.439086911],[-127.8421857945,50.4386879994],[-127.8422813713,50.4382090017],[-127.8430186434,50.4379396884],[-127.8442220551,50.4378095162]]]]}},
{"type":"Feature","properties":{"CAPTURE_YEAR":2020,"PEST_SEVERITY_CODE":"T","PEST_CAPTURE_METHOD_CODE":"OS","TREE_SPECIES_CODE":"BA","AREA_HA":6.33},"geometry":{"type":"MultiPolygon","coordinates":[[[[-127.8547761974,50.4411223235],[-127.8555134426,50.4408529273],[-127.8560992306,50.4411001956],[-127.8564124966,50.4417192599],[-127.8564986897,50.4424155701],[-127.8565258507,50.4430761445],[-127.856030747,50.4436352853],[-127.8548513376,50.4443527613],[-127.8542305941,50.4446569267],[-127.8535342335,50.4445216686],[-127.8535010892,50.4437143002],[-127.8536299768,50.4426471578],[-127.8542795864,50.4416447592],[-127.8547761974,50.4411223235]]]]}},
{"type":"Feature","properties":{"CAPTURE_YEAR":2020,"PEST_SEVERITY_CODE":"T","PEST_CAPTURE_METHOD_CODE":"OS","TREE_SPECIES_CODE":"BA","AREA_HA":15.58},"geometry":{"type":"MultiPolygon","coordinates":[[[[-127.6404663919,50.6094514642],[-127.6418162105,50.6093654391],[-127.6428781143,50.6099450034],[-127.6432094901,50.6104692012],[-127.6430400839,50.6115298713],[-127.6405335521,50.6141461013],[-127.6388907726,50.6147655005],[-127.6383706208,50.614773152],[-127.6378432484,50.6145825013],[-127.6372990353,50.6139291487],[-127.6374637713,50.6127362905],[-127.6386494597,50.6109993297],[-127.6404663919,50.6094514642]]]]}},
{"type":"Feature","properties":{"CAPTURE_YEAR":2020,"PEST_SEVERITY_CODE":"T","PEST_CAPTURE_METHOD_CODE":"OS","TREE_SPECIES_CODE":"BA","AREA_HA":518.87},"geometry":{"type":"MultiPolygon","coordinates":[[[[-125.7932961755,49.7774509609],[-125.7958971587,49.7770815933],[-125.7984950857,49.7773982966],[-125.7999342515,49.7785237137],[-125.8021404658,49.780399014],[-125.8029039826,49.7819597929],[-125.8018298026,49.7854508912],[-125.7995955572,49.7899378444],[-125.7965779676,49.7972301318],[-125.7926896448,49.8051443544],[-125.7907362948,49.8110037556],[-125.7883001007,49.8169868872],[-125.7851968898,49.8212221797],[-125.7834564629,49.822466197],[-125.7814226691,49.8245828111],[-125.7802614434,49.8255784399],[-125.7783333985,49.8256992938],[-125.7765993049,49.8255710208],[-125.7749631243,49.8251310622],[-125.7739058123,49.8245675316],[-125.7736213256,49.8236313583],[-125.7735311236,49.8223837237],[-125.7735366725,49.8212610301],[-125.7740295601,49.8190166342],[-125.7740375569,49.8173949582],[-125.7743370656,49.8152748952],[-125.7749243572,49.8134049114],[-125.7759073409,49.8094150327],[-125.7784326353,49.8051787647],[-125.7811569517,49.7995082032],[-125.7832064562,49.7938361932],[-125.7848612085,49.7900969596],[-125.7871937702,49.7854857455],[-125.7892284305,49.7827451563],[-125.7920395623,49.778571349],[-125.7932961755,49.7774509609]]]]}},
{"type":"Feature","properties":{"CAPTURE_YEAR":2020,"PEST_SEVERITY_CODE":"T","PEST_CAPTURE_METHOD_CODE":"OS","TREE_SPECIES_CODE":"BA","AREA_HA":303.28},"geometry":{"type":"MultiPolygon","coordinates":[[[[-125.8911027052,49.936577572],[-125.8926265508,49.9364971104],[-125.8937683366,49.9369080412],[-125.896304057,49.938549739],[-125.898581448,49.942240214],[-125.8990185667,49.9455601121],[-125.8972955529,49.9493697666],[-125.8944287171,49.9533422027],[-125.8921365929,49.9557988233],[-125.8877429689,49.9603842471],[-125.8858980619,49.9615297978],[-125.882912087,49.9617315546],[-125.8810066866,49.9616475436],[-125.87846838,49.9607022107],[-125.8766305336,49.9591428991],[-125.8755591216,49.9560681382],[-125.8752455876,49.9545924729],[-125.8763335884,49.9515201348],[-125.8782476233,49.9482028064],[-125.8806682864,49.9452957956],[-125.8834714851,49.9416514592],[-125.8856351556,49.93968662],[-125.888179363,49.9378040839],[-125.8911027052,49.936577572]]]]}},
{"type":"Feature","properties":{"CAPTURE_YEAR":2020,"PEST_SEVERITY_CODE":"T","PEST_CAPTURE_METHOD_CODE":"OS","TREE_SPECIES_CODE":"BA","AREA_HA":35.16},"geometry":{"type":"MultiPolygon","coordinates":[[[[-125.7105850657,50.0695899763],[-125.7118376891,50.0690907182],[-125.7138676992,50.0691462715],[-125.71441149,50.0695999768],[-125.714639466,50.0706056603],[-125.7140087354,50.0715588579],[-125.7131402108,50.07306423],[-125.7128167372,50.0748222875],[-125.712101775,50.0767300792],[-125.7116972662,50.0789401996],[-125.7105243946,50.0791381361],[-125.709277575,50.0786825622],[-125.7088905794,50.0781287448],[-125.7079620201,50.0767694224],[-125.7075024403,50.0753610845],[-125.7075124436,50.073803227],[-125.7089329696,50.0714952903],[-125.7105850657,50.0695899763]]]]}},
{"type":"Feature","properties":{"CAPTURE_YEAR":2020,"PEST_SEVERITY_CODE":"T","PEST_CAPTURE_METHOD_CODE":"OS","TREE_SPECIES_CODE":"BA","AREA_HA":676.5},"geometry":{"type":"MultiPolygon","coordinates":[[[[-125.9782801384,50.1141786352],[-125.976522877,50.1140593561],[-125.97421038,50.1144750533],[-125.9711580917,50.1145932146],[-125.9689386197,50.1141169372],[-125.967552278,50.1126895154],[-125.966906811,50.11001365],[-125.9654298495,50.1063861565],[-125.9645077431,50.1029966464],[-125.9654340487,50.1008563752],[-125.9669150664,50.0986567979],[-125.9668228672,50.0983000074],[-125.9662684247,50.0978836163],[-125.9649740178,50.0978832121],[-125.9640491142,50.0982991364],[-125.9634943156,50.0983584143],[-125.9625699252,50.098120262],[-125.9618307588,50.0975254039],[-125.9618314069,50.0967524167],[-125.961924807,50.0956226978],[-125.9607227137,50.0958601181],[-125.9600749134,50.0965734118],[-125.9597047251,50.0969895011],[-125.9581324309,50.0975835199],[-125.9571157957,50.0971669047],[-125.9572095373,50.0957993477],[-125.9580446315,50.0925293268],[-125.9595254167,50.0906865911],[-125.9616527078,50.0893792089],[-125.9634098378,50.0884284277],[-125.9643350604,50.087358429],[-125.9642440715,50.0855150967],[-125.9635062314,50.0834931622],[-125.9648953147,50.0800448328],[-125.9647115775,50.0786176877],[-125.9636959231,50.0774281157],[-125.9608320989,50.0761784288],[-125.9600003767,50.0761781296],[-125.957875031,50.0759989497],[-125.9546400373,50.0765328234],[-125.9534383491,50.0768296324],[-125.9507579973,50.0771257762],[-125.9492794158,50.0770656424],[-125.9484484851,50.07635171],[-125.94780302,50.075102699],[-125.9490981069,50.0739140586],[-125.9510399721,50.0727256918],[-125.9536281428,50.0719538012],[-125.9597278675,50.0708264139],[-125.961391318,50.0705891596],[-125.9656426254,50.0695202418],[-125.9681382161,50.0683912008],[-125.9709110214,50.0670243226],[-125.972759418,50.0661923152],[-125.9772866303,50.0663122692],[-125.978948834,50.0682154124],[-125.9801488088,50.0709509195],[-125.9808870582,50.0732700883],[-125.9810710088,50.0753513018],[-125.9802381422,50.0780269514],[-125.978758217,50.0807024631],[-125.975520897,50.08539926],[-125.9740415072,50.0862313804],[-125.972932158,50.0864689588],[-125.9707134646,50.0868846204],[-125.969696005,50.0878951867],[-125.9693254145,50.0891437702],[-125.9707112848,50.0902739087],[-125.9733908559,50.0924151849],[-125.9738522691,50.0938423557],[-125.9740365237,50.0949721532],[-125.9736663385,50.0956261331],[-125.972001929,50.096041947],[-125.9707071154,50.0967551366],[-125.969966845,50.097706306],[-125.9698739156,50.0984198056],[-125.9702432064,50.0992523521],[-125.9712602335,50.0993120827],[-125.9728321322,50.0991935611],[-125.97394186,50.0988370669],[-125.9758836042,50.0986591281],[-125.9773630108,50.0985405214],[-125.9791198117,50.0983624873],[-125.980784216,50.0980060284],[-125.982818514,50.0974117596],[-125.9840209295,50.0960443479],[-125.9856856419,50.0943202172],[-125.9869799462,50.0943203779],[-125.9874420015,50.0950339597],[-125.988273716,50.096401646],[-125.989290254,50.0983639466],[-125.9901219429,50.1003856765],[-125.9920632027,50.1030020815],[-125.9937273652,50.1049049088],[-125.9935421093,50.1071049112],[-125.9927095362,50.1088886495],[-125.9911367176,50.112277724],[-125.9910437627,50.1146560866],[-125.9903034995,50.1162019602],[-125.9884533774,50.1170936671],[-125.9870658766,50.117271889],[-125.9861409787,50.1170339414],[-125.9842913364,50.1162012667],[-125.980037254,50.1146546414],[-125.9782801384,50.1141786352]],[[-125.9674815423,50.0822457142],[-125.9678516236,50.0817106671],[-125.9682217792,50.0810566948],[-125.9684994609,50.0804621569],[-125.9679451784,50.0801052255],[-125.9672979714,50.0804618064],[-125.9662808876,50.0810561171],[-125.9660029958,50.0818884968],[-125.9659099476,50.0827209314],[-125.9660022413,50.0828993451],[-125.9669266861,50.08266178],[-125.9674815423,50.0822457142]],[[-125.973674418,50.0816527525],[-125.9746910235,50.0817719146],[-125.9753381576,50.0814747526],[-125.9760780207,50.0805829893],[-125.9767256772,50.079215504],[-125.9770033568,50.0783830952],[-125.9770037771,50.0775506263],[-125.9769119334,50.076420827],[-125.9758954101,50.0763611468],[-125.974601384,50.076777091],[-125.9736766519,50.0777877289],[-125.9730283255,50.0801660508],[-125.973674418,50.0816527525]],[[-125.981335453,50.1065683813],[-125.9818901391,50.1069846916],[-125.9833697558,50.106984925],[-125.984017381,50.1061525844],[-125.9842025156,50.1056174723],[-125.9845726105,50.1050229256],[-125.9849426761,50.1044878381],[-125.9855903123,50.1034176443],[-125.9856829308,50.1029419766],[-125.9850359877,50.1019310681],[-125.9840189049,50.1018120048],[-125.983186562,50.102228102],[-125.982261712,50.102703638],[-125.9820766835,50.1029414485],[-125.9813365014,50.1040116058],[-125.9811509949,50.1053791525],[-125.981335453,50.1065683813]],[[-125.9877158277,50.1081152308],[-125.9854038875,50.1080554889],[-125.9833692127,50.1084714182],[-125.9804094732,50.1094222846],[-125.9792994028,50.1100761367],[-125.9793915352,50.1108491268],[-125.980038584,50.1116222189],[-125.9815182549,50.1118603148],[-125.9833679742,50.1118606098],[-125.9847554042,50.1114445947],[-125.9870677184,50.1107908364],[-125.9879928237,50.1097801302],[-125.9882704837,50.1089477257],[-125.9877158277,50.1081152308]],[[-125.9766183613,50.1082323528],[-125.9780064305,50.1063893871],[-125.9783765844,50.1058543217],[-125.9781919501,50.1052002264],[-125.9776373209,50.1047838964],[-125.9765276611,50.1047836654],[-125.9754178728,50.1050212621],[-125.9726432455,50.1057935865],[-125.9706077888,50.1073984762],[-125.9692198718,50.1085278306],[-125.9687566592,50.1097168926],[-125.9688484083,50.1107871893],[-125.9696804857,50.1112036379],[-125.9711603148,50.1110851165],[-125.9724553491,50.1106692317],[-125.9734730486,50.1100154277],[-125.974953256,50.1091238805],[-125.9766183613,50.1082323528]]]]}},
{"type":"Feature","properties":{"CAPTURE_YEAR":2020,"PEST_SEVERITY_CODE":"T","PEST_CAPTURE_METHOD_CODE":"OS","TREE_SPECIES_CODE":"BA","AREA_HA":31.62},"geometry":{"type":"MultiPolygon","coordinates":[[[[-125.6804273228,50.1272972233],[-125.6816804581,50.1269993473],[-125.6836313325,50.127557727],[-125.6844083491,50.1282634676],[-125.6858084972,50.129322736],[-125.6861122537,50.13063012],[-125.6858686466,50.1319359415],[-125.6853153577,50.1327886211],[-125.6842153442,50.1335392313],[-125.6831962946,50.1338880583],[-125.6818675892,50.1337837286],[-125.6810862903,50.1336809687],[-125.679683995,50.1329231435],[-125.678288143,50.1312608074],[-125.6787739958,50.1289004412],[-125.6804273228,50.1272972233]]]]}},
{"type":"Feature","properties":{"CAPTURE_YEAR":2020,"PEST_SEVERITY_CODE":"T","PEST_CAPTURE_METHOD_CODE":"OS","TREE_SPECIES_CODE":"BA","AREA_HA":167.85},"geometry":{"type":"MultiPolygon","coordinates":[[[[-125.7953911106,50.1050775268],[-125.7968767618,50.1037126934],[-125.7982632701,50.1038341625],[-125.8000162696,50.1047292643],[-125.8020446871,50.1061005125],[-125.8031487176,50.1074106118],[-125.8034187004,50.1091354308],[-125.8023918673,50.111333603],[-125.8016447346,50.1129971278],[-125.8006159066,50.1156114845],[-125.7997599207,50.1209612509],[-125.7999334262,50.1235777526],[-125.800295896,50.1253027104],[-125.8012098538,50.1278610775],[-125.8015713688,50.1298238516],[-125.8018396118,50.1319648267],[-125.800798908,50.1371952385],[-125.7994936913,50.1393928002],[-125.7983816101,50.1397475157],[-125.7974569822,50.1395674475],[-125.7957946966,50.1387914317],[-125.7955205503,50.1380179757],[-125.7956248441,50.1354020312],[-125.7955448713,50.1326073626],[-125.7949079005,50.1302278548],[-125.7950205162,50.1257686881],[-125.7942064478,50.12166452],[-125.7945027616,50.1175029427],[-125.7950681872,50.1151850846],[-125.7956295487,50.1137591021],[-125.7956370247,50.112094249],[-125.7957383172,50.1101322675],[-125.7951037921,50.1072770143],[-125.7953911106,50.1050775268]]]]}},
{"type":"Feature","properties":{"CAPTURE_YEAR":2020,"PEST_SEVERITY_CODE":"T","PEST_CAPTURE_METHOD_CODE":"OS","TREE_SPECIES_CODE":"BA","AREA_HA":215.39},"geometry":{"type":"MultiPolygon","coordinates":[[[[-125.9853990618,50.1230986354],[-125.9858620865,50.1215527736],[-125.9867873842,50.120720467],[-125.9875275144,50.1203638019],[-125.9885449761,50.1206612051],[-125.98909987,50.1211963897],[-125.9896546703,50.1222072399],[-125.9908571905,50.1225640969],[-125.9916897701,50.1225047043],[-125.9922448871,50.1220885356],[-125.9923375141,50.1213750385],[-125.992615175,50.120483178],[-125.9931702499,50.1201264614],[-125.9940953,50.1199481386],[-125.9952053235,50.1200076513],[-125.9961302989,50.1206022742],[-125.9962227188,50.1216130749],[-125.99622263,50.1226833287],[-125.9965000717,50.123753591],[-125.9967775673,50.1242292662],[-125.9978876821,50.124645502],[-125.9999229446,50.1250617309],[-126.0012181312,50.1252995576],[-126.0022357914,50.1255968334],[-126.0033460289,50.1265481369],[-126.0032536235,50.1280940517],[-126.0028835964,50.1288670173],[-126.0030687338,50.1302940038],[-126.0036239649,50.1314236863],[-126.004086861,50.1343965569],[-126.0039945171,50.1365370304],[-126.003346908,50.138499145],[-126.0004781775,50.1398667109],[-125.9993676605,50.1400450817],[-125.9976093463,50.139866686],[-125.9964988868,50.1391531704],[-125.995295939,50.1382612661],[-125.9947407626,50.1377261257],[-125.9927050095,50.1371314357],[-125.9908544298,50.1362988933],[-125.9878936994,50.1347527124],[-125.9863208958,50.1339201222],[-125.9850262868,50.1314227283],[-125.9847492875,50.129698411],[-125.9851201157,50.127439056],[-125.9854909071,50.1251796921],[-125.9853990618,50.1230986354]]]]}},
{"type":"Feature","properties":{"CAPTURE_YEAR":2020,"PEST_SEVERITY_CODE":"T","PEST_CAPTURE_METHOD_CODE":"OS","TREE_SPECIES_CODE":"BA","AREA_HA":27.45},"geometry":{"type":"MultiPolygon","coordinates":[[[[-125.7709763013,50.1488409876],[-125.7734806605,50.1486905318],[-125.7738824003,50.1491063733],[-125.7735562551,50.1497282281],[-125.7718560808,50.1505547526],[-125.7697528068,50.1512247784],[-125.7635276989,50.1524047649],[-125.7593275371,50.1524475507],[-125.75779241,50.1525479416],[-125.7569053552,50.1522866038],[-125.7569078513,50.1518197178],[-125.7574759814,50.151302201],[-125.7586094461,50.1507859198],[-125.7601464288,50.150322383],[-125.7617633267,50.1500146279],[-125.7677432218,50.1493529912],[-125.7709763013,50.1488409876]]]]}},
{"type":"Feature","properties":{"CAPTURE_YEAR":2020,"PEST_SEVERITY_CODE":"L","PEST_CAPTURE_METHOD_CODE":"OS","TREE_SPECIES_CODE":"BA","AREA_HA":3.45},"geometry":{"type":"MultiPolygon","coordinates":[[[[-120.1465311535,50.7732330753],[-120.1474414411,50.7731854445],[-120.1477533487,50.7733925708],[-120.1478753135,50.7738997259],[-120.1478726431,50.7744957254],[-120.1473928977,50.774995166],[-120.1470065706,50.775356431],[-120.1465139917,50.7753782828],[-120.1461024417,50.7753566921],[-120.1455443383,50.7753035644],[-120.1453225617,50.774695787],[-120.1456834858,50.7736655153],[-120.1465311535,50.7732330753]]]]}},
{"type":"Feature","properties":{"CAPTURE_YEAR":2020,"PEST_SEVERITY_CODE":"L","PEST_CAPTURE_METHOD_CODE":"OS","TREE_SPECIES_CODE":"BA","AREA_HA":2.12},"geometry":{"type":"MultiPolygon","coordinates":[[[[-120.1492089011,50.7769503554],[-120.1497949207,50.7767903173],[-120.1507491208,50.7769834131],[-120.1509676486,50.7773287047],[-120.150700008,50.7779346565],[-120.1502357519,50.7783156914],[-120.1497650621,50.7784579339],[-120.1493534822,50.7784363552],[-120.1487076662,50.7779017379],[-120.1487572604,50.7775228109],[-120.1492089011,50.7769503554]]]]}},
{"type":"Feature","properties":{"CAPTURE_YEAR":2020,"PEST_SEVERITY_CODE":"L","PEST_CAPTURE_METHOD_CODE":"OS","TREE_SPECIES_CODE":"BA","AREA_HA":1.72},"geometry":{"type":"MultiPolygon","coordinates":[[[[-120.1459198891,50.7773262994],[-120.1466274714,50.7771011181],[-120.1469985226,50.7771444269],[-120.1474725191,50.7772646702],[-120.1477470404,50.7774698333],[-120.1479250336,50.7778368501],[-120.147594917,50.7783441385],[-120.1466096936,50.7783878441],[-120.1458144497,50.7781315168],[-120.1456676867,50.7778138248],[-120.1459198891,50.7773262994]]]]}},
{"type":"Feature","properties":{"CAPTURE_YEAR":2020,"PEST_SEVERITY_CODE":"L","PEST_CAPTURE_METHOD_CODE":"OS","TREE_SPECIES_CODE":"BA","AREA_HA":2.28},"geometry":{"type":"MultiPolygon","coordinates":[[[[-120.1440082313,50.7766775419],[-120.1444977239,50.7766793846],[-120.1448625662,50.7767700664],[-120.1449408882,50.7773226252],[-120.1446638622,50.777999611],[-120.1441154151,50.778447743],[-120.1432267355,50.7783295659],[-120.1428523935,50.7780237705],[-120.14284272,50.7775225042],[-120.1430139162,50.7770784222],[-120.1436216757,50.7767526366],[-120.1440082313,50.7766775419]]]]}},
{"type":"Feature","properties":{"CAPTURE_YEAR":2020,"PEST_SEVERITY_CODE":"T","PEST_CAPTURE_METHOD_CODE":"OS","TREE_SPECIES_CODE":"BA","AREA_HA":5.23},"geometry":{"type":"MultiPolygon","coordinates":[[[[-123.0537019916,49.4973241901],[-123.0551631192,49.4969427208],[-123.0557483854,49.4975136131],[-123.0563338854,49.4982748942],[-123.0569193465,49.4989885742],[-123.0573583849,49.4994643352],[-123.0573596638,49.5005590836],[-123.0563359053,49.500036011],[-123.055604441,49.4994651915],[-123.0548733655,49.4992275512],[-123.0540688482,49.4986567574],[-123.0534833807,49.4978954655],[-123.0537019916,49.4973241901]]]]}},
{"type":"Feature","properties":{"CAPTURE_YEAR":2019,"PEST_SEVERITY_CODE":"T","PEST_CAPTURE_METHOD_CODE":"OS","TREE_SPECIES_CODE":"BA","AREA_HA":53.83},"geometry":{"type":"MultiPolygon","coordinates":[[[[-124.4727969463,50.2971648016],[-124.4753814609,50.2954404838],[-124.4786893077,50.2942968669],[-124.4818165922,50.2941020162],[-124.4848441447,50.2946667851],[-124.4888420541,50.2951020344],[-124.4914447071,50.2950424405],[-124.4942875464,50.2944628206],[-124.496237504,50.293918555],[-124.4979441214,50.2939893202],[-124.4987374554,50.2947135982],[-124.4987723454,50.2959032439],[-124.4968729472,50.2971617423],[-124.4937976624,50.2980236635],[-124.4897093224,50.2980630326],[-124.4861647359,50.2973961926],[-124.4828414832,50.2967798404],[-124.4791294019,50.2966812782],[-124.4765170468,50.2970258519],[-124.4749284904,50.2978601604],[-124.4738758258,50.298226173],[-124.4726986318,50.2978769496],[-124.4727969463,50.2971648016]]]]}},
{"type":"Feature","properties":{"CAPTURE_YEAR":2019,"PEST_SEVERITY_CODE":"T","PEST_CAPTURE_METHOD_CODE":"OS","TREE_SPECIES_CODE":"BA","AREA_HA":18.44},"geometry":{"type":"MultiPolygon","coordinates":[[[[-124.4772108094,50.3276775109],[-124.4784223645,50.3270282646],[-124.4800542821,50.3271458234],[-124.4851948911,50.3290713551],[-124.4861229845,50.3302256156],[-124.4860248092,50.3309377464],[-124.4850330685,50.3316852112],[-124.4830325068,50.331467546],[-124.480904042,50.3306297441],[-124.4773986074,50.3287265289],[-124.4772108094,50.3276775109]]]]}},
{"type":"Feature","properties":{"CAPTURE_YEAR":2019,"PEST_SEVERITY_CODE":"T","PEST_CAPTURE_METHOD_CODE":"OS","TREE_SPECIES_CODE":"BA","AREA_HA":20.12},"geometry":{"type":"MultiPolygon","coordinates":[[[[-124.4144856984,50.3861568599],[-124.4158435597,50.3856530928],[-124.4172441891,50.3860536099],[-124.4183899912,50.3873541596],[-124.4182706665,50.3886366425],[-124.4178453166,50.3901525662],[-124.4173933115,50.3924291003],[-124.4154081644,50.3938275977],[-124.4142105913,50.3940007161],[-124.4136401595,50.39327912],[-124.4141351054,50.3919068985],[-124.4150054849,50.3904449193],[-124.415057149,50.388971224],[-124.4144240161,50.3879157916],[-124.414086925,50.3869121542],[-124.4144856984,50.3861568599]]]]}},
{"type":"Feature","properties":{"CAPTURE_YEAR":2019,"PEST_SEVERITY_CODE":"T","PEST_CAPTURE_METHOD_CODE":"OS","TREE_SPECIES_CODE":"BA","AREA_HA":11.34},"geometry":{"type":"MultiPolygon","coordinates":[[[[-125.1210219062,50.5521321507],[-125.1224505818,50.5516679837],[-125.1246852729,50.5520184021],[-125.1260216773,50.5524568103],[-125.1265999732,50.5534597862],[-125.1259119165,50.5542626377],[-125.1233625405,50.5547180229],[-125.120680395,50.5543165005],[-125.1201022201,50.553313494],[-125.1210219062,50.5521321507]]]]}},
{"type":"Feature","properties":{"CAPTURE_YEAR":2019,"PEST_SEVERITY_CODE":"L","PEST_CAPTURE_METHOD_CODE":"OS","TREE_SPECIES_CODE":"BA","AREA_HA":8.41},"geometry":{"type":"MultiPolygon","coordinates":[[[[-121.0042298628,49.584786267],[-121.0047802849,49.584781762],[-121.0054578408,49.5848725781],[-121.0058848421,49.585160646],[-121.0060677339,49.5855866138],[-121.0061373617,49.586633706],[-121.006218899,49.5867269318],[-121.0062820875,49.5878333775],[-121.0060545617,49.5882404705],[-121.0058560351,49.5883804672],[-121.0053447266,49.5884464293],[-121.004839863,49.5884530347],[-121.0042470156,49.5884257651],[-121.0037647208,49.5882246256],[-121.0029493856,49.5872923491],[-121.0029480005,49.5860396139],[-121.0030028122,49.5855351013],[-121.0033183283,49.5851618868],[-121.0035721204,49.5849349595],[-121.0042298628,49.584786267]]]]}},
{"type":"Feature","properties":{"CAPTURE_YEAR":2019,"PEST_SEVERITY_CODE":"L","PEST_CAPTURE_METHOD_CODE":"OS","TREE_SPECIES_CODE":"BA","AREA_HA":52.6},"geometry":{"type":"MultiPolygon","coordinates":[[[[-121.2701197679,49.8981869239],[-121.2705263592,49.8981806571],[-121.2710015137,49.898225041],[-121.2714643808,49.8983881097],[-121.2716284182,49.8985859492],[-121.2718316553,49.8987616391],[-121.2720544303,49.8991050782],[-121.2722894965,49.89932983],[-121.2723457768,49.8994991672],[-121.2724534225,49.8998853183],[-121.2724190209,49.9002176428],[-121.272394448,49.9004550178],[-121.2723306766,49.9007145422],[-121.2722718191,49.9009265923],[-121.2721713036,49.9011845287],[-121.2721124435,49.9013965776],[-121.2720119275,49.9016545138],[-121.2718722079,49.9019346],[-121.2718476312,49.9021719743],[-121.2717887697,49.9023840228],[-121.2716564213,49.9025928964],[-121.2715706458,49.9027084077],[-121.2712324569,49.9031229772],[-121.270810941,49.903629318],[-121.270183703,49.9039837045],[-121.2696691471,49.9043191139],[-121.2692354504,49.9045864874],[-121.268684135,49.9049203042],[-121.268174477,49.9052082325],[-121.2677333832,49.9055468112],[-121.2672922829,49.9058853871],[-121.26694435,49.9060372434],[-121.2664861793,49.9061843301],[-121.2661456241,49.9062649716],[-121.2655478481,49.9063344842],[-121.2646953108,49.906369125],[-121.2643964213,49.9064038778],[-121.2636982521,49.9063736606],[-121.2629633373,49.9063418482],[-121.262372944,49.9063401315],[-121.2621892156,49.9063321766],[-121.261491049,49.9063019454],[-121.2609766099,49.9062796668],[-121.260391145,49.9062304661],[-121.2600017292,49.906070535],[-121.2596320284,49.9057207072],[-121.2595464359,49.9054785612],[-121.2594707014,49.9051414675],[-121.2592504545,49.904774268],[-121.2592775623,49.9045131607],[-121.259363593,49.9040400112],[-121.2595768815,49.9037631256],[-121.2599028611,49.903467278],[-121.2605619869,49.903162017],[-121.2612677004,49.9027633943],[-121.2618215068,49.902405877],[-121.2621033322,49.9021796427],[-121.2625027673,49.9018869688],[-121.2630785215,49.9016734586],[-121.2636641179,49.9013649968],[-121.2641394822,49.9010517599],[-121.2647299847,49.9006958173],[-121.265009324,49.9004933128],[-121.2655556898,49.9002069873],[-121.2658816067,49.8999111206],[-121.2661241949,49.8997070223],[-121.2665946046,49.8994412489],[-121.2670674674,49.8991517363],[-121.2673859861,49.8989270776],[-121.2676995826,49.8987498912],[-121.2679249411,49.8987119519],[-121.2682336153,49.898582239],[-121.2684296099,49.8984714965],[-121.2686598834,49.8983860804],[-121.2692257295,49.8982674872],[-121.2697841971,49.8982201025],[-121.2701197679,49.8981869239]]]]}},
{"type":"Feature","properties":{"CAPTURE_YEAR":2019,"PEST_SEVERITY_CODE":"L","PEST_CAPTURE_METHOD_CODE":"OS","TREE_SPECIES_CODE":"BA","AREA_HA":3.42},"geometry":{"type":"MultiPolygon","coordinates":[[[[-120.155138777,50.7735028108],[-120.1553754035,50.7735080521],[-120.1556504253,50.7735653798],[-120.1558132102,50.7736168279],[-120.1559591988,50.7737103186],[-120.1560678029,50.7738304646],[-120.1561006258,50.773925181],[-120.1560483819,50.7740655167],[-120.1559045667,50.7743012066],[-120.1557232063,50.7743918587],[-120.1554689275,50.7745216117],[-120.1553175216,50.7746424457],[-120.1552344657,50.77484555],[-120.1552457682,50.7749319852],[-120.155289815,50.7750272897],[-120.1553675336,50.7751243579],[-120.1554761381,50.7752445042],[-120.1556259265,50.7753954218],[-120.1556579007,50.7755830908],[-120.1554074082,50.7757702709],[-120.1549884719,50.775862784],[-120.1545302087,50.7759103147],[-120.1541093343,50.7759311871],[-120.1536406989,50.7758851726],[-120.1532964615,50.7758385212],[-120.1530812674,50.7757557091],[-120.1530746897,50.7757195959],[-120.1529670182,50.7755923428],[-120.1530043335,50.7754798395],[-120.1530706009,50.7753187784],[-120.1531369429,50.7752435655],[-120.1533210993,50.7751316033],[-120.1536661095,50.7749994547],[-120.1539746592,50.7748868561],[-120.1541326481,50.7748021362],[-120.1542905618,50.7746315688],[-120.1543138612,50.774539793],[-120.1542304964,50.7743995063],[-120.1541349769,50.7742657368],[-120.1540356683,50.7740745388],[-120.154061755,50.7739614477],[-120.1541111425,50.7737565799],[-120.1541774806,50.7736813653],[-120.1543682077,50.7736055145],[-120.1546450086,50.7735627872],[-120.155138777,50.7735028108]]]]}},
{"type":"Feature","properties":{"CAPTURE_YEAR":2019,"PEST_SEVERITY_CODE":"L","PEST_CAPTURE_METHOD_CODE":"OS","TREE_SPECIES_CODE":"BA","AREA_HA":1.6},"geometry":{"type":"MultiPolygon","coordinates":[[[[-120.1514782679,50.7770380432],[-120.1518496087,50.7770503526],[-120.1521947832,50.7770899039],[-120.1524829055,50.7771336174],[-120.1527214836,50.7772105016],[-120.1528496758,50.7772672947],[-120.1529507717,50.7773584353],[-120.1529900951,50.7774034174],[-120.1530089759,50.7776047084],[-120.1528128016,50.77789488],[-120.1526136886,50.7780346722],[-120.1521273763,50.7781236451],[-120.1512396829,50.7780842751],[-120.1509711458,50.7779772022],[-120.1507334257,50.777807362],[-120.1507482989,50.7776936838],[-120.1506958239,50.7775764744],[-120.150660221,50.7775030719],[-120.1506984732,50.7773834652],[-120.1507900602,50.7772881155],[-120.1509826675,50.777198061],[-120.1511789919,50.7770795866],[-120.1514782679,50.7770380432]]]]}},
{"type":"Feature","properties":{"CAPTURE_YEAR":2019,"PEST_SEVERITY_CODE":"T","PEST_CAPTURE_METHOD_CODE":"OS","TREE_SPECIES_CODE":"BA","AREA_HA":17.62},"geometry":{"type":"MultiPolygon","coordinates":[[[[-127.8908714927,50.5626888545],[-127.8921294532,50.5623821235],[-127.8930418632,50.5627470602],[-127.8938348637,50.5638273818],[-127.8959739567,50.566691939],[-127.8961067097,50.5680688323],[-127.8950260467,50.5690383836],[-127.893537783,50.5692063909],[-127.8924358588,50.5678935423],[-127.8908099008,50.5647824188],[-127.8904591946,50.5635518918],[-127.8908714927,50.5626888545]]]]}},
{"type":"Feature","properties":{"CAPTURE_YEAR":2019,"PEST_SEVERITY_CODE":"T","PEST_CAPTURE_METHOD_CODE":"OS","TREE_SPECIES_CODE":"BA","AREA_HA":62.1},"geometry":{"type":"MultiPolygon","coordinates":[[[[-127.7492832857,50.7834071805],[-127.7507847728,50.7833836843],[-127.7531418289,50.7841074371],[-127.756427827,50.7855296913],[-127.7610972337,50.7877382945],[-127.7646221066,50.7894893453],[-127.7683593835,50.7909041307],[-127.7718340338,50.7913721092],[-127.7768180541,50.7920061837],[-127.7823410761,50.792964247],[-127.783794271,50.793606675],[-127.7839091073,50.7946032336],[-127.7821952197,50.7949633481],[-127.7788009369,50.7946370366],[-127.7751550579,50.7936490247],[-127.7715318948,50.7932310419],[-127.7675352257,50.7928663875],[-127.7635837749,50.7917402048],[-127.7590528015,50.7892442767],[-127.752791774,50.7866802086],[-127.7493500858,50.7851176588],[-127.7485547975,50.7839890807],[-127.7492832857,50.7834071805]]]]}},
{"type":"Feature","properties":{"CAPTURE_YEAR":2019,"PEST_SEVERITY_CODE":"T","PEST_CAPTURE_METHOD_CODE":"OS","TREE_SPECIES_CODE":"BA","AREA_HA":24.81},"geometry":{"type":"MultiPolygon","coordinates":[[[[-127.8931227339,50.4250491623],[-127.8951900812,50.4245857615],[-127.8968424826,50.424890468],[-127.8974117236,50.4260222996],[-127.8968658142,50.4272207721],[-127.8953296887,50.4279129497],[-127.8938194263,50.4292230101],[-127.8935872605,50.4307966228],[-127.8929400314,50.4331383547],[-127.8920660855,50.4336289145],[-127.8910937461,50.4335503676],[-127.890130252,50.4319020204],[-127.8909186132,50.4293676371],[-127.8913762931,50.4278377482],[-127.8918458882,50.4265930426],[-127.8931227339,50.4250491623]]]]}},
{"type":"Feature","properties":{"CAPTURE_YEAR":2019,"PEST_SEVERITY_CODE":"T","PEST_CAPTURE_METHOD_CODE":"OS","TREE_SPECIES_CODE":"BA","AREA_HA":18.27},"geometry":{"type":"MultiPolygon","coordinates":[[[[-127.862987678,50.4442998279],[-127.863934691,50.4437607201],[-127.8652856275,50.4439758341],[-127.8673073335,50.4459870656],[-127.8684527626,50.4484410902],[-127.8689569112,50.4498119421],[-127.8685845714,50.4516256227],[-127.8675100371,50.4526901051],[-127.8663137671,50.4526151052],[-127.8657155056,50.4507701956],[-127.8657682839,50.4484387005],[-127.8656269871,50.446823915],[-127.8644661296,50.4457970292],[-127.862864158,50.4449202298],[-127.862987678,50.4442998279]]]]}},
{"type":"Feature","properties":{"CAPTURE_YEAR":2019,"PEST_SEVERITY_CODE":"T","PEST_CAPTURE_METHOD_CODE":"OS","TREE_SPECIES_CODE":"BA","AREA_HA":19.59},"geometry":{"type":"MultiPolygon","coordinates":[[[[-126.7308162452,50.5110083045],[-126.7321582142,50.51090438],[-126.7368052779,50.5120623164],[-126.7396658229,50.5135172361],[-126.7402824868,50.5147017736],[-126.7396208148,50.5153242722],[-126.737605354,50.5153376652],[-126.7325031124,50.5137548549],[-126.7305469575,50.5128168147],[-126.7303076275,50.5118674726],[-126.7308162452,50.5110083045]]]]}},
{"type":"Feature","properties":{"CAPTURE_YEAR":2019,"PEST_SEVERITY_CODE":"T","PEST_CAPTURE_METHOD_CODE":"OS","TREE_SPECIES_CODE":"BA","AREA_HA":15.12},"geometry":{"type":"MultiPolygon","coordinates":[[[[-126.7604720301,50.5166574872],[-126.7628599803,50.5165935782],[-126.7657898441,50.5176669839],[-126.7667861741,50.5191815772],[-126.7665037286,50.5201344367],[-126.7651672142,50.5205715542],[-126.7635938192,50.5202495547],[-126.7610427221,50.5195063199],[-126.7596733248,50.5179942273],[-126.7604720301,50.5166574872]]]]}},
{"type":"Feature","properties":{"CAPTURE_YEAR":2019,"PEST_SEVERITY_CODE":"T","PEST_CAPTURE_METHOD_CODE":"OS","TREE_SPECIES_CODE":"BA","AREA_HA":15.7},"geometry":{"type":"MultiPolygon","coordinates":[[[[-127.8694348469,50.5325190504],[-127.8723107697,50.5316145964],[-127.8741810117,50.5316781998],[-127.874519162,50.5326236742],[-127.8735961,50.533780642],[-127.8721345929,50.5345662002],[-127.870321446,50.5358807955],[-127.8685454047,50.536291126],[-127.8673213049,50.5355983149],[-127.8672131635,50.5347916376],[-127.8677651046,50.5336885206],[-127.8694348469,50.5325190504]]]]}},
{"type":"Feature","properties":{"CAPTURE_YEAR":2019,"PEST_SEVERITY_CODE":"T","PEST_CAPTURE_METHOD_CODE":"OS","TREE_SPECIES_CODE":"BA","AREA_HA":7.56},"geometry":{"type":"MultiPolygon","coordinates":[[[[-127.7608893502,50.5496994495],[-127.7633802461,50.548423533],[-127.7646572945,50.5485935014],[-127.7647748056,50.5496854222],[-127.763688038,50.5505586644],[-127.7617142731,50.5516837264],[-127.7605229829,50.5517977005],[-127.7599723071,50.5510930801],[-127.7598697636,50.5503813677],[-127.7608893502,50.5496994495]]]]}},
{"type":"Feature","properties":{"CAPTURE_YEAR":2019,"PEST_SEVERITY_CODE":"T","PEST_CAPTURE_METHOD_CODE":"OS","TREE_SPECIES_CODE":"BA","AREA_HA":7.55},"geometry":{"type":"MultiPolygon","coordinates":[[[[-127.7242605065,50.5533168507],[-127.7249746556,50.552449788],[-127.7265504342,50.5526155594],[-127.727940446,50.5537828509],[-127.7285143659,50.5551054724],[-127.7285435531,50.5558658979],[-127.7276526751,50.556022402],[-127.7265176597,50.5556595855],[-127.7249090065,50.5546383346],[-127.7242605065,50.5533168507]]]]}},
{"type":"Feature","properties":{"CAPTURE_YEAR":2019,"PEST_SEVERITY_CODE":"T","PEST_CAPTURE_METHOD_CODE":"OS","TREE_SPECIES_CODE":"BA","AREA_HA":9.8},"geometry":{"type":"MultiPolygon","coordinates":[[[[-127.7573080015,50.5575076372],[-127.7585648687,50.5571548876],[-127.7597823083,50.5577062993],[-127.7601721258,50.5600303377],[-127.7597777781,50.5614156753],[-127.7583788152,50.5619609002],[-127.757163134,50.5614570027],[-127.756870411,50.5597020874],[-127.7573080015,50.5575076372]]]]}},
{"type":"Feature","properties":{"CAPTURE_YEAR":2019,"PEST_SEVERITY_CODE":"T","PEST_CAPTURE_METHOD_CODE":"OS","TREE_SPECIES_CODE":"BA","AREA_HA":39.67},"geometry":{"type":"MultiPolygon","coordinates":[[[[-127.8208314788,50.551730337],[-127.8214844348,50.5512440794],[-127.8229111541,50.5514109322],[-127.8277373233,50.5524730915],[-127.8307692509,50.5535170342],[-127.8321368545,50.5540651967],[-127.8341368579,50.5554589386],[-127.8381168573,50.5595782263],[-127.8390045375,50.5611804761],[-127.8388114862,50.5619445696],[-127.8376181794,50.5620118432],[-127.8357884928,50.561138479],[-127.8316250768,50.558020825],[-127.8295310347,50.5561530236],[-127.8270714264,50.554481413],[-127.8242597376,50.5533386464],[-127.8217527056,50.5523334898],[-127.8208314788,50.551730337]]]]}},
{"type":"Feature","properties":{"CAPTURE_YEAR":2019,"PEST_SEVERITY_CODE":"T","PEST_CAPTURE_METHOD_CODE":"OS","TREE_SPECIES_CODE":"BA","AREA_HA":33.37},"geometry":{"type":"MultiPolygon","coordinates":[[[[-127.7399026903,50.5616331702],[-127.7406221803,50.5609085947],[-127.7418939811,50.5609362432],[-127.7433906357,50.5629101008],[-127.7442897401,50.5648933043],[-127.7443541849,50.566556704],[-127.7439085099,50.5685609779],[-127.7434683184,50.5707078212],[-127.743392498,50.5726111778],[-127.7422061258,50.5728675276],[-127.7409940071,50.5724585105],[-127.740344777,50.5711371499],[-127.7399993775,50.5680039688],[-127.7396864991,50.5637765115],[-127.7399026903,50.5616331702]]]]}},
{"type":"Feature","properties":{"CAPTURE_YEAR":2019,"PEST_SEVERITY_CODE":"T","PEST_CAPTURE_METHOD_CODE":"OS","TREE_SPECIES_CODE":"BA","AREA_HA":13.1},"geometry":{"type":"MultiPolygon","coordinates":[[[[-127.7077832192,50.5701199123],[-127.7089534792,50.5694361931],[-127.7100814792,50.5696090787],[-127.7106388243,50.5705040339],[-127.7103211952,50.571983081],[-127.7086512729,50.5732926811],[-127.7075277817,50.5752120646],[-127.7062700109,50.5755642289],[-127.7054245838,50.5749589936],[-127.7059485597,50.5730012702],[-127.7077832192,50.5701199123]]]]}},
{"type":"Feature","properties":{"CAPTURE_YEAR":2019,"PEST_SEVERITY_CODE":"T","PEST_CAPTURE_METHOD_CODE":"OS","TREE_SPECIES_CODE":"BA","AREA_HA":22.53},"geometry":{"type":"MultiPolygon","coordinates":[[[[-127.6367671452,50.6070171851],[-127.6386349845,50.6069421688],[-127.6400174614,50.6079203811],[-127.6402242209,50.6094865002],[-127.6383593922,50.6117012604],[-127.6355484529,50.6125984733],[-127.6332281672,50.6125849681],[-127.6326005017,50.6117858176],[-127.6329295939,50.6105446891],[-127.6343718338,50.6090494773],[-127.6367671452,50.6070171851]]]]}},
{"type":"Feature","properties":{"CAPTURE_YEAR":2019,"PEST_SEVERITY_CODE":"T","PEST_CAPTURE_METHOD_CODE":"OS","TREE_SPECIES_CODE":"BA","AREA_HA":10.56},"geometry":{"type":"MultiPolygon","coordinates":[[[[-127.7387625201,50.7794350711],[-127.7396485751,50.77904095],[-127.7419904421,50.7793848328],[-127.7434537142,50.7803128769],[-127.7442580591,50.7816790629],[-127.7439855195,50.782396449],[-127.7431049815,50.7829331422],[-127.7418157939,50.7826204335],[-127.7406638463,50.7819727776],[-127.7389661438,50.7808106329],[-127.7387625201,50.7794350711]]]]}},
{"type":"Feature","properties":{"CAPTURE_YEAR":2019,"PEST_SEVERITY_CODE":"T","PEST_CAPTURE_METHOD_CODE":"OS","TREE_SPECIES_CODE":"BA","AREA_HA":43.44},"geometry":{"type":"MultiPolygon","coordinates":[[[[-127.1876899629,50.1704397004],[-127.1883884181,50.1688147744],[-127.1894291469,50.168946263],[-127.1902109601,50.170507656],[-127.1900379523,50.1752189934],[-127.1896532255,50.1775065137],[-127.190225387,50.1795458518],[-127.1913915828,50.1816263363],[-127.1927651881,50.1831337238],[-127.1923530721,50.1843749938],[-127.1910255707,50.1846271863],[-127.1888630738,50.184127252],[-127.1871352538,50.1832420391],[-127.1859841094,50.1817321914],[-127.1860727017,50.1794478844],[-127.1866749109,50.1769677639],[-127.187312615,50.1730125691],[-127.1876899629,50.1704397004]]]]}},
{"type":"Feature","properties":{"CAPTURE_YEAR":2019,"PEST_SEVERITY_CODE":"T","PEST_CAPTURE_METHOD_CODE":"OS","TREE_SPECIES_CODE":"BA","AREA_HA":12.66},"geometry":{"type":"MultiPolygon","coordinates":[[[[-127.4108763272,50.2270219758],[-127.4121355971,50.2269583057],[-127.4129721016,50.2276135785],[-127.4116650661,50.2309126067],[-127.4105821046,50.2318778383],[-127.4087249091,50.2318064121],[-127.4080263987,50.2308163627],[-127.4079895153,50.2296275946],[-127.4095739059,50.2280851477],[-127.4108763272,50.2270219758]]]]}},
{"type":"Feature","properties":{"CAPTURE_YEAR":2019,"PEST_SEVERITY_CODE":"T","PEST_CAPTURE_METHOD_CODE":"OS","TREE_SPECIES_CODE":"BA","AREA_HA":16.41},"geometry":{"type":"MultiPolygon","coordinates":[[[[-125.2464275142,50.8205755324],[-125.2427147672,50.8178888775],[-125.2419009852,50.8171229106],[-125.2422144549,50.8163645738],[-125.2434184342,50.81627766],[-125.2448390357,50.8167150112],[-125.2461053633,50.8173889486],[-125.2481816324,50.8190664135],[-125.2497526755,50.8195047104],[-125.2512573388,50.8194197268],[-125.2518482428,50.8200415478],[-125.2514597544,50.8207994068],[-125.2492706693,50.8213550894],[-125.2478418931,50.8213930278],[-125.2464275142,50.8205755324]]]]}},
{"type":"Feature","properties":{"CAPTURE_YEAR":2019,"PEST_SEVERITY_CODE":"L","PEST_CAPTURE_METHOD_CODE":"OS","TREE_SPECIES_CODE":"BA","AREA_HA":36.47},"geometry":{"type":"MultiPolygon","coordinates":[[[[-125.8687781959,50.3731371896],[-125.8706390036,50.3729967237],[-125.8721998526,50.3736642569],[-125.8728665303,50.3747587072],[-125.8724154579,50.3763749369],[-125.8706247237,50.3779896044],[-125.8688379972,50.3781777086],[-125.865564603,50.3777458238],[-125.862441419,50.3768860668],[-125.860956923,50.3756003266],[-125.8609601386,50.3745541989],[-125.8618549015,50.3739847006],[-125.8646096229,50.3735601376],[-125.8687781959,50.3731371896]]]]}},
{"type":"Feature","properties":{"CAPTURE_YEAR":2019,"PEST_SEVERITY_CODE":"L","PEST_CAPTURE_METHOD_CODE":"OS","TREE_SPECIES_CODE":"BA","AREA_HA":39.05},"geometry":{"type":"MultiPolygon","coordinates":[[[[-125.876435247,50.3759990813],[-125.8794124544,50.3758597079],[-125.881867956,50.3760050071],[-125.8852893791,50.3767694242],[-125.8890815169,50.3781522718],[-125.8909392573,50.3793428953],[-125.8909366201,50.3804365686],[-125.889669139,50.3813387842],[-125.8869886097,50.3817640421],[-125.884533506,50.3813335517],[-125.8830479915,50.3801432171],[-125.8808923483,50.3790947957],[-125.8768764647,50.3779491764],[-125.8757632407,50.3768067034],[-125.876435247,50.3759990813]]]]}},
{"type":"Feature","properties":{"CAPTURE_YEAR":2019,"PEST_SEVERITY_CODE":"L","PEST_CAPTURE_METHOD_CODE":"OS","TREE_SPECIES_CODE":"BA","AREA_HA":20.36},"geometry":{"type":"MultiPolygon","coordinates":[[[[-125.6458760699,50.4089137017],[-125.6476660411,50.4085865541],[-125.6498969319,50.40902157],[-125.6533132658,50.4102686008],[-125.6550146074,50.4117955001],[-125.6546316756,50.4131732485],[-125.6532147099,50.4134065746],[-125.6517291116,50.4128788729],[-125.6495750724,50.412111291],[-125.6461583315,50.4109116967],[-125.6454217647,50.4098632474],[-125.6458760699,50.4089137017]]]]}},
{"type":"Feature","properties":{"CAPTURE_YEAR":2019,"PEST_SEVERITY_CODE":"L","PEST_CAPTURE_METHOD_CODE":"OS","TREE_SPECIES_CODE":"BA","AREA_HA":35.34},"geometry":{"type":"MultiPolygon","coordinates":[[[[-125.6242803745,50.4175917786],[-125.6255529798,50.4168352901],[-125.6304671788,50.4170895216],[-125.6359719734,50.4180111675],[-125.6390982324,50.4183066819],[-125.6399871813,50.4189277129],[-125.6396060077,50.4200201086],[-125.6384088029,50.4206819017],[-125.6353518876,50.4210047385],[-125.6302898053,50.4205600364],[-125.6261989758,50.4197855344],[-125.6244210525,50.4185907934],[-125.6242803745,50.4175917786]]]]}},
{"type":"Feature","properties":{"CAPTURE_YEAR":2019,"PEST_SEVERITY_CODE":"M","PEST_CAPTURE_METHOD_CODE":"OS","TREE_SPECIES_CODE":"BA","AREA_HA":21.34},"geometry":{"type":"MultiPolygon","coordinates":[[[[-125.1902972753,50.4665181883],[-125.1917182708,50.4662907973],[-125.1929816218,50.4665377329],[-125.1940797254,50.4676868842],[-125.1950914464,50.4695010812],[-125.1947685669,50.4708776544],[-125.1931118243,50.4717690533],[-125.1905034462,50.4716549702],[-125.1888070532,50.470596517],[-125.1887606827,50.4690270666],[-125.189239699,50.4672712542],[-125.1902972753,50.4665181883]]]]}},
{"type":"Feature","properties":{"CAPTURE_YEAR":2019,"PEST_SEVERITY_CODE":"T","PEST_CAPTURE_METHOD_CODE":"OS","TREE_SPECIES_CODE":"BA","AREA_HA":27.58},"geometry":{"type":"MultiPolygon","coordinates":[[[[-127.1601294426,50.0524961311],[-127.1644812119,50.0521646616],[-127.1701811021,50.0525323461],[-127.1729984247,50.0528829479],[-127.1735352039,50.0536384635],[-127.1724563122,50.0547918374],[-127.170916928,50.0552840171],[-127.1664061745,50.0551892253],[-127.160693867,50.0543456998],[-127.158460373,50.0537031685],[-127.1585161192,50.0529889173],[-127.1601294426,50.0524961311]]]]}},
{"type":"Feature","properties":{"CAPTURE_YEAR":2019,"PEST_SEVERITY_CODE":"T","PEST_CAPTURE_METHOD_CODE":"OS","TREE_SPECIES_CODE":"BA","AREA_HA":57.36},"geometry":{"type":"MultiPolygon","coordinates":[[[[-127.1476242537,50.144795183],[-127.1506198784,50.1431940735],[-127.1525313982,50.1426508055],[-127.155570214,50.1427616923],[-127.1589269784,50.143725446],[-127.1621394664,50.1448333356],[-127.164370181,50.1451903606],[-127.1704433264,50.145221162],[-127.1728197396,50.1454813247],[-127.173501995,50.1460924957],[-127.1733081173,50.1471887131],[-127.1715459536,50.1477783231],[-127.1668816127,50.1478278135],[-127.1636785331,50.1471005382],[-127.1613627622,50.1463162501],[-127.1600034421,50.1452839896],[-127.1574717842,50.1447397512],[-127.1552496034,50.1447154998],[-127.1518669997,50.1456547742],[-127.1485991389,50.148210179],[-127.1459709198,50.1497122557],[-127.1444208534,50.1499186491],[-127.1435144182,50.1492144889],[-127.1439979972,50.1478298984],[-127.1476242537,50.144795183]]]]}},
{"type":"Feature","properties":{"CAPTURE_YEAR":2019,"PEST_SEVERITY_CODE":"T","PEST_CAPTURE_METHOD_CODE":"OS","TREE_SPECIES_CODE":"BA","AREA_HA":108.41},"geometry":{"type":"MultiPolygon","coordinates":[[[[-127.1753995669,50.1478800018],[-127.1780636722,50.1478039808],[-127.1823023273,50.1484721624],[-127.1866486587,50.1504234621],[-127.1902785767,50.1532861902],[-127.192417966,50.1557843572],[-127.1927802978,50.158301722],[-127.1920859027,50.1600693712],[-127.1897459586,50.1612363609],[-127.1874588345,50.1615940202],[-127.1848469225,50.1608609893],[-127.1840555507,50.1589190756],[-127.1820485005,50.1558009131],[-127.1788829021,50.1536941055],[-127.1748339941,50.1517869097],[-127.1734729786,50.150707264],[-127.1738803921,50.1492757756],[-127.1753995669,50.1478800018]]]]}},
{"type":"Feature","properties":{"CAPTURE_YEAR":2019,"PEST_SEVERITY_CODE":"T","PEST_CAPTURE_METHOD_CODE":"OS","TREE_SPECIES_CODE":"BA","AREA_HA":32.97},"geometry":{"type":"MultiPolygon","coordinates":[[[[-127.5534778522,50.1597451764],[-127.5551614524,50.1591505222],[-127.5567970197,50.1593177362],[-127.5575733497,50.1603534402],[-127.5579102954,50.1615380765],[-127.5572414632,50.1636408647],[-127.5567239446,50.165836657],[-127.5555764389,50.1669470945],[-127.553670371,50.1675448806],[-127.5525529494,50.1673703219],[-127.5514803754,50.1663387617],[-127.5509597445,50.1641100352],[-127.5520634475,50.1617157139],[-127.5534778522,50.1597451764]]]]}},
{"type":"Feature","properties":{"CAPTURE_YEAR":2019,"PEST_SEVERITY_CODE":"T","PEST_CAPTURE_METHOD_CODE":"OS","TREE_SPECIES_CODE":"BA","AREA_HA":26.74},"geometry":{"type":"MultiPolygon","coordinates":[[[[-127.562259726,50.1609056032],[-127.564254181,50.1607345881],[-127.5657581194,50.1613792989],[-127.5658023498,50.1626632217],[-127.5651915468,50.1642894779],[-127.5651813576,50.1661450783],[-127.5653999052,50.1681877287],[-127.5655149206,50.1693754844],[-127.5644993019,50.1700083836],[-127.5633060769,50.169787433],[-127.5625343602,50.1688944398],[-127.5621808934,50.1672343044],[-127.5613945386,50.1659133265],[-127.5605935354,50.1641643678],[-127.5612622188,50.1620615608],[-127.562259726,50.1609056032]]]]}},
{"type":"Feature","properties":{"CAPTURE_YEAR":2019,"PEST_SEVERITY_CODE":"T","PEST_CAPTURE_METHOD_CODE":"OS","TREE_SPECIES_CODE":"BA","AREA_HA":6.16},"geometry":{"type":"MultiPolygon","coordinates":[[[[-127.1052859746,50.1730090834],[-127.1059422718,50.1725743771],[-127.1072131944,50.1730373173],[-127.1084286227,50.1742619117],[-127.1083823806,50.1754040415],[-127.1072827223,50.1758907831],[-127.1057906258,50.1754776323],[-127.1050070037,50.1737254217],[-127.1052859746,50.1730090834]]]]}},
{"type":"Feature","properties":{"CAPTURE_YEAR":2019,"PEST_SEVERITY_CODE":"T","PEST_CAPTURE_METHOD_CODE":"OS","TREE_SPECIES_CODE":"BA","AREA_HA":9.94},"geometry":{"type":"MultiPolygon","coordinates":[[[[-127.1207937491,50.1828896685],[-127.1217487667,50.1825469759],[-127.1240633468,50.1832369447],[-127.1266920751,50.1846371915],[-127.1268615027,50.1854917018],[-127.1257629767,50.1860261783],[-127.1236775832,50.1856193241],[-127.120979487,50.1844099884],[-127.1204420383,50.1836543459],[-127.1207937491,50.1828896685]]]]}},
{"type":"Feature","properties":{"CAPTURE_YEAR":2019,"PEST_SEVERITY_CODE":"T","PEST_CAPTURE_METHOD_CODE":"OS","TREE_SPECIES_CODE":"BA","AREA_HA":11.38},"geometry":{"type":"MultiPolygon","coordinates":[[[[-127.1116691439,50.1885951327],[-127.1086794226,50.1875787155],[-127.1083644458,50.1868207833],[-127.109396064,50.1865725684],[-127.1123093029,50.1874946006],[-127.1149180729,50.188086654],[-127.1168389232,50.1878293777],[-127.1183880665,50.1875282692],[-127.1189231856,50.1881888039],[-127.1182149243,50.1895279075],[-127.1166633736,50.1897338998],[-127.1116691439,50.1885951327]]]]}},
{"type":"Feature","properties":{"CAPTURE_YEAR":2019,"PEST_SEVERITY_CODE":"T","PEST_CAPTURE_METHOD_CODE":"OS","TREE_SPECIES_CODE":"BA","AREA_HA":77.46},"geometry":{"type":"MultiPolygon","coordinates":[[[[-127.1339285544,50.1776179138],[-127.1344927475,50.1764704424],[-127.1358274564,50.1765042721],[-127.1381502809,50.1775268522],[-127.1408149342,50.1803534862],[-127.1428739976,50.1826630647],[-127.1461392362,50.1857687473],[-127.1471649738,50.188231674],[-127.147231029,50.1908472769],[-127.1460885015,50.192571628],[-127.1443110455,50.1926376497],[-127.1433308481,50.1919818517],[-127.1420888956,50.1897589858],[-127.1400176161,50.1869738475],[-127.1379787533,50.1854726948],[-127.1357930216,50.1840205839],[-127.1347188448,50.1825569973],[-127.1339831499,50.1798055464],[-127.1339285544,50.1776179138]]]]}},
{"type":"Feature","properties":{"CAPTURE_YEAR":2019,"PEST_SEVERITY_CODE":"T","PEST_CAPTURE_METHOD_CODE":"OS","TREE_SPECIES_CODE":"BA","AREA_HA":100.22},"geometry":{"type":"MultiPolygon","coordinates":[[[[-127.5794286928,50.2008618204],[-127.5762136727,50.200099047],[-127.5738420176,50.2001329064],[-127.571990805,50.2002068732],[-127.5701017742,50.1991871521],[-127.5701397178,50.1981399888],[-127.5731881388,50.1962411753],[-127.5762561097,50.1949128793],[-127.5794737611,50.1936299243],[-127.581001795,50.1927992707],[-127.5820785441,50.1917847707],[-127.5846621038,50.1914622363],[-127.5888283239,50.191878047],[-127.5909331157,50.1927040492],[-127.5919264375,50.1935460579],[-127.5918990001,50.1948785372],[-127.5897998798,50.1963360385],[-127.5877863741,50.1981252812],[-127.5852522535,50.1998743897],[-127.5819502679,50.2008732658],[-127.5794286928,50.2008618204]]]]}},
{"type":"Feature","properties":{"CAPTURE_YEAR":2019,"PEST_SEVERITY_CODE":"T","PEST_CAPTURE_METHOD_CODE":"OS","TREE_SPECIES_CODE":"BA","AREA_HA":12.76},"geometry":{"type":"MultiPolygon","coordinates":[[[[-127.3999343441,50.2018062467],[-127.4005141112,50.2013707478],[-127.4016317838,50.2015468392],[-127.4020390896,50.2027309438],[-127.4029608778,50.2037657915],[-127.405903239,50.2053933272],[-127.4063804008,50.2064338089],[-127.4057441625,50.2074409062],[-127.4041903755,50.2075558322],[-127.4029778444,50.2067149793],[-127.4018189345,50.2052074374],[-127.400188963,50.2028495813],[-127.3999343441,50.2018062467]]]]}},
{"type":"Feature","properties":{"CAPTURE_YEAR":2019,"PEST_SEVERITY_CODE":"T","PEST_CAPTURE_METHOD_CODE":"OS","TREE_SPECIES_CODE":"BA","AREA_HA":42.74},"geometry":{"type":"MultiPolygon","coordinates":[[[[-127.4205892924,50.2339377305],[-127.4222922869,50.2338206667],[-127.4243262893,50.2347934062],[-127.4257316448,50.2370110326],[-127.4271550859,50.2397992326],[-127.4267713005,50.2417545275],[-127.4259049845,50.2425268214],[-127.4235339905,50.2426525482],[-127.421345321,50.2414915135],[-127.4186492181,50.238339053],[-127.4181417158,50.236347663],[-127.4192764891,50.2346681548],[-127.4205892924,50.2339377305]]]]}},
{"type":"Feature","properties":{"CAPTURE_YEAR":2019,"PEST_SEVERITY_CODE":"T","PEST_CAPTURE_METHOD_CODE":"OS","TREE_SPECIES_CODE":"BA","AREA_HA":50.15},"geometry":{"type":"MultiPolygon","coordinates":[[[[-127.4427494772,50.2517742712],[-127.4440760204,50.2514715238],[-127.453722601,50.2536758573],[-127.4609120683,50.2556264642],[-127.4645743335,50.2563866398],[-127.4674823144,50.2567761669],[-127.4681006147,50.2575290508],[-127.4673800498,50.2582045857],[-127.4632999432,50.2583062728],[-127.4569659605,50.2575813243],[-127.449409873,50.25577798],[-127.4439927101,50.2535180664],[-127.4425480429,50.2524428637],[-127.4427494772,50.2517742712]]]]}},
{"type":"Feature","properties":{"CAPTURE_YEAR":2019,"PEST_SEVERITY_CODE":"T","PEST_CAPTURE_METHOD_CODE":"OS","TREE_SPECIES_CODE":"BA","AREA_HA":54.27},"geometry":{"type":"MultiPolygon","coordinates":[[[[-125.3637252517,50.3341718841],[-125.3658076916,50.3341362798],[-125.366993951,50.3343808492],[-125.3677951953,50.3355743198],[-125.3676995921,50.3370955523],[-125.366700398,50.339420058],[-125.3644529793,50.3405960616],[-125.3626636627,50.3409186613],[-125.3610310969,50.3406714732],[-125.3594126795,50.3394256793],[-125.357647665,50.3380363424],[-125.3552791303,50.3372616835],[-125.3537305938,50.3363490959],[-125.3534474449,50.335348773],[-125.3539801137,50.3344958798],[-125.355915906,50.3343169384],[-125.3604538959,50.3341530299],[-125.3637252517,50.3341718841]]]]}},
{"type":"Feature","properties":{"CAPTURE_YEAR":2019,"PEST_SEVERITY_CODE":"T","PEST_CAPTURE_METHOD_CODE":"OS","TREE_SPECIES_CODE":"BA","AREA_HA":12.86},"geometry":{"type":"MultiPolygon","coordinates":[[[[-125.8702779702,50.3691446159],[-125.8714697357,50.3687180389],[-125.873997909,50.3693391166],[-125.8775654584,50.3708647723],[-125.877637683,50.3716732301],[-125.877337837,50.3724812756],[-125.8756259022,50.3726220222],[-125.8739158137,50.3720970212],[-125.8726530474,50.3712871993],[-125.870274834,50.3702383028],[-125.8702779702,50.3691446159]]]]}},
{"type":"Feature","properties":{"CAPTURE_YEAR":2019,"PEST_SEVERITY_CODE":"T","PEST_CAPTURE_METHOD_CODE":"OS","TREE_SPECIES_CODE":"BA","AREA_HA":34.08},"geometry":{"type":"MultiPolygon","coordinates":[[[[-126.0466566985,50.4150403128],[-126.04784841,50.4149922558],[-126.0490406851,50.4154672249],[-126.0512766603,50.4167024853],[-126.0532887281,50.417462319],[-126.0555990585,50.4184121606],[-126.0597719157,50.4194560626],[-126.0611879142,50.4199307778],[-126.0613379983,50.4207390221],[-126.0599979821,50.421405436],[-126.0576888024,50.4215493067],[-126.0561237417,50.4210270754],[-126.0538132099,50.4200296981],[-126.0515780304,50.4196979196],[-126.0488214919,50.4194138748],[-126.0470331819,50.4189391609],[-126.0459892362,50.4178935257],[-126.0456156367,50.4167525074],[-126.0456889216,50.4155637548],[-126.0466566985,50.4150403128]]]]}},
{"type":"Feature","properties":{"CAPTURE_YEAR":2019,"PEST_SEVERITY_CODE":"T","PEST_CAPTURE_METHOD_CODE":"OS","TREE_SPECIES_CODE":"BA","AREA_HA":96.52},"geometry":{"type":"MultiPolygon","coordinates":[[[[-126.0727416927,50.4244884638],[-126.0719195363,50.4228248033],[-126.0726632918,50.422063542],[-126.0747489614,50.4219195096],[-126.0779536995,50.422725629],[-126.0812337352,50.4239119884],[-126.0830968381,50.4242434471],[-126.085033843,50.4242419791],[-126.0874175734,50.4240974809],[-126.0898768275,50.4244759029],[-126.0916668676,50.4254729546],[-126.0967397376,50.428606834],[-126.0974864519,50.4293669509],[-126.0971905657,50.4303657219],[-126.0954049307,50.4316035215],[-126.0929474909,50.4323188272],[-126.0904887365,50.4324159563],[-126.0886248678,50.4318944326],[-126.0871311273,50.4300887901],[-126.0845206144,50.4286643654],[-126.0813157658,50.4280961828],[-126.0787819616,50.4277651731],[-126.0753522273,50.4262935592],[-126.0727416927,50.4244884638]]]]}},
{"type":"Feature","properties":{"CAPTURE_YEAR":2019,"PEST_SEVERITY_CODE":"T","PEST_CAPTURE_METHOD_CODE":"OS","TREE_SPECIES_CODE":"BA","AREA_HA":20.54},"geometry":{"type":"MultiPolygon","coordinates":[[[[-126.0584497512,50.4339114478],[-126.0602379496,50.433767848],[-126.0646355462,50.4345736865],[-126.0681402234,50.4361406657],[-126.0680671363,50.4370916652],[-126.0670992764,50.4377103743],[-126.0636709774,50.4375222041],[-126.059794567,50.4365734069],[-126.0582282871,50.4355281898],[-126.0577799586,50.4345774687],[-126.0584497512,50.4339114478]]]]}},
{"type":"Feature","properties":{"CAPTURE_YEAR":2019,"PEST_SEVERITY_CODE":"T","PEST_CAPTURE_METHOD_CODE":"OS","TREE_SPECIES_CODE":"BA","AREA_HA":9.44},"geometry":{"type":"MultiPolygon","coordinates":[[[[-126.0708999939,50.4377555577],[-126.0720175286,50.4375646475],[-126.0741796083,50.4381337953],[-126.0756711866,50.4387984538],[-126.0759708828,50.4397492007],[-126.0751526031,50.4406531607],[-126.0739603995,50.4407966039],[-126.0723946361,50.4403697091],[-126.0711266322,50.4397048639],[-126.0705288676,50.438706747],[-126.0708999939,50.4377555577]]]]}},
{"type":"Feature","properties":{"CAPTURE_YEAR":2019,"PEST_SEVERITY_CODE":"T","PEST_CAPTURE_METHOD_CODE":"OS","TREE_SPECIES_CODE":"BA","AREA_HA":24.49},"geometry":{"type":"MultiPolygon","coordinates":[[[[-126.0834269726,50.4416457443],[-126.085289747,50.4414065909],[-126.0884212466,50.4420698038],[-126.090955348,50.4421153032],[-126.0927453299,50.4427319375],[-126.094313552,50.4442045819],[-126.0946139754,50.445297913],[-126.0939440513,50.445726407],[-126.0911119859,50.4458714105],[-126.0882033227,50.4449703633],[-126.0841011858,50.4434995826],[-126.0828320497,50.4423594005],[-126.0834269726,50.4416457443]]]]}},
{"type":"Feature","properties":{"CAPTURE_YEAR":2019,"PEST_SEVERITY_CODE":"T","PEST_CAPTURE_METHOD_CODE":"OS","TREE_SPECIES_CODE":"BA","AREA_HA":28.82},"geometry":{"type":"MultiPolygon","coordinates":[[[[-126.5483588394,50.4663190185],[-126.5499241761,50.4662637287],[-126.551718442,50.4666352057],[-126.5542683473,50.4678111885],[-126.5577907565,50.4692199676],[-126.55870328,50.4706417955],[-126.5581941943,50.4716903927],[-126.5564084679,50.4720321843],[-126.5533432383,50.4714293896],[-126.550273453,50.4704461561],[-126.5486160588,50.4690754893],[-126.5478489864,50.4673200292],[-126.5483588394,50.4663190185]]]]}},
{"type":"Feature","properties":{"CAPTURE_YEAR":2019,"PEST_SEVERITY_CODE":"T","PEST_CAPTURE_METHOD_CODE":"OS","TREE_SPECIES_CODE":"BA","AREA_HA":20.21},"geometry":{"type":"MultiPolygon","coordinates":[[[[-126.5596379723,50.4798611859],[-126.5609054064,50.4798072452],[-126.5619496615,50.4798019664],[-126.5638895853,50.4798396806],[-126.5651546319,50.4795955169],[-126.565663645,50.4785468981],[-126.5659482799,50.4774518721],[-126.5669107262,50.4768764016],[-126.567956708,50.4770136973],[-126.5685653683,50.4779615186],[-126.5694080172,50.4797164309],[-126.5687540913,50.4810986338],[-126.5661505395,50.4816824955],[-126.5625700887,50.4817006889],[-126.5592063436,50.481147117],[-126.5587476056,50.4802460416],[-126.5596379723,50.4798611859]]]]}},
{"type":"Feature","properties":{"CAPTURE_YEAR":2019,"PEST_SEVERITY_CODE":"T","PEST_CAPTURE_METHOD_CODE":"OS","TREE_SPECIES_CODE":"BA","AREA_HA":36.77},"geometry":{"type":"MultiPolygon","coordinates":[[[[-125.5839458459,50.570993438],[-125.5871671512,50.570197242],[-125.5889587529,50.5704415767],[-125.5895471457,50.5714896421],[-125.5885633287,50.572817145],[-125.5856364698,50.5740898812],[-125.5820389112,50.5751223204],[-125.5771655204,50.5766727481],[-125.5748455422,50.5769491528],[-125.5737278705,50.5765645556],[-125.573586923,50.5756607488],[-125.5756933489,50.5742425837],[-125.5839458459,50.570993438]]]]}},
{"type":"Feature","properties":{"CAPTURE_YEAR":2019,"PEST_SEVERITY_CODE":"T","PEST_CAPTURE_METHOD_CODE":"OS","TREE_SPECIES_CODE":"BA","AREA_HA":16.98},"geometry":{"type":"MultiPolygon","coordinates":[[[[-125.2520307988,50.6114317254],[-125.2536064583,50.6111570531],[-125.2554734515,50.611359707],[-125.2563585508,50.6121262604],[-125.2564129263,50.6133626648],[-125.2554876774,50.6150203847],[-125.2535291536,50.615815459],[-125.2521809327,50.615901497],[-125.2509186039,50.615322538],[-125.250647864,50.6136092772],[-125.2510432828,50.6123283538],[-125.2520307988,50.6114317254]]]]}},
{"type":"Feature","properties":{"CAPTURE_YEAR":2019,"PEST_SEVERITY_CODE":"T","PEST_CAPTURE_METHOD_CODE":"OS","TREE_SPECIES_CODE":"BA","AREA_HA":4.81},"geometry":{"type":"MultiPolygon","coordinates":[[[[-125.2577917661,50.8197008833],[-125.2588478568,50.8194702378],[-125.2605756084,50.8195291918],[-125.2610844277,50.8205781765],[-125.2600956218,50.8212845715],[-125.2586644944,50.8214652172],[-125.2574659236,50.821219632],[-125.2569516596,50.8205032936],[-125.2577917661,50.8197008833]]]]}},
{"type":"Feature","properties":{"CAPTURE_YEAR":2019,"PEST_SEVERITY_CODE":"T","PEST_CAPTURE_METHOD_CODE":"OS","TREE_SPECIES_CODE":"BA","AREA_HA":39.99},"geometry":{"type":"MultiPolygon","coordinates":[[[[-125.3770142338,50.920259873],[-125.3764242446,50.9193536738],[-125.3771240229,50.9177893235],[-125.3797919122,50.9155230264],[-125.3828229626,50.9142091103],[-125.3847084409,50.9140293761],[-125.3859062796,50.9145586866],[-125.3863411952,50.9157966496],[-125.386475511,50.9169854433],[-125.3872215293,50.917512266],[-125.3884194926,50.9180415466],[-125.3881064901,50.9188952409],[-125.3866590501,50.9200753935],[-125.385376575,50.9202109435],[-125.3832707692,50.9199617785],[-125.3785187404,50.9204107829],[-125.3770142338,50.920259873]]]]}},
{"type":"Feature","properties":{"CAPTURE_YEAR":2019,"PEST_SEVERITY_CODE":"L","PEST_CAPTURE_METHOD_CODE":"OS","TREE_SPECIES_CODE":"BA","AREA_HA":17.3},"geometry":{"type":"MultiPolygon","coordinates":[[[[-124.8210806595,50.4634602821],[-124.8225046382,50.463190079],[-124.8237633892,50.4635362929],[-124.8244779833,50.4647326774],[-124.8244906334,50.4671104373],[-124.8239825703,50.4694351233],[-124.8232928964,50.4701410999],[-124.8219544383,50.4699842498],[-124.8210931827,50.4686911946],[-124.8207862002,50.4661676538],[-124.8205277194,50.4646432249],[-124.8210806595,50.4634602821]]]]}},
{"type":"Feature","properties":{"CAPTURE_YEAR":2019,"PEST_SEVERITY_CODE":"T","PEST_CAPTURE_METHOD_CODE":"OS","TREE_SPECIES_CODE":"BA","AREA_HA":30.13},"geometry":{"type":"MultiPolygon","coordinates":[[[[-126.688775818,50.2058484401],[-126.6900361705,50.2058405662],[-126.6914600074,50.2068304949],[-126.6930452544,50.2086755388],[-126.6947069594,50.2106627667],[-126.6969547047,50.2121706304],[-126.6991291801,50.2137264733],[-126.7007039708,50.2148580101],[-126.7005740107,50.2160479192],[-126.6995453676,50.2166727664],[-126.6978361258,50.2164457692],[-126.6953605803,50.2146064223],[-126.689860718,50.2089333103],[-126.6885634991,50.2065156595],[-126.688775818,50.2058484401]]]]}},
{"type":"Feature","properties":{"CAPTURE_YEAR":2019,"PEST_SEVERITY_CODE":"T","PEST_CAPTURE_METHOD_CODE":"OS","TREE_SPECIES_CODE":"BA","AREA_HA":17.61},"geometry":{"type":"MultiPolygon","coordinates":[[[[-127.7164972359,50.2442503545],[-127.7186359272,50.2438840773],[-127.720285965,50.244334119],[-127.7207019666,50.2455169698],[-127.7196234404,50.2464376604],[-127.7157095419,50.2469742657],[-127.7120019648,50.2470793743],[-127.7104949052,50.2464842771],[-127.7106816034,50.2455299244],[-127.7119212173,50.2449398381],[-127.7145882483,50.2448033153],[-127.7164972359,50.2442503545]]]]}},
{"type":"Feature","properties":{"CAPTURE_YEAR":2019,"PEST_SEVERITY_CODE":"T","PEST_CAPTURE_METHOD_CODE":"OS","TREE_SPECIES_CODE":"BA","AREA_HA":5.79},"geometry":{"type":"MultiPolygon","coordinates":[[[[-126.5407532909,50.3286130297],[-126.5420165138,50.3285592953],[-126.5427684703,50.3292689422],[-126.541977462,50.3315079238],[-126.5410915661,50.3320353676],[-126.5397493649,50.3317090344],[-126.5398101035,50.3305674088],[-126.5407532909,50.3286130297]]]]}},
{"type":"Feature","properties":{"CAPTURE_YEAR":2019,"PEST_SEVERITY_CODE":"T","PEST_CAPTURE_METHOD_CODE":"OS","TREE_SPECIES_CODE":"BA","AREA_HA":26.91},"geometry":{"type":"MultiPolygon","coordinates":[[[[-127.8147258463,50.3293019376],[-127.8138016328,50.3285084062],[-127.8141294101,50.3274089268],[-127.8165284468,50.3260376078],[-127.8206575372,50.3251610469],[-127.8237767509,50.3250621027],[-127.8252821623,50.3255129787],[-127.8258406965,50.3264551648],[-127.8255093754,50.3274596039],[-127.8236840193,50.3282983947],[-127.8205703188,50.3285399509],[-127.8184855882,50.3284790932],[-127.8162903713,50.3293714061],[-127.8147258463,50.3293019376]]]]}},
{"type":"Feature","properties":{"CAPTURE_YEAR":2019,"PEST_SEVERITY_CODE":"T","PEST_CAPTURE_METHOD_CODE":"OS","TREE_SPECIES_CODE":"BA","AREA_HA":5.72},"geometry":{"type":"MultiPolygon","coordinates":[[[[-126.9569793983,50.3437197998],[-126.958003343,50.3429024643],[-126.9592724935,50.3431292622],[-126.9599629093,50.344121987],[-126.9602061672,50.3450710289],[-126.9594816868,50.3459809029],[-126.9582174885,50.3459918521],[-126.957228625,50.3449541421],[-126.9569793983,50.3437197998]]]]}},
{"type":"Feature","properties":{"CAPTURE_YEAR":2021,"PEST_SEVERITY_CODE":"L","PEST_CAPTURE_METHOD_CODE":"OS","TREE_SPECIES_CODE":"BA","AREA_HA":14.22},"geometry":{"type":"MultiPolygon","coordinates":[[[[-124.4618056779,50.6148233495],[-124.4624642247,50.6147135695],[-124.462834154,50.6148375461],[-124.4640293358,50.6154483884],[-124.4643546476,50.616879326],[-124.4643079883,50.6182456976],[-124.4643670062,50.6192569117],[-124.4647187241,50.6199155476],[-124.4647838381,50.6207485385],[-124.4643122295,50.6208609094],[-124.463106748,50.6205471105],[-124.4613666528,50.6194532567],[-124.4606613007,50.6181953697],[-124.4606125352,50.616887115],[-124.4609235371,50.6159998779],[-124.4612263974,50.6153502704],[-124.4618056779,50.6148233495]]]]}},
{"type":"Feature","properties":{"CAPTURE_YEAR":2021,"PEST_SEVERITY_CODE":"L","PEST_CAPTURE_METHOD_CODE":"OS","TREE_SPECIES_CODE":"BA","AREA_HA":6.39},"geometry":{"type":"MultiPolygon","coordinates":[[[[-124.4563662056,50.617957633],[-124.4568378037,50.6178452954],[-124.458232215,50.618102344],[-124.4600697572,50.6190787265],[-124.4607039683,50.6196818441],[-124.4607812072,50.6201583942],[-124.4607547716,50.6209306872],[-124.4604579701,50.6214020685],[-124.4598969016,50.6213943141],[-124.4592443574,50.6213258567],[-124.458994362,50.6204308702],[-124.4584455252,50.6200666652],[-124.4576202506,50.6195797597],[-124.456699447,50.6191509597],[-124.4563417348,50.6186705206],[-124.4563662056,50.617957633]]]]}},
{"type":"Feature","properties":{"CAPTURE_YEAR":2021,"PEST_SEVERITY_CODE":"L","PEST_CAPTURE_METHOD_CODE":"OS","TREE_SPECIES_CODE":"BA","AREA_HA":19.47},"geometry":{"type":"MultiPolygon","coordinates":[[[[-124.162955846,50.633124782],[-124.1660106215,50.6330869539],[-124.1670914084,50.6338098856],[-124.1672193253,50.6340764206],[-124.1671905926,50.634781097],[-124.1645302079,50.6353543168],[-124.1560661111,50.6353027347],[-124.1545476849,50.6351013127],[-124.1535949078,50.634644811],[-124.1544596213,50.6338658387],[-124.1582259607,50.6333992851],[-124.162955846,50.633124782]]]]}},
{"type":"Feature","properties":{"CAPTURE_YEAR":2021,"PEST_SEVERITY_CODE":"M","PEST_CAPTURE_METHOD_CODE":"OS","TREE_SPECIES_CODE":"BA","AREA_HA":18.73},"geometry":{"type":"MultiPolygon","coordinates":[[[[-124.8277710169,50.4335795184],[-124.829662383,50.433348852],[-124.8309923087,50.4335633836],[-124.8316102284,50.433970911],[-124.8319062329,50.4346758078],[-124.8319355237,50.4365809441],[-124.8316032069,50.4372792221],[-124.8308846466,50.4377227951],[-124.8302511053,50.4379166248],[-124.8290703473,50.4380044225],[-124.8282076625,50.4379451879],[-124.8274235228,50.4378867759],[-124.8267231382,50.4376287361],[-124.8261863591,50.4371217883],[-124.8258878223,50.4365171046],[-124.8259086661,50.4357152915],[-124.8260054417,50.435014536],[-124.826335224,50.4344164993],[-124.8277710169,50.4335795184]]]]}},
{"type":"Feature","properties":{"CAPTURE_YEAR":2021,"PEST_SEVERITY_CODE":"T","PEST_CAPTURE_METHOD_CODE":"OS","TREE_SPECIES_CODE":"BA","AREA_HA":14.5},"geometry":{"type":"MultiPolygon","coordinates":[[[[-124.4714280243,50.296251859],[-124.4719517348,50.2960067767],[-124.4724939727,50.2961113157],[-124.4728729126,50.2965629635],[-124.4730970574,50.2971095197],[-124.472527991,50.2978003934],[-124.4707921583,50.2989215474],[-124.4697387545,50.2995862988],[-124.4688802869,50.2998655538],[-124.4681482902,50.2999912805],[-124.4668740167,50.300012439],[-124.4659041412,50.299998988],[-124.4650884386,50.2999100321],[-124.4645448573,50.2998442572],[-124.4640664993,50.2996435217],[-124.464016405,50.299332277],[-124.4644881231,50.2988341871],[-124.4653195765,50.2984575441],[-124.4662122871,50.2980623355],[-124.4677453678,50.2975595394],[-124.4695511739,50.2970604974],[-124.4704141688,50.2966454337],[-124.4714280243,50.296251859]]]]}},
{"type":"Feature","properties":{"CAPTURE_YEAR":2021,"PEST_SEVERITY_CODE":"T","PEST_CAPTURE_METHOD_CODE":"OS","TREE_SPECIES_CODE":"BA","AREA_HA":20.39},"geometry":{"type":"MultiPolygon","coordinates":[[[[-124.4688361917,50.3272603449],[-124.4680036293,50.3269794947],[-124.466928252,50.3266167207],[-124.465977154,50.326210771],[-124.4651947595,50.3260035371],[-124.464236081,50.3258219064],[-124.4634098674,50.3256140513],[-124.4628028363,50.3254092352],[-124.4622853848,50.325149551],[-124.4620757357,50.3248660883],[-124.4619127796,50.3244991087],[-124.4619680436,50.3241632181],[-124.4629838394,50.3239528945],[-124.4643426861,50.323971763],[-124.4660912884,50.324136293],[-124.4675340133,50.3242685051],[-124.469547539,50.3243805396],[-124.4705957725,50.324507254],[-124.4716859533,50.3246906464],[-124.4725541307,50.3249551285],[-124.4732384687,50.3254695609],[-124.4736607535,50.3259523183],[-124.4737285746,50.3265424034],[-124.4733189192,50.326985628],[-124.472345048,50.3272527341],[-124.4712910653,50.3272942878],[-124.4699330651,50.3272474623],[-124.4694937459,50.3272694421],[-124.4688361917,50.3272603449]]]]}},
{"type":"Feature","properties":{"CAPTURE_YEAR":2021,"PEST_SEVERITY_CODE":"T","PEST_CAPTURE_METHOD_CODE":"OS","TREE_SPECIES_CODE":"BA","AREA_HA":20.32},"geometry":{"type":"MultiPolygon","coordinates":[[[[-124.8186496543,50.4158878694],[-124.8189192292,50.4145874007],[-124.8193326948,50.413789748],[-124.8196571745,50.413392174],[-124.8202145329,50.4130973337],[-124.8214731583,50.4130104619],[-124.8228835574,50.4131257006],[-124.8237457614,50.4131849794],[-124.8245268591,50.4133436482],[-124.8254623609,50.4136042046],[-124.8260066644,50.413810483],[-124.8263900641,50.4141654408],[-124.8265301504,50.4148185935],[-124.8262777173,50.4154675904],[-124.8252719277,50.4157195945],[-124.8245126096,50.4159098361],[-124.8232042831,50.4158861716],[-124.8222465418,50.4164775431],[-124.820962976,50.4175165985],[-124.8203977181,50.4181121259],[-124.8197644069,50.4183059005],[-124.8190604401,50.4181981498],[-124.8186770637,50.4178431684],[-124.818619519,50.4170405017],[-124.8186496543,50.4158878694]]]]}},
{"type":"Feature","properties":{"CAPTURE_YEAR":2021,"PEST_SEVERITY_CODE":"T","PEST_CAPTURE_METHOD_CODE":"OS","TREE_SPECIES_CODE":"BA","AREA_HA":14.43},"geometry":{"type":"MultiPolygon","coordinates":[[[[-124.8176184188,50.4192856057],[-124.819656127,50.4191194582],[-124.820997025,50.4192213213],[-124.8224926588,50.419086827],[-124.8235996431,50.4187978069],[-124.8250141379,50.4187626748],[-124.8255545937,50.419119297],[-124.8255376592,50.4197707838],[-124.8246505578,50.4206636909],[-124.8238562875,50.4210061664],[-124.822597444,50.4210930653],[-124.8217337836,50.4210838927],[-124.8207039387,50.4214238427],[-124.8194411491,50.421661047],[-124.8183406216,50.4216994547],[-124.8174023698,50.4215390695],[-124.8169417768,50.421133132],[-124.8168803218,50.4204808109],[-124.8169039426,50.4195787546],[-124.8176184188,50.4192856057]]]]}},
{"type":"Feature","properties":{"CAPTURE_YEAR":2021,"PEST_SEVERITY_CODE":"L","PEST_CAPTURE_METHOD_CODE":"OS","TREE_SPECIES_CODE":"BA","AREA_HA":54.28},"geometry":{"type":"MultiPolygon","coordinates":[[[[-122.729398921,49.3159858325],[-122.7305095083,49.315721504],[-122.7315865261,49.3159328657],[-122.7322053561,49.3161899461],[-122.7326342032,49.3165604555],[-122.7320879287,49.3178548987],[-122.731362721,49.3203952976],[-122.7263129249,49.3248903503],[-122.7231199711,49.3262832838],[-122.7210184787,49.326398296],[-122.7196561734,49.3263569446],[-122.7192568179,49.3255701597],[-122.7207008626,49.3231708392],[-122.722383534,49.3212554505],[-122.7245814799,49.3197727853],[-122.7268464972,49.3173386746],[-122.729398921,49.3159858325]]]]}},
{"type":"Feature","properties":{"CAPTURE_YEAR":2021,"PEST_SEVERITY_CODE":"T","PEST_CAPTURE_METHOD_CODE":"OS","TREE_SPECIES_CODE":"BA","AREA_HA":43.96},"geometry":{"type":"MultiPolygon","coordinates":[[[[-122.8025900519,49.6064494354],[-122.8050755174,49.6065224803],[-122.8062253505,49.6068421483],[-122.8070761869,49.6072483234],[-122.8070233954,49.6080091574],[-122.8056745062,49.6084460381],[-122.7996534512,49.6086502224],[-122.7943567691,49.608970727],[-122.7891597724,49.6099610109],[-122.7863418684,49.6104495787],[-122.784733507,49.6104020442],[-122.7842284057,49.6092435214],[-122.785949653,49.6076743145],[-122.7904220785,49.6065675062],[-122.7958514695,49.606441707],[-122.7992273746,49.6063505194],[-122.8025900519,49.6064494354]]]]}},
{"type":"Feature","properties":{"CAPTURE_YEAR":2021,"PEST_SEVERITY_CODE":"T","PEST_CAPTURE_METHOD_CODE":"OS","TREE_SPECIES_CODE":"BA","AREA_HA":43.27},"geometry":{"type":"MultiPolygon","coordinates":[[[[-122.7347297529,49.6089122951],[-122.7368238362,49.6083080309],[-122.7392958188,49.6085727777],[-122.74585487,49.6090551355],[-122.7549988719,49.6102813556],[-122.7561417451,49.6106966511],[-122.7559351885,49.6115481965],[-122.7541537695,49.6118762513],[-122.7482984177,49.6117966558],[-122.7399507026,49.6117373697],[-122.7347342405,49.6109137748],[-122.7336185577,49.6101178572],[-122.7347297529,49.6089122951]]]]}},
{"type":"Feature","properties":{"CAPTURE_YEAR":2021,"PEST_SEVERITY_CODE":"T","PEST_CAPTURE_METHOD_CODE":"OS","TREE_SPECIES_CODE":"BA","AREA_HA":16.71},"geometry":{"type":"MultiPolygon","coordinates":[[[[-122.222766744,49.6169624226],[-122.2241523615,49.6163021104],[-122.2292777648,49.6172670869],[-122.2311960151,49.6174910079],[-122.2319894393,49.6181482123],[-122.2323193814,49.6185532118],[-122.2321601016,49.6190199764],[-122.2312766173,49.6194616476],[-122.2287354794,49.6194522751],[-122.2251338136,49.6190911822],[-122.2231270564,49.6184705107],[-122.222333753,49.6178132429],[-122.222766744,49.6169624226]]]]}},
{"type":"Feature","properties":{"CAPTURE_YEAR":2021,"PEST_SEVERITY_CODE":"T","PEST_CAPTURE_METHOD_CODE":"OS","TREE_SPECIES_CODE":"BA","AREA_HA":50.26},"geometry":{"type":"MultiPolygon","coordinates":[[[[-122.2002822485,49.6224763862],[-122.2012478933,49.6225101171],[-122.2018449384,49.6226096839],[-122.2020669048,49.6228535803],[-122.202096863,49.6239566366],[-122.2003655145,49.6258640419],[-122.1989143899,49.6273089243],[-122.1977993788,49.6290803946],[-122.1967492028,49.6300669733],[-122.1953822628,49.6304914621],[-122.1934441519,49.6305023756],[-122.191450327,49.6297241551],[-122.1889208955,49.6266443877],[-122.1897362385,49.6255709353],[-122.1911225875,49.6249110508],[-122.1938367019,49.6242976205],[-122.1958264946,49.6236587943],[-122.1973528751,49.6227675852],[-122.1989350287,49.6226654582],[-122.2002822485,49.6224763862]]]]}},
{"type":"Feature","properties":{"CAPTURE_YEAR":2021,"PEST_SEVERITY_CODE":"L","PEST_CAPTURE_METHOD_CODE":"OS","TREE_SPECIES_CODE":"BA","AREA_HA":4.7},"geometry":{"type":"MultiPolygon","coordinates":[[[[-122.9297792245,49.9838892478],[-122.9309291312,49.9839214198],[-122.9323290624,49.9841891477],[-122.9319177028,49.9850348108],[-122.9313447578,49.9856473762],[-122.9299064015,49.9859500053],[-122.928856421,49.9857491875],[-122.9285563548,49.9849407661],[-122.9285024616,49.9844249574],[-122.9291485257,49.9840430302],[-122.9297792245,49.9838892478]]]]}},
{"type":"Feature","properties":{"CAPTURE_YEAR":2021,"PEST_SEVERITY_CODE":"L","PEST_CAPTURE_METHOD_CODE":"OS","TREE_SPECIES_CODE":"BA","AREA_HA":10.51},"geometry":{"type":"MultiPolygon","coordinates":[[[[-123.6921646011,50.2680866874],[-123.6927528868,50.2674744473],[-123.6936325396,50.2675225548],[-123.6948963532,50.268232938],[-123.6959762033,50.2689097304],[-123.6977204834,50.2693029658],[-123.6984595312,50.269377843],[-123.6987227239,50.2696807178],[-123.6988931606,50.2699816608],[-123.6990903756,50.2706697716],[-123.6990798195,50.2708777265],[-123.6988403753,50.2710214359],[-123.6980368148,50.2713020889],[-123.6965662085,50.2710037852],[-123.6938287131,50.2700544978],[-123.6922165209,50.2688907368],[-123.6921646011,50.2680866874]]]]}},
{"type":"Feature","properties":{"CAPTURE_YEAR":2021,"PEST_SEVERITY_CODE":"L","PEST_CAPTURE_METHOD_CODE":"OS","TREE_SPECIES_CODE":"BA","AREA_HA":8.05},"geometry":{"type":"MultiPolygon","coordinates":[[[[-123.34978968,50.2599586176],[-123.3505888853,50.2597261252],[-123.3514943631,50.2599156211],[-123.3525012492,50.2606108735],[-123.3530571981,50.2623019723],[-123.3530999139,50.2638129888],[-123.3525279311,50.2646381637],[-123.3512741109,50.2636853308],[-123.3504371087,50.2623230379],[-123.3499875266,50.2610539209],[-123.3497651936,50.2603774745],[-123.34978968,50.2599586176]]]]}},
{"type":"Feature","properties":{"CAPTURE_YEAR":2021,"PEST_SEVERITY_CODE":"L","PEST_CAPTURE_METHOD_CODE":"OS","TREE_SPECIES_CODE":"BA","AREA_HA":7.77},"geometry":{"type":"MultiPolygon","coordinates":[[[[-123.701118736,50.2718718238],[-123.7015361716,50.2718805086],[-123.7025354878,50.2723176414],[-123.7049769519,50.2736174231],[-123.7054227404,50.2739835505],[-123.7054809179,50.2746687564],[-123.7051815518,50.2750788847],[-123.7043674256,50.2755675365],[-123.703532487,50.2755501868],[-123.7029716327,50.2747058368],[-123.702392728,50.2742179753],[-123.7016192638,50.2739044979],[-123.7009400828,50.2735632375],[-123.7004539803,50.2730772964],[-123.7003747796,50.2728079956],[-123.7004497989,50.2722445127],[-123.7008823067,50.2719561217],[-123.701118736,50.2718718238]]]]}},
{"type":"Feature","properties":{"CAPTURE_YEAR":2021,"PEST_SEVERITY_CODE":"L","PEST_CAPTURE_METHOD_CODE":"OS","TREE_SPECIES_CODE":"BA","AREA_HA":9.74},"geometry":{"type":"MultiPolygon","coordinates":[[[[-123.7074450101,50.2771481175],[-123.7079567724,50.277128995],[-123.708462526,50.2772287011],[-123.7089547659,50.2775957745],[-123.7103253855,50.2780405271],[-123.7119309767,50.2784306499],[-123.7124651468,50.2788877899],[-123.7124306574,50.2795710672],[-123.7117272003,50.2806270962],[-123.710377362,50.2806883534],[-123.7087328251,50.2801487101],[-123.7079263473,50.2795669486],[-123.7072695779,50.2787801146],[-123.7071261066,50.2779444507],[-123.7071501542,50.2774691275],[-123.7074450101,50.2771481175]]]]}},
{"type":"Feature","properties":{"CAPTURE_YEAR":2021,"PEST_SEVERITY_CODE":"L","PEST_CAPTURE_METHOD_CODE":"OS","TREE_SPECIES_CODE":"BA","AREA_HA":5.13},"geometry":{"type":"MultiPolygon","coordinates":[[[[-123.7094986442,50.4161387501],[-123.7095851401,50.415902668],[-123.7102503503,50.4160115578],[-123.7111940925,50.4165067833],[-123.7113765072,50.4173193032],[-123.7122410243,50.4179080304],[-123.7129735036,50.4181610114],[-123.7131031593,50.4185442746],[-123.712999834,50.4191130257],[-123.7123153169,50.4193843448],[-123.7112777863,50.4192677835],[-123.7105597505,50.418729649],[-123.7103677096,50.4181072257],[-123.7098010137,50.4175246355],[-123.7095224906,50.4171382917],[-123.7093976888,50.4166599763],[-123.7094121473,50.416374832],[-123.7094986442,50.4161387501]]]]}},
{"type":"Feature","properties":{"CAPTURE_YEAR":2021,"PEST_SEVERITY_CODE":"M","PEST_CAPTURE_METHOD_CODE":"OS","TREE_SPECIES_CODE":"BA","AREA_HA":8.37},"geometry":{"type":"MultiPolygon","coordinates":[[[[-121.2933916326,49.8956298026],[-121.2946568632,49.8955680271],[-121.2952855544,49.8958662012],[-121.2958347125,49.8963546199],[-121.2963321404,49.8967633437],[-121.2964873625,49.8970024182],[-121.2962646255,49.8974189111],[-121.2954091903,49.8975757963],[-121.2947328012,49.8977403766],[-121.2940086444,49.8977866961],[-121.2930457469,49.8978227407],[-121.2918520635,49.8977713779],[-121.2914422247,49.8976762724],[-121.2908811709,49.8973035207],[-121.29067027,49.8970233065],[-121.2906184997,49.8963626039],[-121.2910203286,49.8959538288],[-121.2916967033,49.8957892719],[-121.292313393,49.8956221418],[-121.2933916326,49.8956298026]]]]}},
{"type":"Feature","properties":{"CAPTURE_YEAR":2021,"PEST_SEVERITY_CODE":"L","PEST_CAPTURE_METHOD_CODE":"OS","TREE_SPECIES_CODE":"BA","AREA_HA":23.81},"geometry":{"type":"MultiPolygon","coordinates":[[[[-126.5619233526,50.4011538408],[-126.562317785,50.4010760928],[-126.5629121028,50.4011740735],[-126.5635513111,50.4017010595],[-126.563994418,50.402355286],[-126.5644410057,50.4032872338],[-126.5649619592,50.4038400623],[-126.5659235564,50.4048451246],[-126.5667260809,50.4057752432],[-126.5674859266,50.4064530822],[-126.5677700153,50.4070323567],[-126.5679035527,50.4082183783],[-126.5677561616,50.4090776009],[-126.5675647814,50.4095835606],[-126.5673711769,50.409912788],[-126.5669390315,50.4101422398],[-126.5667004945,50.4100424634],[-126.5664576575,50.4097547167],[-126.5662968172,50.409388052],[-126.5661238509,50.409188975],[-126.5656220319,50.4091895044],[-126.5651854644,50.409065485],[-126.5644265552,50.4084633748],[-126.5633020214,50.4070803959],[-126.5623369796,50.405797592],[-126.5616923926,50.4048413923],[-126.561121273,50.4034303326],[-126.5610327927,50.4026733048],[-126.5609860477,50.4020928088],[-126.5612188894,50.4017381418],[-126.5615703391,50.4013828725],[-126.5619233526,50.4011538408]]]]}},
{"type":"Feature","properties":{"CAPTURE_YEAR":2021,"PEST_SEVERITY_CODE":"L","PEST_CAPTURE_METHOD_CODE":"OS","TREE_SPECIES_CODE":"BA","AREA_HA":4.67},"geometry":{"type":"MultiPolygon","coordinates":[[[[-125.49600036,50.6807436592],[-125.497249353,50.6805971137],[-125.4980560418,50.6813920784],[-125.4983377636,50.6819411903],[-125.4982823093,50.6826105291],[-125.4979427428,50.6829437958],[-125.4971730981,50.6831229449],[-125.4963102269,50.6830581817],[-125.4957852337,50.6828123245],[-125.4954065643,50.6823540761],[-125.4952684555,50.6818360417],[-125.4954671898,50.6812282234],[-125.49600036,50.6807436592]]]]}},
{"type":"Feature","properties":{"CAPTURE_YEAR":2021,"PEST_SEVERITY_CODE":"L","PEST_CAPTURE_METHOD_CODE":"OS","TREE_SPECIES_CODE":"BA","AREA_HA":43.6},"geometry":{"type":"MultiPolygon","coordinates":[[[[-125.3790943833,50.8528475566],[-125.3806636007,50.8527419433],[-125.3815061292,50.8528608966],[-125.3822233396,50.8533220482],[-125.3825772181,50.853895492],[-125.3825661743,50.8546955202],[-125.3821367328,50.8552265449],[-125.3798927735,50.85612824],[-125.3778931677,50.8568413391],[-125.3766183925,50.8574438444],[-125.3752827504,50.8580840946],[-125.3732282554,50.8583774162],[-125.3710574186,50.8583652522],[-125.3693716757,50.8581652798],[-125.3679293034,50.8578142583],[-125.3670921089,50.8573142403],[-125.3667367837,50.8568550393],[-125.3666242791,50.8562829121],[-125.3672945645,50.8557914051],[-125.367784484,50.8552607779],[-125.3738344392,50.8538469711],[-125.3769195664,50.8531402792],[-125.3790943833,50.8528475566]]]]}},
{"type":"Feature","properties":{"CAPTURE_YEAR":2021,"PEST_SEVERITY_CODE":"M","PEST_CAPTURE_METHOD_CODE":"OS","TREE_SPECIES_CODE":"BA","AREA_HA":4.32},"geometry":{"type":"MultiPolygon","coordinates":[[[[-125.6187284363,50.6319019491],[-125.6194544596,50.6317433353],[-125.6199607472,50.6318601306],[-125.6205005525,50.6322992284],[-125.620714458,50.6327142003],[-125.6207470035,50.6331515682],[-125.6207429269,50.6336348392],[-125.6205574822,50.6341405053],[-125.6201195535,50.6345072305],[-125.6197914901,50.6347362468],[-125.6195014131,50.6347582705],[-125.6191047745,50.6345267809],[-125.6190360093,50.6340892885],[-125.6188947766,50.633651549],[-125.6183890562,50.6334657105],[-125.6182100346,50.6332119487],[-125.6181769275,50.6328436178],[-125.6182523259,50.6324986729],[-125.6184364227,50.632154099],[-125.6187284363,50.6319019491]]]]}},
{"type":"Feature","properties":{"CAPTURE_YEAR":2021,"PEST_SEVERITY_CODE":"S","PEST_CAPTURE_METHOD_CODE":"OS","TREE_SPECIES_CODE":"BA","AREA_HA":19.06},"geometry":{"type":"MultiPolygon","coordinates":[[[[-125.1689751271,50.5883012306],[-125.1697984362,50.5882598311],[-125.1704669547,50.5885025236],[-125.1709833196,50.5888867069],[-125.1712718862,50.5894593594],[-125.1711565476,50.5899240205],[-125.170805758,50.5904067287],[-125.1705744394,50.5907853423],[-125.1706195355,50.5911104692],[-125.1707064627,50.5917371639],[-125.1709106371,50.5928321475],[-125.1705253757,50.593447322],[-125.1700688341,50.5938717965],[-125.1696175482,50.5940110572],[-125.1686480934,50.5938611986],[-125.1682838782,50.5933355184],[-125.1672458249,50.5928523423],[-125.166427711,50.5926085115],[-125.1657662043,50.5919855127],[-125.1652569022,50.591221024],[-125.1652736543,50.5903178522],[-125.165807618,50.5897513488],[-125.1665649903,50.5892340582],[-125.1673979936,50.5886697856],[-125.1681509365,50.5883901605],[-125.1689751271,50.5883012306]]]]}},
{"type":"Feature","properties":{"CAPTURE_YEAR":2021,"PEST_SEVERITY_CODE":"T","PEST_CAPTURE_METHOD_CODE":"OS","TREE_SPECIES_CODE":"BA","AREA_HA":6.35},"geometry":{"type":"MultiPolygon","coordinates":[[[[-125.6267062556,50.6398685987],[-125.6281230218,50.6394590938],[-125.6287749457,50.6395072933],[-125.629463491,50.639509584],[-125.6298594689,50.6398330862],[-125.6300000701,50.6403628602],[-125.6299238014,50.6408228732],[-125.6294128339,50.6412584293],[-125.6286115475,50.6417390418],[-125.6279937374,50.6419441015],[-125.627413306,50.642011203],[-125.6271596178,50.6420103549],[-125.6267611561,50.6419860083],[-125.6264000836,50.6418237059],[-125.626004303,50.6414771796],[-125.6257899238,50.6411082475],[-125.6257933721,50.6406940187],[-125.6260503072,50.6403036544],[-125.6267062556,50.6398685987]]]]}},
{"type":"Feature","properties":{"CAPTURE_YEAR":2021,"PEST_SEVERITY_CODE":"T","PEST_CAPTURE_METHOD_CODE":"OS","TREE_SPECIES_CODE":"BA","AREA_HA":18.68},"geometry":{"type":"MultiPolygon","coordinates":[[[[-125.4152017063,50.8152112971],[-125.4165677742,50.8147656668],[-125.4172865901,50.8145430308],[-125.418361567,50.8144580701],[-125.4191454945,50.8147337965],[-125.419717018,50.8148273123],[-125.4205056485,50.8147408463],[-125.4211528587,50.8145178157],[-125.4218704785,50.8143856966],[-125.4227301001,50.8143448569],[-125.4234418836,50.8146654572],[-125.4235053093,50.8152996461],[-125.4228534303,50.8158848726],[-125.4221299439,50.8164697263],[-125.4208221815,50.8169471509],[-125.4196841545,50.8173625897],[-125.41774707,50.8176694619],[-125.4162424639,50.8177521772],[-125.4153117699,50.81774732],[-125.414169857,50.817469695],[-125.4135302798,50.8171041398],[-125.4133924379,50.8166959349],[-125.4134693655,50.8162888551],[-125.4141935544,50.8156587851],[-125.4152017063,50.8152112971]]]]}},
{"type":"Feature","properties":{"CAPTURE_YEAR":2021,"PEST_SEVERITY_CODE":"T","PEST_CAPTURE_METHOD_CODE":"OS","TREE_SPECIES_CODE":"BA","AREA_HA":4.13},"geometry":{"type":"MultiPolygon","coordinates":[[[[-125.4350229234,50.8330157573],[-125.4358823201,50.8330200898],[-125.4364518302,50.8332946065],[-125.4367314599,50.8338393117],[-125.4367962392,50.8343829355],[-125.4367888318,50.83497147],[-125.4363545527,50.8353314839],[-125.4358520714,50.8354195031],[-125.4351370115,50.8353253494],[-125.4344998684,50.8347335614],[-125.4342208327,50.8341435789],[-125.4340838947,50.8336448639],[-125.4340884748,50.8332826883],[-125.4343783759,50.8330125036],[-125.4350229234,50.8330157573]]]]}},
{"type":"Feature","properties":{"CAPTURE_YEAR":2021,"PEST_SEVERITY_CODE":"T","PEST_CAPTURE_METHOD_CODE":"OS","TREE_SPECIES_CODE":"BA","AREA_HA":11.16},"geometry":{"type":"MultiPolygon","coordinates":[[[[-125.434816794,50.8379949404],[-125.4360349798,50.8379558072],[-125.4367449532,50.8384574005],[-125.4369507135,50.8391828288],[-125.4368642737,50.8403595318],[-125.4368523077,50.8413102357],[-125.4361280226,50.8419404337],[-125.4354776343,50.8423899011],[-125.4350455593,50.8425688206],[-125.4343286696,50.8426104771],[-125.4336152188,50.8423804991],[-125.4331235502,50.8416083467],[-125.433062247,50.8407930958],[-125.4332152536,50.8400242036],[-125.433582561,50.8393016694],[-125.4338770865,50.8386693137],[-125.434816794,50.8379949404]]]]}},
{"type":"Feature","properties":{"CAPTURE_YEAR":2021,"PEST_SEVERITY_CODE":"T","PEST_CAPTURE_METHOD_CODE":"OS","TREE_SPECIES_CODE":"BA","AREA_HA":3.75},"geometry":{"type":"MultiPolygon","coordinates":[[[[-125.4302804004,50.8454875169],[-125.4312844595,50.8454020708],[-125.431925736,50.8456769704],[-125.4322053867,50.8462216782],[-125.4321967677,50.8469007476],[-125.4318328254,50.8473516443],[-125.4313989616,50.8476663624],[-125.4308246916,50.847753994],[-125.4301082917,50.8477503518],[-125.4297564405,50.8472505457],[-125.4296946123,50.8464805689],[-125.4299886633,50.8458935011],[-125.4302804004,50.8454875169]]]]}},
{"type":"Feature","properties":{"CAPTURE_YEAR":2021,"PEST_SEVERITY_CODE":"T","PEST_CAPTURE_METHOD_CODE":"OS","TREE_SPECIES_CODE":"BA","AREA_HA":10.34},"geometry":{"type":"MultiPolygon","coordinates":[[[[-125.4031384053,50.8539688145],[-125.4041031311,50.8539739497],[-125.4045206328,50.8543190638],[-125.4045135319,50.8548524169],[-125.404023545,50.8554213022],[-125.4023929737,50.8556031135],[-125.4009458327,50.8555953855],[-125.3994383951,50.8555873157],[-125.3982309074,50.8556951352],[-125.397322849,50.8559569493],[-125.3962967552,50.8560276245],[-125.3958148852,50.855986928],[-125.3952778694,50.8555649376],[-125.3950428631,50.8551064763],[-125.3951680941,50.854764258],[-125.3961967322,50.8545031101],[-125.3993224601,50.8542653437],[-125.4018103785,50.8540760295],[-125.4031384053,50.8539688145]]]]}},
{"type":"Feature","properties":{"CAPTURE_YEAR":2021,"PEST_SEVERITY_CODE":"T","PEST_CAPTURE_METHOD_CODE":"OS","TREE_SPECIES_CODE":"BA","AREA_HA":19.61},"geometry":{"type":"MultiPolygon","coordinates":[[[[-125.3634132934,50.8573314991],[-125.3643780869,50.8573369763],[-125.3655194549,50.8576482407],[-125.3656933313,50.8581445173],[-125.3654461827,50.8585622115],[-125.3649556583,50.8591309234],[-125.3632558113,50.859921363],[-125.3618623184,50.8603706279],[-125.3605926722,50.8605919858],[-125.3592051364,50.8606221598],[-125.3583005762,50.8606169834],[-125.3569163251,50.8604185504],[-125.3561367638,50.8601092789],[-125.3557206791,50.8596877949],[-125.3556680611,50.8591541003],[-125.3559185962,50.8585078508],[-125.3560974834,50.8584298487],[-125.3568701511,50.8580929291],[-125.3575571236,50.8577933685],[-125.3611208204,50.8573946505],[-125.3634132934,50.8573314991]]]]}},
{"type":"Feature","properties":{"CAPTURE_YEAR":2021,"PEST_SEVERITY_CODE":"L","PEST_CAPTURE_METHOD_CODE":"OS","TREE_SPECIES_CODE":"BA","AREA_HA":17.49},"geometry":{"type":"MultiPolygon","coordinates":[[[[-125.678284812,50.9174571148],[-125.6790964471,50.9174594389],[-125.6796350899,50.9178023555],[-125.6797207837,50.918428457],[-125.6789878635,50.9200194517],[-125.6770770698,50.9223467027],[-125.6758975593,50.9233105315],[-125.6750833342,50.9236495514],[-125.6743609493,50.9237612494],[-125.6737295892,50.9237594156],[-125.6732806982,50.9234736307],[-125.6731044751,50.9229041594],[-125.6733618407,50.9223064403],[-125.6738384832,50.9211994187],[-125.6752053918,50.9192689192],[-125.6768377862,50.9180219181],[-125.6776527181,50.9175690932],[-125.678284812,50.9174571148]]]]}},
{"type":"Feature","properties":{"CAPTURE_YEAR":2021,"PEST_SEVERITY_CODE":"L","PEST_CAPTURE_METHOD_CODE":"OS","TREE_SPECIES_CODE":"BA","AREA_HA":5.18},"geometry":{"type":"MultiPolygon","coordinates":[[[[-127.2388617735,52.0005068304],[-127.2394934737,52.000321993],[-127.240363817,52.0003838328],[-127.2412930678,52.0004806385],[-127.241879851,52.0007962745],[-127.2420120998,52.0013274608],[-127.2413275833,52.0016909184],[-127.240236811,52.0020231415],[-127.2391399416,52.0021417761],[-127.2376947113,52.0022285384],[-127.2371087259,52.0019855859],[-127.2369208948,52.0014891006],[-127.2373149888,52.0010931847],[-127.2382873743,52.0007881635],[-127.2388617735,52.0005068304]]]]}},
{"type":"Feature","properties":{"CAPTURE_YEAR":2021,"PEST_SEVERITY_CODE":"M","PEST_CAPTURE_METHOD_CODE":"OS","TREE_SPECIES_CODE":"BA","AREA_HA":7.66},"geometry":{"type":"MultiPolygon","coordinates":[[[[-127.5527364206,52.4113522399],[-127.5521264472,52.4106484116],[-127.5523929832,52.409932877],[-127.5530941742,52.4099235102],[-127.5535121794,52.4101671155],[-127.5538730384,52.4104470825],[-127.5544663542,52.4106883407],[-127.5551027037,52.4105018351],[-127.5562752244,52.4105929391],[-127.5572191573,52.4108294887],[-127.5582812563,52.4111000458],[-127.5587603095,52.4114140117],[-127.5590082062,52.4118022734],[-127.5585028783,52.4123786305],[-127.5575184705,52.4126410156],[-127.5555200811,52.4123473851],[-127.5541593773,52.4119028028],[-127.5527364206,52.4113522399]]]]}},
{"type":"Feature","properties":{"CAPTURE_YEAR":2021,"PEST_SEVERITY_CODE":"T","PEST_CAPTURE_METHOD_CODE":"OS","TREE_SPECIES_CODE":"BA","AREA_HA":19.98},"geometry":{"type":"MultiPolygon","coordinates":[[[[-127.2381103259,50.3970068373],[-127.2385511272,50.3967879049],[-127.2396286048,50.3967045234],[-127.2405996311,50.3968125522],[-127.2411566517,50.3967587585],[-127.2420773987,50.3963917635],[-127.2428492457,50.3960264302],[-127.2435094178,50.3956623443],[-127.2438770478,50.3954917686],[-127.2443302396,50.3957244689],[-127.244341363,50.3961285819],[-127.2444360898,50.3968646583],[-127.2443388199,50.397388882],[-127.2442754997,50.3977938298],[-127.2444328964,50.3981011854],[-127.2451127286,50.3984502307],[-127.2459121035,50.3990832713],[-127.2462210334,50.3994840356],[-127.2464163297,50.39981474],[-127.2464287837,50.4002663943],[-127.2458044833,50.4005825344],[-127.2452128133,50.4007318539],[-127.2441698602,50.400719787],[-127.2433104159,50.4006105373],[-127.2425926861,50.4002381283],[-127.2420963553,50.3997918974],[-127.2417535016,50.3995103962],[-127.2408555577,50.3993540016],[-127.2399177871,50.3991029313],[-127.2389832847,50.3989707088],[-127.2379730398,50.3987917679],[-127.237483278,50.3985832299],[-127.237175733,50.3982299838],[-127.2371986423,50.3977065979],[-127.2374500906,50.3973708904],[-127.2381103259,50.3970068373]]]]}},
{"type":"Feature","properties":{"CAPTURE_YEAR":2021,"PEST_SEVERITY_CODE":"T","PEST_CAPTURE_METHOD_CODE":"OS","TREE_SPECIES_CODE":"BA","AREA_HA":55.44},"geometry":{"type":"MultiPolygon","coordinates":[[[[-127.7415608479,50.5615382114],[-127.7425281874,50.5615230645],[-127.7432447034,50.5618477198],[-127.7438906228,50.5626213162],[-127.7440850604,50.5637861196],[-127.7442225456,50.566646659],[-127.7449097484,50.5684832116],[-127.7453071086,50.5696525498],[-127.7457023199,50.5707659396],[-127.7457891023,50.5730037521],[-127.7458390061,50.5742904916],[-127.7459573501,50.575072343],[-127.7455392125,50.5756386928],[-127.7446725474,50.5759881574],[-127.7442392112,50.5761628871],[-127.7437993681,50.5761697797],[-127.7431792545,50.5760675363],[-127.7424495202,50.5754072161],[-127.7414104575,50.5735761693],[-127.7404680929,50.5719675158],[-127.7396223991,50.5705812576],[-127.7394032511,50.5694650964],[-127.7388986461,50.5677936005],[-127.7388208587,50.5657795521],[-127.7393478825,50.5634761462],[-127.7400125175,50.5624581166],[-127.7406900977,50.5617757587],[-127.7415608479,50.5615382114]]]]}},
{"type":"Feature","properties":{"CAPTURE_YEAR":2021,"PEST_SEVERITY_CODE":"T","PEST_CAPTURE_METHOD_CODE":"OS","TREE_SPECIES_CODE":"BA","AREA_HA":17.01},"geometry":{"type":"MultiPolygon","coordinates":[[[[-127.7807133542,50.5807704002],[-127.7823360301,50.580673095],[-127.7843119637,50.5809980938],[-127.7852789849,50.5813392451],[-127.7865220399,50.5815689603],[-127.7878211596,50.5817977612],[-127.788561179,50.5820711989],[-127.7887435038,50.5824249269],[-127.7883120714,50.5828598475],[-127.7875946924,50.5831566971],[-127.786200402,50.583357409],[-127.7846925743,50.5835242577],[-127.7831258565,50.5836206979],[-127.7816613649,50.5834658214],[-127.7801940636,50.5832396387],[-127.7792830951,50.582897548],[-127.7787701518,50.5826917521],[-127.77853185,50.5823389036],[-127.7784042498,50.5819486206],[-127.7785008623,50.5815547549],[-127.7793205162,50.5810066691],[-127.7807133542,50.5807704002]]]]}},
{"type":"Feature","properties":{"CAPTURE_YEAR":2021,"PEST_SEVERITY_CODE":"T","PEST_CAPTURE_METHOD_CODE":"OS","TREE_SPECIES_CODE":"BA","AREA_HA":23.89},"geometry":{"type":"MultiPolygon","coordinates":[[[[-125.7047896455,50.9188385862],[-125.7061427904,50.9187852414],[-125.7069533325,50.9189580488],[-125.7075812733,50.9194717508],[-125.7081175561,50.9202127936],[-125.7082040256,50.9207819771],[-125.7081097469,50.9214075864],[-125.7074746905,50.9219748907],[-125.7062086466,50.9224836446],[-125.7050327678,50.9229926219],[-125.7036749636,50.9237286887],[-125.7024088267,50.9242373996],[-125.7015053496,50.9244625822],[-125.7006033892,50.9244601796],[-125.6997037246,50.9241164024],[-125.6993463917,50.9236033842],[-125.699713672,50.9226371411],[-125.6999880665,50.922266248],[-125.7008058915,50.9211607671],[-125.7019840483,50.9203104641],[-125.7027995241,50.9197436678],[-125.7037957262,50.9191204468],[-125.7047896455,50.9188385862]]]]}},
{"type":"Feature","properties":{"CAPTURE_YEAR":2021,"PEST_SEVERITY_CODE":"T","PEST_CAPTURE_METHOD_CODE":"OS","TREE_SPECIES_CODE":"BA","AREA_HA":17.76},"geometry":{"type":"MultiPolygon","coordinates":[[[[-125.7183455941,50.9429969777],[-125.7195189879,50.9429430211],[-125.720779766,50.9433444244],[-125.7217702149,50.9436882489],[-125.722466209,50.9446064248],[-125.723023267,50.9453412812],[-125.7236485949,50.9463669172],[-125.7241833566,50.9474492197],[-125.7239975935,50.948302175],[-125.7227334668,50.9484128481],[-125.7216519513,50.9481825968],[-125.7203018557,50.9476103013],[-125.7192239514,50.9468110933],[-125.7185972841,50.9460130059],[-125.7180608782,50.9452151417],[-125.7174338939,50.9444739403],[-125.7173479814,50.9437909921],[-125.7175316911,50.9432794049],[-125.7183455941,50.9429969777]]]]}},
{"type":"Feature","properties":{"CAPTURE_YEAR":2021,"PEST_SEVERITY_CODE":"T","PEST_CAPTURE_METHOD_CODE":"OS","TREE_SPECIES_CODE":"BA","AREA_HA":41.19},"geometry":{"type":"MultiPolygon","coordinates":[[[[-125.709075273,50.9393320891],[-125.7108801642,50.9392798575],[-125.7125911613,50.9397963027],[-125.7138503293,50.9404253593],[-125.7147482501,50.9411103789],[-125.7149221695,50.9421349212],[-125.7152760382,50.9430319491],[-125.7154497776,50.9442982459],[-125.715712876,50.9454936926],[-125.7167870754,50.9468618671],[-125.7187641408,50.9481754012],[-125.7197511088,50.9490881728],[-125.719746107,50.9498846762],[-125.7188407644,50.9503375643],[-125.7177574247,50.9503917402],[-125.7157770297,50.9495902305],[-125.7135285268,50.948389742],[-125.7124532908,50.947192218],[-125.7116488311,50.9459953768],[-125.7112933939,50.9451410498],[-125.7104908474,50.9436597314],[-125.7095067807,50.9423486184],[-125.7086115153,50.9412653027],[-125.7085272286,50.9403547714],[-125.7083508609,50.9397284722],[-125.709075273,50.9393320891]]]]}},
{"type":"Feature","properties":{"CAPTURE_YEAR":2021,"PEST_SEVERITY_CODE":"T","PEST_CAPTURE_METHOD_CODE":"OS","TREE_SPECIES_CODE":"BA","AREA_HA":25.42},"geometry":{"type":"MultiPolygon","coordinates":[[[[-125.727952046,50.9509858391],[-125.7286743899,50.9509306933],[-125.7302978538,50.9511052854],[-125.7316485254,50.9516205658],[-125.734073438,50.9536176144],[-125.7359600444,50.9551012993],[-125.7369461756,50.9562414837],[-125.7373038686,50.9568112555],[-125.7373894419,50.9576079639],[-125.7372062346,50.9580626822],[-125.7363918415,50.9584021344],[-125.7352204248,50.9580580183],[-125.7345027116,50.9573167101],[-125.7330636157,50.9564598972],[-125.7316242329,50.9556599574],[-125.7301849003,50.9548599994],[-125.7289268228,50.9539466714],[-125.727938866,50.9531477714],[-125.7274008171,50.9525775294],[-125.7270432845,50.9520077233],[-125.7270471123,50.9513819002],[-125.727952046,50.9509858391]]]]}},
{"type":"Feature","properties":{"CAPTURE_YEAR":2021,"PEST_SEVERITY_CODE":"T","PEST_CAPTURE_METHOD_CODE":"OS","TREE_SPECIES_CODE":"BA","AREA_HA":26.51},"geometry":{"type":"MultiPolygon","coordinates":[[[[-125.9321379607,50.9998305672],[-125.9331830263,50.9997273067],[-125.9341178918,50.9997624875],[-125.9350524561,51.0000054333],[-125.9357114619,51.0002674569],[-125.936096078,51.0009063824],[-125.9363668591,51.0038499845],[-125.9364201801,51.0050273914],[-125.935814463,51.0055118493],[-125.9351540838,51.0057538718],[-125.9339440277,51.0057531674],[-125.9327342867,51.0055446778],[-125.9314700325,51.0050244834],[-125.9305914088,51.0041235984],[-125.9297130376,51.0030841898],[-125.9293845792,51.002114377],[-125.9294960534,51.001179468],[-125.9301021061,51.0004872693],[-125.9310377351,51.0000376715],[-125.9321379607,50.9998305672]]]]}},
{"type":"Feature","properties":{"CAPTURE_YEAR":2021,"PEST_SEVERITY_CODE":"T","PEST_CAPTURE_METHOD_CODE":"OS","TREE_SPECIES_CODE":"BA","AREA_HA":13.15},"geometry":{"type":"MultiPolygon","coordinates":[[[[-126.8314371813,51.255874816],[-126.8328501248,51.2553299739],[-126.8336476583,51.2553597284],[-126.8343902861,51.2554967709],[-126.8349702185,51.2560625668],[-126.8350398962,51.2567390171],[-126.8347151515,51.257632157],[-126.8346200998,51.2586304887],[-126.8342933201,51.2594167514],[-126.8336772119,51.2599557373],[-126.8322547627,51.2600018422],[-126.831398884,51.2599012473],[-126.8307050993,51.2593362716],[-126.8305196341,51.258553782],[-126.8306623492,51.2570562891],[-126.8314371813,51.255874816]]]]}},
{"type":"Feature","properties":{"CAPTURE_YEAR":2021,"PEST_SEVERITY_CODE":"T","PEST_CAPTURE_METHOD_CODE":"OS","TREE_SPECIES_CODE":"BA","AREA_HA":6.32},"geometry":{"type":"MultiPolygon","coordinates":[[[[-126.6213319255,51.2851103342],[-126.6218994279,51.2849587692],[-126.6226122462,51.2850142296],[-126.6226634694,51.2852811546],[-126.6224319828,51.2856980827],[-126.6208356118,51.2869538127],[-126.6191004779,51.2884774829],[-126.618353409,51.2893722519],[-126.617932806,51.2898495806],[-126.6176541939,51.2902964424],[-126.6172302633,51.2905362704],[-126.616654815,51.2901237542],[-126.6168834835,51.2894990301],[-126.6176318282,51.2886933327],[-126.6184763273,51.2879761737],[-126.6187045441,51.2873217564],[-126.6194053501,51.2865163049],[-126.6201094585,51.285948348],[-126.6206732316,51.2855296031],[-126.6213319255,51.2851103342]]]]}},
{"type":"Feature","properties":{"CAPTURE_YEAR":2021,"PEST_SEVERITY_CODE":"T","PEST_CAPTURE_METHOD_CODE":"OS","TREE_SPECIES_CODE":"BA","AREA_HA":12.12},"geometry":{"type":"MultiPolygon","coordinates":[[[[-126.2504082737,51.3609205599],[-126.251206281,51.3607762996],[-126.2520637783,51.3610593859],[-126.2524662419,51.3615928449],[-126.2527554076,51.3622690488],[-126.2527040515,51.3632666225],[-126.2525410094,51.3646919259],[-126.2516895235,51.3654775355],[-126.2500933371,51.365766054],[-126.2496362172,51.3656601915],[-126.248834304,51.3651276019],[-126.2483165265,51.3643806441],[-126.249050515,51.3629897171],[-126.249616297,51.3621335076],[-126.2498981713,51.3615272857],[-126.2504082737,51.3609205599]]]]}},
{"type":"Feature","properties":{"CAPTURE_YEAR":2021,"PEST_SEVERITY_CODE":"T","PEST_CAPTURE_METHOD_CODE":"OS","TREE_SPECIES_CODE":"BA","AREA_HA":7.81},"geometry":{"type":"MultiPolygon","coordinates":[[[[-126.6020153213,51.4880317222],[-126.6027582238,51.4879565471],[-126.6036204434,51.4882369345],[-126.6045418526,51.4886594819],[-126.6057474325,51.4889380283],[-126.6063773685,51.488970291],[-126.6071833906,51.4893221919],[-126.6079928659,51.4899234092],[-126.6086903749,51.4907033202],[-126.6090425857,51.4913425952],[-126.6092231273,51.4919827893],[-126.6087115337,51.4922348685],[-126.6079641473,51.4919895259],[-126.6070382206,51.4912464503],[-126.6059964055,51.4903971257],[-126.6045574905,51.4897992422],[-126.6030628536,51.4893084963],[-126.602485267,51.488919736],[-126.6020778966,51.4884232119],[-126.6020153213,51.4880317222]]]]}},
{"type":"Feature","properties":{"CAPTURE_YEAR":2021,"PEST_SEVERITY_CODE":"L","PEST_CAPTURE_METHOD_CODE":"OS","TREE_SPECIES_CODE":"BA","AREA_HA":10.4},"geometry":{"type":"MultiPolygon","coordinates":[[[[-124.5049228473,50.5567940947],[-124.5066036622,50.5568166709],[-124.5112274247,50.5582457396],[-124.5115773877,50.5589636877],[-124.5117504098,50.559382074],[-124.5117386288,50.5597385491],[-124.5110790417,50.5599080402],[-124.5089429886,50.5595228],[-124.5067116184,50.5591956777],[-124.5056962281,50.5588254104],[-124.5050622715,50.5582225046],[-124.5048038271,50.5575652022],[-124.5046308764,50.5571468041],[-124.5049228473,50.5567940947]]]]}},
{"type":"Feature","properties":{"CAPTURE_YEAR":2021,"PEST_SEVERITY_CODE":"L","PEST_CAPTURE_METHOD_CODE":"OS","TREE_SPECIES_CODE":"BA","AREA_HA":4.98},"geometry":{"type":"MultiPolygon","coordinates":[[[[-124.4678948232,50.5715067383],[-124.4686441084,50.5714576128],[-124.4699397036,50.5718320656],[-124.4698952798,50.5731391031],[-124.4691237442,50.5738417542],[-124.4682709007,50.5741866506],[-124.4673529468,50.5736985044],[-124.46691421,50.572860322],[-124.4668430559,50.5722055166],[-124.467419693,50.5717379507],[-124.4678948232,50.5715067383]]]]}},
{"type":"Feature","properties":{"CAPTURE_YEAR":2021,"PEST_SEVERITY_CODE":"L","PEST_CAPTURE_METHOD_CODE":"OS","TREE_SPECIES_CODE":"BA","AREA_HA":7.98},"geometry":{"type":"MultiPolygon","coordinates":[[[[-124.3047879337,50.5853079409],[-124.3056192316,50.5853205975],[-124.3058830656,50.5856771906],[-124.3058698003,50.5860295671],[-124.3044444535,50.5870655988],[-124.3001226354,50.587704844],[-124.2990175134,50.5875998186],[-124.2987503908,50.5873313031],[-124.2989089272,50.5868048591],[-124.3001792046,50.5862072505],[-124.3024159787,50.5857125166],[-124.3047879337,50.5853079409]]]]}},
{"type":"Feature","properties":{"CAPTURE_YEAR":2021,"PEST_SEVERITY_CODE":"L","PEST_CAPTURE_METHOD_CODE":"OS","TREE_SPECIES_CODE":"BA","AREA_HA":10.6},"geometry":{"type":"MultiPolygon","coordinates":[[[[-124.481563451,50.6086753787],[-124.4825043199,50.608509894],[-124.4835306539,50.6085833082],[-124.4845489863,50.6088943469],[-124.4864982017,50.6093368993],[-124.4880415526,50.6107248783],[-124.4882105613,50.6112620909],[-124.4881965832,50.6116779495],[-124.4870706827,50.6117815337],[-124.4848368795,50.6114539935],[-124.4828041167,50.6107130981],[-124.4816288607,50.6095083701],[-124.481563451,50.6086753787]]]]}},
{"type":"Feature","properties":{"CAPTURE_YEAR":2021,"PEST_SEVERITY_CODE":"L","PEST_CAPTURE_METHOD_CODE":"OS","TREE_SPECIES_CODE":"BA","AREA_HA":6.78},"geometry":{"type":"MultiPolygon","coordinates":[[[[-124.5001441664,50.615227263],[-124.5013636226,50.6151248049],[-124.5031262723,50.6155645482],[-124.5036556493,50.6165226171],[-124.5036259985,50.6174137408],[-124.5031426575,50.6178827257],[-124.5019191726,50.6181040183],[-124.5009920377,50.6178538091],[-124.500180211,50.6169513602],[-124.4999274437,50.6161158692],[-124.4999373516,50.615818828],[-124.5001441664,50.615227263]]]]}},
{"type":"Feature","properties":{"CAPTURE_YEAR":2021,"PEST_SEVERITY_CODE":"L","PEST_CAPTURE_METHOD_CODE":"OS","TREE_SPECIES_CODE":"BA","AREA_HA":4.95},"geometry":{"type":"MultiPolygon","coordinates":[[[[-124.5058385221,50.6183943914],[-124.5062382016,50.6176271011],[-124.5079753735,50.6188390719],[-124.5090679188,50.6197452164],[-124.5094262027,50.6202254854],[-124.5094065103,50.6208195664],[-124.5087460187,50.6209890311],[-124.5077233021,50.6207970342],[-124.5062606681,50.6197670481],[-124.5059083431,50.6191085433],[-124.5058385221,50.6183943914]]]]}},
{"type":"Feature","properties":{"CAPTURE_YEAR":2021,"PEST_SEVERITY_CODE":"L","PEST_CAPTURE_METHOD_CODE":"OS","TREE_SPECIES_CODE":"BA","AREA_HA":20.15},"geometry":{"type":"MultiPolygon","coordinates":[[[[-124.5239711549,50.6160209914],[-124.5245321673,50.6160284231],[-124.525178889,50.6162747247],[-124.5255353695,50.6168143526],[-124.524549656,50.6183465952],[-124.523735293,50.6203565716],[-124.5223910025,50.6214085665],[-124.5206083892,50.6215632135],[-124.5188472903,50.6210643418],[-124.5178519439,50.6200407221],[-124.5178813146,50.6191495983],[-124.5189372982,50.6183315598],[-124.5204549063,50.6176979468],[-124.5219822328,50.616767269],[-124.5229328783,50.6163044023],[-124.5239711549,50.6160209914]]]]}},
{"type":"Feature","properties":{"CAPTURE_YEAR":2022,"PEST_SEVERITY_CODE":"T","PEST_CAPTURE_METHOD_CODE":"OS","TREE_SPECIES_CODE":"BA","AREA_HA":18.58},"geometry":{"type":"MultiPolygon","coordinates":[[[[-125.6586270422,49.6302906803],[-125.6572885705,49.6301156853],[-125.6551863801,49.6301944443],[-125.654425464,49.630072478],[-125.6543766443,49.6295770311],[-125.6544581447,49.6292186291],[-125.6551184496,49.6287425083],[-125.6556989146,49.6284027634],[-125.6561208677,49.6281820692],[-125.6571488935,49.6277070963],[-125.6576776823,49.6272476241],[-125.6581567172,49.6264122517],[-125.6589228981,49.6258168847],[-125.6600802843,49.625598475],[-125.6606047381,49.6257196649],[-125.6611524456,49.6262508247],[-125.6611496795,49.6266265574],[-125.6611197654,49.6271217581],[-125.6610359309,49.6278046617],[-125.6611628714,49.6284028249],[-125.6615533808,49.6288822537],[-125.6622592517,49.6293455802],[-125.6623854608,49.6300462131],[-125.6620140518,49.6305403531],[-125.6610682191,49.6305544923],[-125.6586270422,49.6302906803]]]]}},
{"type":"Feature","properties":{"CAPTURE_YEAR":2022,"PEST_SEVERITY_CODE":"S","PEST_CAPTURE_METHOD_CODE":"OS","TREE_SPECIES_CODE":"BA","AREA_HA":8.3},"geometry":{"type":"MultiPolygon","coordinates":[[[[-125.4060935918,50.8542397303],[-125.4087804815,50.8542277275],[-125.4099589328,50.8544190701],[-125.4101369977,50.8549707345],[-125.4101264322,50.8552701252],[-125.4091619772,50.8557308033],[-125.4070988727,50.8559762783],[-125.4047207174,50.8561923],[-125.4037738684,50.8561539489],[-125.4033492199,50.8558733632],[-125.4032835077,50.8554980091],[-125.4033784023,50.855050042],[-125.4042656951,50.8545383983],[-125.4060935918,50.8542397303]]]]}},
{"type":"Feature","properties":{"CAPTURE_YEAR":2022,"PEST_SEVERITY_CODE":"S","PEST_CAPTURE_METHOD_CODE":"OS","TREE_SPECIES_CODE":"BA","AREA_HA":11.35},"geometry":{"type":"MultiPolygon","coordinates":[[[[-125.3919349907,50.854662887],[-125.3943140158,50.8544221877],[-125.3965612334,50.85455399],[-125.3969436762,50.8549088885],[-125.3968487175,50.8553568501],[-125.395923613,50.8558179753],[-125.3952837985,50.8560335331],[-125.3939700006,50.8563143826],[-125.391743485,50.8567070202],[-125.3891345277,50.8567446914],[-125.3884255087,50.8566846436],[-125.3880072006,50.8562293568],[-125.3879425096,50.8558290453],[-125.3881928314,50.8554581944],[-125.3889520267,50.855219419],[-125.3900244401,50.855059993],[-125.3919349907,50.854662887]]]]}},
{"type":"Feature","properties":{"CAPTURE_YEAR":2022,"PEST_SEVERITY_CODE":"S","PEST_CAPTURE_METHOD_CODE":"OS","TREE_SPECIES_CODE":"BA","AREA_HA":11.49},"geometry":{"type":"MultiPolygon","coordinates":[[[[-125.3780533921,50.8561616002],[-125.3803526965,50.8559450108],[-125.3820821185,50.8561944787],[-125.3822679119,50.8565216458],[-125.3821728042,50.8569695942],[-125.3815571557,50.8576097716],[-125.3805492781,50.8581694311],[-125.3793502057,50.858551604],[-125.3774402762,50.8589235444],[-125.3761756674,50.8589303152],[-125.3752781775,50.8586178548],[-125.3751391174,50.8580916543],[-125.3756300961,50.8576244492],[-125.3760959682,50.856757492],[-125.3780533921,50.8561616002]]]]}},
{"type":"Feature","properties":{"CAPTURE_YEAR":2022,"PEST_SEVERITY_CODE":"L","PEST_CAPTURE_METHOD_CODE":"OS","TREE_SPECIES_CODE":"BA","AREA_HA":7.22},"geometry":{"type":"MultiPolygon","coordinates":[[[[-125.4330244594,50.8489256649],[-125.4337850388,50.848636685],[-125.4344493065,50.8488455957],[-125.4352147017,50.8495551362],[-125.4359705959,50.8505391156],[-125.4358725727,50.8510869104],[-125.4355411018,50.8515316227],[-125.4350499492,50.8520240434],[-125.4342559034,50.8521378366],[-125.4329290125,50.8516701116],[-125.4325129024,50.8511401407],[-125.4320256484,50.850384525],[-125.4323597501,50.8498649736],[-125.4330244594,50.8489256649]]]]}},
{"type":"Feature","properties":{"CAPTURE_YEAR":2022,"PEST_SEVERITY_CODE":"L","PEST_CAPTURE_METHOD_CODE":"OS","TREE_SPECIES_CODE":"BA","AREA_HA":5.81},"geometry":{"type":"MultiPolygon","coordinates":[[[[-125.4342964292,50.844150682],[-125.4350321702,50.8434369994],[-125.4360156563,50.8435504827],[-125.4365501719,50.8440820865],[-125.4365337263,50.8445561315],[-125.4361198882,50.8450995533],[-125.4353403248,50.8459374436],[-125.4350826487,50.8465329498],[-125.4346765752,50.8468518192],[-125.4342826332,50.8468213913],[-125.4336218642,50.8465126809],[-125.4329320355,50.8459040221],[-125.4328669588,50.8455037319],[-125.4331185856,50.845082877],[-125.4342964292,50.844150682]]]]}},
{"type":"Feature","properties":{"CAPTURE_YEAR":2022,"PEST_SEVERITY_CODE":"S","PEST_CAPTURE_METHOD_CODE":"OS","TREE_SPECIES_CODE":"BA","AREA_HA":11.05},"geometry":{"type":"MultiPolygon","coordinates":[[[[-125.438872158,50.838622647],[-125.4391553871,50.8384268707],[-125.4398264378,50.8384361531],[-125.4410878683,50.8385035139],[-125.4423158643,50.8383956658],[-125.4435104117,50.8381126108],[-125.4454849425,50.8381148727],[-125.4468596348,50.8383334996],[-125.4471213367,50.8387614522],[-125.4467497354,50.839230611],[-125.4461061021,50.8395712129],[-125.4441520352,50.840118405],[-125.4418143765,50.8403357623],[-125.4401607323,50.8401881027],[-125.4392176494,50.8400502512],[-125.4386016067,50.8395924149],[-125.438654046,50.8392187126],[-125.438872158,50.838622647]]]]}},
{"type":"Feature","properties":{"CAPTURE_YEAR":2022,"PEST_SEVERITY_CODE":"S","PEST_CAPTURE_METHOD_CODE":"OS","TREE_SPECIES_CODE":"BA","AREA_HA":21.82},"geometry":{"type":"MultiPolygon","coordinates":[[[[-124.4714849115,50.5436093725],[-124.4727504721,50.5434731803],[-124.4735793529,50.5438686973],[-124.4744480187,50.5448773506],[-124.4750344212,50.5463034734],[-124.4748684266,50.5472887255],[-124.4728288695,50.5506805635],[-124.4724211844,50.5513542212],[-124.4708544743,50.5515777863],[-124.4701667328,50.5513031899],[-124.4700082483,50.5508286476],[-124.4700846652,50.5501239478],[-124.4704091215,50.5489539103],[-124.4705379908,50.5466491497],[-124.4706313489,50.5449793693],[-124.4711380293,50.5445198854],[-124.4714849115,50.5436093725]]]]}},
{"type":"Feature","properties":{"CAPTURE_YEAR":2022,"PEST_SEVERITY_CODE":"M","PEST_CAPTURE_METHOD_CODE":"OS","TREE_SPECIES_CODE":"BA","AREA_HA":23.82},"geometry":{"type":"MultiPolygon","coordinates":[[[[-125.7103733075,50.9174256674],[-125.7119558787,50.9174187258],[-125.7134155367,50.9175601118],[-125.7134408364,50.9180595526],[-125.7129441806,50.9188275944],[-125.7125351592,50.9192971392],[-125.7116818229,50.920086076],[-125.7102661927,50.9211680941],[-125.7092624389,50.9216807647],[-125.7081881468,50.9218931311],[-125.707576283,50.9225350456],[-125.7053887952,50.9229343332],[-125.7042835135,50.9228468168],[-125.7035082849,50.9222888748],[-125.7029293903,50.9217830925],[-125.7029473465,50.9211593573],[-125.7036038317,50.9203432738],[-125.7045666366,50.9198800993],[-125.7058803386,50.9195956312],[-125.7069991471,50.9192090915],[-125.709089238,50.9180599327],[-125.7103733075,50.9174256674]]]]}},
{"type":"Feature","properties":{"CAPTURE_YEAR":2022,"PEST_SEVERITY_CODE":"T","PEST_CAPTURE_METHOD_CODE":"OS","TREE_SPECIES_CODE":"BA","AREA_HA":3.85},"geometry":{"type":"MultiPolygon","coordinates":[[[[-127.1883082623,50.1610890054],[-127.1886125466,50.160777049],[-127.1891667832,50.1608328069],[-127.1895576761,50.1610755292],[-127.1895265804,50.1617240823],[-127.1893297102,50.1624670256],[-127.1892717562,50.1630078316],[-127.1897725144,50.163774114],[-127.1898542937,50.1641436395],[-127.1896012837,50.1645785143],[-127.1888351801,50.1646948142],[-127.1885648076,50.1644662244],[-127.1885127153,50.1643124489],[-127.1884089352,50.164020328],[-127.1884004635,50.1636963112],[-127.1881977474,50.16329722],[-127.1881644426,50.1629426042],[-127.1880562317,50.1624807581],[-127.1880417137,50.1619253009],[-127.1881033106,50.1615233596],[-127.1883082623,50.1610890054]]]]}},
{"type":"Feature","properties":{"CAPTURE_YEAR":2024,"PEST_SEVERITY_CODE":"T","PEST_CAPTURE_METHOD_CODE":"OS","TREE_SPECIES_CODE":"BA","AREA_HA":22.27},"geometry":{"type":"MultiPolygon","coordinates":[[[[-126.0434583348,49.4808249302],[-126.0445697261,49.4807791614],[-126.0462370578,49.4809597348],[-126.048877299,49.4815023895],[-126.0513093021,49.482135714],[-126.053046697,49.4827693243],[-126.0546452566,49.4834482941],[-126.0558269346,49.4840368203],[-126.0565919884,49.4847615034],[-126.0563844066,49.4854413725],[-126.0555508565,49.4855324377],[-126.054160783,49.4849893308],[-126.0534654962,49.4844911842],[-126.0519364908,49.4839027995],[-126.0495739493,49.4833600945],[-126.0468646329,49.4833159806],[-126.0441552782,49.4832264821],[-126.0424876213,49.4827739722],[-126.0415147088,49.4823664907],[-126.0413750445,49.4815508272],[-126.0420692883,49.4810973836],[-126.0434583348,49.4808249302]]]]}},
{"type":"Feature","properties":{"CAPTURE_YEAR":2024,"PEST_SEVERITY_CODE":"T","PEST_CAPTURE_METHOD_CODE":"OS","TREE_SPECIES_CODE":"BA","AREA_HA":51.59},"geometry":{"type":"MultiPolygon","coordinates":[[[[-126.1108441242,49.48290695],[-126.1116081605,49.482860849],[-126.1125819224,49.483358337],[-126.1133499688,49.4849436499],[-126.1141159387,49.4856679264],[-126.1147430998,49.4864376612],[-126.1147455772,49.4874346399],[-126.1144005627,49.4883866666],[-126.1137778473,49.4894296172],[-126.1130171429,49.4908805591],[-126.1118403789,49.4926944583],[-126.1114258902,49.4936918568],[-126.1105269378,49.4955054487],[-126.1098347658,49.4966390694],[-126.1089323787,49.4970478286],[-126.1074725821,49.4968227008],[-126.1063589881,49.4960534142],[-126.1058707059,49.4952381894],[-126.1057299681,49.4944679414],[-126.1060060362,49.493651969],[-126.1065596059,49.4926544548],[-126.1073210691,49.4914301453],[-126.1091196376,49.4880748837],[-126.1100866774,49.4857174061],[-126.1101534473,49.4845844022],[-126.110289898,49.4835419603],[-126.1108441242,49.48290695]]]]}},
{"type":"Feature","properties":{"CAPTURE_YEAR":2023,"PEST_SEVERITY_CODE":"L","PEST_CAPTURE_METHOD_CODE":"OS","TREE_SPECIES_CODE":null,"AREA_HA":3.78},"geometry":{"type":"MultiPolygon","coordinates":[[[[-125.750707359,49.9333506713],[-125.7518699071,49.9331034248],[-125.7527391054,49.9334177423],[-125.7532202385,49.9339185905],[-125.7527320075,49.9347296083],[-125.7521486853,49.935228055],[-125.7510842164,49.9352256439],[-125.7503127871,49.9347241266],[-125.7502180667,49.9343490875],[-125.7502207982,49.9338493286],[-125.750707359,49.9333506713]]]]}},
{"type":"Feature","properties":{"CAPTURE_YEAR":2023,"PEST_SEVERITY_CODE":"L","PEST_CAPTURE_METHOD_CODE":"OS","TREE_SPECIES_CODE":null,"AREA_HA":4.12},"geometry":{"type":"MultiPolygon","coordinates":[[[[-125.7479365837,49.9444640305],[-125.7484215627,49.9442777343],[-125.7491938184,49.9446543212],[-125.7497683993,49.9457800874],[-125.7497639514,49.9465921819],[-125.7489878831,49.9469027562],[-125.7479231423,49.9469003145],[-125.7474402054,49.9467117946],[-125.7473482473,49.9458370093],[-125.747255603,49.9450871602],[-125.7479365837,49.9444640305]]]]}},
{"type":"Feature","properties":{"CAPTURE_YEAR":2023,"PEST_SEVERITY_CODE":"L","PEST_CAPTURE_METHOD_CODE":"OS","TREE_SPECIES_CODE":"BA","AREA_HA":6.52},"geometry":{"type":"MultiPolygon","coordinates":[[[[-125.4381080496,50.8532422765],[-125.4382650398,50.8527202825],[-125.4387915186,50.852722921],[-125.4392404042,50.8529152707],[-125.4396128905,50.8532022878],[-125.4400635677,50.8532520668],[-125.4405160307,50.8531592758],[-125.4408216318,50.8527805975],[-125.4410496412,50.8525916333],[-125.4417306937,50.8522623498],[-125.4421801799,50.8524071659],[-125.4420179011,50.8533568675],[-125.4420084155,50.8541172272],[-125.4422263535,50.8547361428],[-125.4416181095,50.8552558929],[-125.4405639016,50.8553456853],[-125.4395150492,50.8550077652],[-125.4387694563,50.8544812537],[-125.4383259294,50.8538612003],[-125.4381080496,50.8532422765]]]]}},
{"type":"Feature","properties":{"CAPTURE_YEAR":2023,"PEST_SEVERITY_CODE":"T","PEST_CAPTURE_METHOD_CODE":"OS","TREE_SPECIES_CODE":null,"AREA_HA":17.94},"geometry":{"type":"MultiPolygon","coordinates":[[[[-125.1345222511,49.205020011],[-125.135537795,49.2050281582],[-125.1359730272,49.2050316469],[-125.1364790303,49.205130966],[-125.137405243,49.2060433953],[-125.1385455861,49.2071480562],[-125.1395567684,49.2073942917],[-125.1406431467,49.2074982196],[-125.141362414,49.2078373759],[-125.1417154556,49.2083641404],[-125.1418491118,49.2089844221],[-125.1416200397,49.2096018162],[-125.1408910584,49.2097865399],[-125.1395144415,49.2096802987],[-125.1372849625,49.2086145769],[-125.1362091896,49.207939113],[-125.1354200718,49.2074564655],[-125.1334676372,49.2071073665],[-125.1325281464,49.2069092828],[-125.1317355267,49.2066171084],[-125.1315276917,49.2060914786],[-125.1316825612,49.2055687685],[-125.1320505961,49.2052859376],[-125.1329936058,49.2052935247],[-125.1335756952,49.2052029386],[-125.1345222511,49.205020011]]]]}},
{"type":"Feature","properties":{"CAPTURE_YEAR":2023,"PEST_SEVERITY_CODE":"T","PEST_CAPTURE_METHOD_CODE":"OS","TREE_SPECIES_CODE":null,"AREA_HA":9.2},"geometry":{"type":"MultiPolygon","coordinates":[[[[-125.1540563751,49.2119864302],[-125.1549995244,49.2119938248],[-125.1561585952,49.2120981641],[-125.1567329463,49.2124360799],[-125.1577210322,49.2139680157],[-125.1574195935,49.214584872],[-125.1564021076,49.2146721812],[-125.1545882547,49.2146579771],[-125.1532883556,49.214314357],[-125.1526501377,49.2134996056],[-125.152448116,49.2126406464],[-125.1525276158,49.212260217],[-125.1530398093,49.2120260819],[-125.1540563751,49.2119864302]]]]}},
{"type":"Feature","properties":{"CAPTURE_YEAR":2023,"PEST_SEVERITY_CODE":"T","PEST_CAPTURE_METHOD_CODE":"OS","TREE_SPECIES_CODE":null,"AREA_HA":5.5},"geometry":{"type":"MultiPolygon","coordinates":[[[[-125.1448057359,49.2139140009],[-125.1451020805,49.2135829286],[-125.1464053981,49.2137361477],[-125.1488713153,49.21380327],[-125.1495216734,49.2139512959],[-125.1496598077,49.2143334385],[-125.1493591314,49.214902647],[-125.1483355131,49.2153232529],[-125.1474639789,49.2153639985],[-125.1460128759,49.2153525174],[-125.1451509771,49.214869372],[-125.1447978472,49.214342624],[-125.1448057359,49.2139140009]]]]}},
{"type":"Feature","properties":{"CAPTURE_YEAR":2023,"PEST_SEVERITY_CODE":"T","PEST_CAPTURE_METHOD_CODE":"OS","TREE_SPECIES_CODE":null,"AREA_HA":18.4},"geometry":{"type":"MultiPolygon","coordinates":[[[[-125.1644202744,49.2207361505],[-125.1652918959,49.2206952682],[-125.1678948054,49.2212393226],[-125.1710689534,49.2223116449],[-125.1720729995,49.2229861892],[-125.1734348329,49.2239492498],[-125.1740103029,49.2242394431],[-125.1739284179,49.2247627538],[-125.1731225181,49.2251852556],[-125.1718179423,49.2250799865],[-125.1695110087,49.2242048959],[-125.1669830433,49.2235185708],[-125.1650348324,49.2228843057],[-125.1638097643,49.2223985057],[-125.1633803707,49.2220617593],[-125.1632472472,49.221393892],[-125.1632506782,49.2212033944],[-125.1636212169,49.2207775885],[-125.1644202744,49.2207361505]]]]}},
{"type":"Feature","properties":{"CAPTURE_YEAR":2023,"PEST_SEVERITY_CODE":"T","PEST_CAPTURE_METHOD_CODE":"OS","TREE_SPECIES_CODE":null,"AREA_HA":7.45},"geometry":{"type":"MultiPolygon","coordinates":[[[[-125.1844318746,49.2259381836],[-125.1846579506,49.2254635866],[-125.1853144337,49.2252780243],[-125.1863295936,49.2253333174],[-125.1874148297,49.2255320202],[-125.1878502592,49.2255352994],[-125.1882156135,49.2253951581],[-125.188942157,49.2253529925],[-125.1895185722,49.2255954779],[-125.1899490197,49.2258844938],[-125.1900908432,49.2260760816],[-125.1897238277,49.2263114772],[-125.1886269181,49.2267795374],[-125.1863637954,49.2275245794],[-125.1854186556,49.2276127071],[-125.1846245143,49.2273685551],[-125.1844235133,49.2264144261],[-125.1844318746,49.2259381836]]]]}},
{"type":"Feature","properties":{"CAPTURE_YEAR":2023,"PEST_SEVERITY_CODE":"T","PEST_CAPTURE_METHOD_CODE":"OS","TREE_SPECIES_CODE":null,"AREA_HA":8.25},"geometry":{"type":"MultiPolygon","coordinates":[[[[-125.1964796898,49.2259809684],[-125.1969901651,49.2258418785],[-125.1974965238,49.2259409072],[-125.1978569182,49.2260864797],[-125.1996663086,49.2263857013],[-125.2006064791,49.226583195],[-125.2011788756,49.2270637383],[-125.2020481277,49.2271654328],[-125.2024786677,49.2274543981],[-125.2025447008,49.2278359294],[-125.2014511606,49.2281136212],[-125.199201315,49.2280969435],[-125.1970265166,49.2279378867],[-125.1962323073,49.2276938203],[-125.1958752032,49.2273577468],[-125.1958826228,49.2269291286],[-125.1960376618,49.2263587184],[-125.1964796898,49.2259809684]]]]}},
{"type":"Feature","properties":{"CAPTURE_YEAR":2023,"PEST_SEVERITY_CODE":"T","PEST_CAPTURE_METHOD_CODE":"OS","TREE_SPECIES_CODE":"BA","AREA_HA":22.14},"geometry":{"type":"MultiPolygon","coordinates":[[[[-125.7062856048,49.338231969],[-125.7071044433,49.3381746649],[-125.7075576399,49.3384139901],[-125.7074629413,49.3390089799],[-125.7072788015,49.3393656295],[-125.7066384369,49.3399591404],[-125.7053625766,49.3403723443],[-125.7042689653,49.3407265059],[-125.7032655193,49.3411999536],[-125.7016212087,49.3423263933],[-125.698696544,49.3445206837],[-125.697780806,49.3454705156],[-125.6968650305,49.3464203374],[-125.6959550786,49.3464773077],[-125.6957755112,49.3461196586],[-125.6964223421,49.3445738494],[-125.6966998748,49.3438603372],[-125.6973446992,49.3426121337],[-125.697712378,49.3420179188],[-125.6986237902,49.34172284],[-125.6992619637,49.3414865185],[-125.6992662136,49.3408317609],[-125.6995444534,49.3399991913],[-125.701637308,49.339826411],[-125.7037320487,49.3393559723],[-125.7042796028,49.3390598476],[-125.7051924285,49.3385266183],[-125.7062856048,49.338231969]]]]}},
{"type":"Feature","properties":{"CAPTURE_YEAR":2021,"PEST_SEVERITY_CODE":"L","PEST_CAPTURE_METHOD_CODE":"OS","TREE_SPECIES_CODE":"BA","AREA_HA":3.55},"geometry":{"type":"MultiPolygon","coordinates":[[[[-124.4647110583,50.5744347914],[-124.4651781284,50.5744412338],[-124.4658198782,50.5748067134],[-124.4664555652,50.5753504199],[-124.4656738143,50.5763500987],[-124.4647315293,50.576574858],[-124.4637100096,50.5763824469],[-124.4635434521,50.5757857632],[-124.4636632285,50.575014717],[-124.464049052,50.5746634112],[-124.4647110583,50.5744347914]]]]}},
{"type":"Feature","properties":{"CAPTURE_YEAR":2021,"PEST_SEVERITY_CODE":"L","PEST_CAPTURE_METHOD_CODE":"OS","TREE_SPECIES_CODE":"BA","AREA_HA":10.58},"geometry":{"type":"MultiPolygon","coordinates":[[[[-124.5074233552,50.6157410745],[-124.5088278406,50.6157004485],[-124.5107264393,50.6176871904],[-124.5119046556,50.6188321904],[-124.5122590317,50.6194312682],[-124.5123289563,50.6201454144],[-124.511939188,50.6206156845],[-124.5108190207,50.6205412832],[-124.5098159925,50.6197552248],[-124.5082637786,50.6186051956],[-124.5074498207,50.6177622096],[-124.5069203497,50.6168041593],[-124.5069420456,50.6161506684],[-124.5074233552,50.6157410745]]]]}},
{"type":"Feature","properties":{"CAPTURE_YEAR":2021,"PEST_SEVERITY_CODE":"T","PEST_CAPTURE_METHOD_CODE":"OS","TREE_SPECIES_CODE":"BA","AREA_HA":117.01},"geometry":{"type":"MultiPolygon","coordinates":[[[[-125.9580196242,49.9938023628],[-125.9524765579,49.9933712553],[-125.9488177134,49.9935125604],[-125.9459348513,49.9937256032],[-125.9442718879,49.993653297],[-125.9430528542,49.9932238221],[-125.9418340255,49.9926513846],[-125.9413916576,49.9917934497],[-125.9415036222,49.9909358087],[-125.9457178721,49.9897228948],[-125.9523704629,49.988796804],[-125.9578029726,49.9882986986],[-125.9610178845,49.9882284118],[-125.9644546651,49.9879436771],[-125.9672262727,49.9876586381],[-125.9698871313,49.9871590719],[-125.9731019008,49.9871599065],[-125.9744321505,49.9871602243],[-125.976205706,49.9873750491],[-125.9770922554,49.9879470411],[-125.9770917891,49.98887622],[-125.9762043646,49.9899481594],[-125.9752063053,49.9905197401],[-125.9736539032,49.9910911796],[-125.9724344025,49.9910908802],[-125.9695520408,49.9909471688],[-125.967667314,49.991018105],[-125.9643405145,49.992160675],[-125.962233228,49.9931606191],[-125.9580196242,49.9938023628]]]]}},
{"type":"Feature","properties":{"CAPTURE_YEAR":2021,"PEST_SEVERITY_CODE":"L","PEST_CAPTURE_METHOD_CODE":"OS","TREE_SPECIES_CODE":"BA","AREA_HA":102.54},"geometry":{"type":"MultiPolygon","coordinates":[[[[-125.1782439769,49.150548846],[-125.1830861758,49.1471558841],[-125.1854732489,49.1473883307],[-125.1867648576,49.1481126374],[-125.1870709183,49.149258216],[-125.1867161634,49.1508989819],[-125.1846148899,49.152955255],[-125.181535202,49.1550040514],[-125.1785828575,49.1559819239],[-125.178148081,49.1559786069],[-125.1737609806,49.1581600973],[-125.1696842821,49.1612012357],[-125.1665074801,49.1625343075],[-125.1626975077,49.1627905707],[-125.1606461977,49.1619886216],[-125.1599058832,49.1608395989],[-125.1617912039,49.1587821413],[-125.1647415123,49.1579476202],[-125.1685638439,49.1569768467],[-125.1708630218,49.1560656752],[-125.1753638144,49.1535993513],[-125.1782439769,49.150548846]]]]}}
]
}
