{
"type": "FeatureCollection",
"name": "analysis-set",
"crs": { "type": "name", "properties": { "name": "urn:ogc:def:crs:OGC:1.3:CRS84" } },
"features": [
{ "type": "Feature", "properties": { "CAPTURE_YEAR": 2015, "PEST_SPECIES_CODE": "IBB", "PEST_SEVERITY_CODE": "T", "TREE_SPECIES_CODE": "BA", "AREA_HA": 77.31, "lidar_tiles": 8, "lidar_year": 2019, "year_offset": 4 }, "geometry": { "type": "Polygon", "coordinates": [ [ [ -127.81576029999998, 50.498958200000033 ], [ -127.815634800000012, 50.4994189 ], [ -127.815229, 50.500067699999974 ], [ -127.8151147, 50.5008034 ], [ -127.8149818, 50.501080800000011 ], [ -127.814712500000013, 50.501543799999986 ], [ -127.814007799999985, 50.501922299999976 ], [ -127.8137274, 50.50211029999997 ], [ -127.8136019, 50.502571 ], [ -127.813624, 50.503121 ], [ -127.8196862, 50.503480599999989 ], [ -127.8221029, 50.5027071 ], [ -127.8235233, 50.502225100000032 ], [ -127.824360700000014, 50.5015693 ], [ -127.8253086, 50.500086 ], [ -127.825972299999989, 50.498699099999968 ], [ -127.826817, 50.498226599999988 ], [ -127.8291266, 50.498372 ], [ -127.831170699999987, 50.4990722 ], [ -127.832333, 50.499328200000015 ], [ -127.833624199999988, 50.499215199999973 ], [ -127.834044699999978, 50.4989331 ], [ -127.834280199999981, 50.4976449 ], [ -127.834269, 50.4973699 ], [ -127.833080699999982, 50.496472200000028 ], [ -127.832331599999975, 50.495750700000023 ], [ -127.829276799999988, 50.49497550000001 ], [ -127.8268347, 50.4951074 ], [ -127.8245327, 50.495145199999989 ], [ -127.8222419, 50.495458 ], [ -127.821090899999973, 50.4954769 ], [ -127.82022760000001, 50.495491 ], [ -127.819076700000011, 50.4955099 ], [ -127.818375800000013, 50.49598 ], [ -127.817686, 50.4967252 ], [ -127.817568, 50.497369200000016 ], [ -127.8173024, 50.497924 ], [ -127.8168855, 50.4982977 ], [ -127.8164723, 50.4987631 ], [ -127.81576029999998, 50.498958200000033 ] ] ] } },
{ "type": "Feature", "properties": { "CAPTURE_YEAR": 2015, "PEST_SPECIES_CODE": "IBB", "PEST_SEVERITY_CODE": "T", "TREE_SPECIES_CODE": "BA", "AREA_HA": 34.06, "lidar_tiles": 1, "lidar_year": 2019, "year_offset": 4 }, "geometry": { "type": "Polygon", "coordinates": [ [ [ -127.7666654, 50.510023500000017 ], [ -127.7676729, 50.510007500000022 ], [ -127.768957399999977, 50.5097119 ], [ -127.770522500000013, 50.509228299999982 ], [ -127.7724007, 50.509381800000014 ], [ -127.77407, 50.507887499999974 ], [ -127.774321699999987, 50.5069662 ], [ -127.7737028, 50.505875299999971 ], [ -127.7722385, 50.505256600000024 ], [ -127.7696482, 50.5052979 ], [ -127.768662400000011, 50.505863899999973 ], [ -127.766809599999988, 50.5063521 ], [ -127.766068499999975, 50.5058135 ], [ -127.7664679, 50.504981599999965 ], [ -127.7664499, 50.5045232 ], [ -127.7652843, 50.5041748 ], [ -127.7642806, 50.504282500000024 ], [ -127.7629998, 50.504669699999987 ], [ -127.7621543, 50.505141800000018 ], [ -127.7621865, 50.50596680000001 ], [ -127.7627872, 50.506599400000013 ], [ -127.7636615, 50.506860700000033 ], [ -127.764841499999989, 50.507575800000033 ], [ -127.7648522, 50.5078508 ], [ -127.764017400000014, 50.5085979 ], [ -127.7643232, 50.509051699999986 ], [ -127.764474299999989, 50.509232800000021 ], [ -127.76505, 50.5092236 ], [ -127.765769599999985, 50.5092122 ], [ -127.766802200000015, 50.509837900000022 ], [ -127.7666654, 50.510023500000017 ] ] ] } },
{ "type": "Feature", "properties": { "CAPTURE_YEAR": 2015, "PEST_SPECIES_CODE": "IBB", "PEST_SEVERITY_CODE": "T", "TREE_SPECIES_CODE": "BA", "AREA_HA": 32.13, "lidar_tiles": 4, "lidar_year": 2019, "year_offset": 4 }, "geometry": { "type": "Polygon", "coordinates": [ [ [ -127.726338500000011, 50.51368429999998 ], [ -127.726352600000013, 50.514051 ], [ -127.7262367, 50.5147866 ], [ -127.725253699999982, 50.515444 ], [ -127.724537500000011, 50.515546800000024 ], [ -127.723098099999973, 50.51556919999998 ], [ -127.7210829, 50.515600399999983 ], [ -127.7205071, 50.515609299999973 ], [ -127.719376599999975, 50.516177200000023 ], [ -127.718972699999981, 50.516917199999952 ], [ -127.7188987, 50.518752900000024 ], [ -127.721693299999984, 50.520269 ], [ -127.7235472, 50.519781600000066 ], [ -127.7249517, 50.5188426 ], [ -127.725373, 50.518560899999983 ], [ -127.7260893, 50.518458 ], [ -127.7270969, 50.518442399999962 ], [ -127.7279536, 50.518245600000029 ], [ -127.728490699999981, 50.5172282 ], [ -127.729291100000012, 50.515564700000013 ], [ -127.7295438, 50.514643499999984 ], [ -127.7292278, 50.513914599999964 ], [ -127.728058800000014, 50.5134741 ], [ -127.7269073, 50.513492 ], [ -127.726338500000011, 50.51368429999998 ] ] ] } },
{ "type": "Feature", "properties": { "CAPTURE_YEAR": 2017, "PEST_SPECIES_CODE": "IBB", "PEST_SEVERITY_CODE": "T", "TREE_SPECIES_CODE": "BA", "AREA_HA": 76.37, "lidar_tiles": 8, "lidar_year": 2019, "year_offset": 2 }, "geometry": { "type": "Polygon", "coordinates": [ [ [ -124.8520444, 48.758474199999981 ], [ -124.849777899999978, 48.7607022 ], [ -124.848567499999987, 48.761704400000013 ], [ -124.847598, 48.762552 ], [ -124.847367, 48.763178700000019 ], [ -124.847850199999982, 48.763698799999986 ], [ -124.8483733, 48.764347899999976 ], [ -124.8483412, 48.764776599999983 ], [ -124.8480074, 48.765202 ], [ -124.847759, 48.765657 ], [ -124.8477718, 48.766014599999949 ], [ -124.848126299999976, 48.766504599999969 ], [ -124.8489138, 48.766927900000027 ], [ -124.850577, 48.7676894 ], [ -124.851900699999987, 48.768232799999979 ], [ -124.8531886, 48.7684754 ], [ -124.853881199999989, 48.768368399999972 ], [ -124.8542787, 48.767986599999979 ], [ -124.854427199999989, 48.767201699999944 ], [ -124.8545236, 48.765901399999976 ], [ -124.8547059, 48.765502900000016 ], [ -124.855149499999982, 48.764992899999939 ], [ -124.8563355, 48.764104699999983 ], [ -124.8570542, 48.763812 ], [ -124.8579648, 48.7636073 ], [ -124.858706, 48.763272 ], [ -124.8589747, 48.762860200000055 ], [ -124.85912, 48.7622039 ], [ -124.8592834, 48.761690799999947 ], [ -124.8596401, 48.761208400000051 ], [ -124.860422699999987, 48.760945100000022 ], [ -124.861208, 48.760567300000034 ], [ -124.8616106, 48.759971 ], [ -124.8617214, 48.7589569 ], [ -124.861501599999983, 48.758239499999952 ], [ -124.8608428, 48.757846299999983 ], [ -124.8601378, 48.757581399999985 ], [ -124.8593404, 48.757572899999978 ], [ -124.8585599, 48.757750400000013 ], [ -124.857565, 48.75788280000004 ], [ -124.8570269, 48.757848400000029 ], [ -124.85646890000001, 48.757742399999977 ], [ -124.856109499999988, 48.757452500000021 ], [ -124.855774399999987, 48.757048499999982 ], [ -124.8553055, 48.756828899999981 ], [ -124.854724, 48.756894199999962 ], [ -124.8538549, 48.7571709 ], [ -124.852758899999984, 48.757909899999923 ], [ -124.8520444, 48.758474199999981 ] ] ] } },
{ "type": "Feature", "properties": { "CAPTURE_YEAR": 2017, "PEST_SPECIES_CODE": "IBB", "PEST_SEVERITY_CODE": "T", "TREE_SPECIES_CODE": "BA", "AREA_HA": 20.1, "lidar_tiles": 2, "lidar_year": 2019, "year_offset": 2 }, "geometry": { "type": "Polygon", "coordinates": [ [ [ -124.9357621, 48.792659499999978 ], [ -124.935814600000015, 48.793518 ], [ -124.935582599999989, 48.794230700000021 ], [ -124.934957399999988, 48.794844099999949 ], [ -124.933493899999988, 48.795949599999958 ], [ -124.9326873, 48.796632700000018 ], [ -124.9326351, 48.797347200000054 ], [ -124.932585, 48.7979663 ], [ -124.932822, 48.7986121 ], [ -124.933391300000011, 48.79888 ], [ -124.934723299999987, 48.798821800000027 ], [ -124.9359527, 48.7985242 ], [ -124.936721800000015, 48.797912200000013 ], [ -124.9376562, 48.79634859999998 ], [ -124.938706, 48.7944524 ], [ -124.9388627, 48.793882 ], [ -124.9384921, 48.792782 ], [ -124.9373617, 48.791889 ], [ -124.9367581, 48.791549300000035 ], [ -124.9360665, 48.791923800000021 ], [ -124.9357621, 48.792659499999978 ] ] ] } },
{ "type": "Feature", "properties": { "CAPTURE_YEAR": 2017, "PEST_SPECIES_CODE": "IBB", "PEST_SEVERITY_CODE": "T", "TREE_SPECIES_CODE": "BA", "AREA_HA": 71.4, "lidar_tiles": 3, "lidar_year": 2019, "year_offset": 2 }, "geometry": { "type": "Polygon", "coordinates": [ [ [ -124.9675988, 48.803434400000029 ], [ -124.9670479, 48.80395330000006 ], [ -124.9660983, 48.80461150000005 ], [ -124.9656379, 48.805917700000016 ], [ -124.965438100000014, 48.806821400000032 ], [ -124.9657476, 48.807467899999956 ], [ -124.9665975, 48.808071899999966 ], [ -124.967349, 48.808246 ], [ -124.9681402, 48.808253599999986 ], [ -124.969514, 48.807933300000045 ], [ -124.9707149, 48.807301400000021 ], [ -124.9716301, 48.8065714 ], [ -124.972270599999987, 48.805243 ], [ -124.9727939, 48.8043424 ], [ -124.973014399999983, 48.8024856 ], [ -124.973016, 48.800769699999982 ], [ -124.9727961, 48.7993139 ], [ -124.9723866, 48.798309 ], [ -124.9718703, 48.797255399999955 ], [ -124.9713138, 48.7963921 ], [ -124.9706401, 48.7959566 ], [ -124.969781, 48.795781500000039 ], [ -124.9685909, 48.795936800000028 ], [ -124.9673278, 48.796139099999962 ], [ -124.966855199999983, 48.79637290000003 ], [ -124.966265799999988, 48.797010600000021 ], [ -124.9658958, 48.797483699999958 ], [ -124.9651203, 48.798405599999946 ], [ -124.962968499999988, 48.799767 ], [ -124.9619427, 48.800615 ], [ -124.9616408, 48.801255599999983 ], [ -124.9620216, 48.801926599999923 ], [ -124.9630163, 48.802484400000033 ], [ -124.964272099999988, 48.802615700000068 ], [ -124.9660345, 48.80260890000006 ], [ -124.9670773, 48.802619 ], [ -124.967538499999989, 48.80290950000002 ], [ -124.9675988, 48.803434400000029 ] ] ] } },
{ "type": "Feature", "properties": { "CAPTURE_YEAR": 2017, "PEST_SPECIES_CODE": "IBB", "PEST_SEVERITY_CODE": "T", "TREE_SPECIES_CODE": "BA", "AREA_HA": 159.4, "lidar_tiles": 2, "lidar_year": 2019, "year_offset": 2 }, "geometry": { "type": "Polygon", "coordinates": [ [ [ -125.655138799999989, 49.3828159 ], [ -125.6571183, 49.3829936 ], [ -125.6584559, 49.383321600000038 ], [ -125.6592704, 49.383476500000022 ], [ -125.6598838, 49.38324990000001 ], [ -125.6600332, 49.382736099999981 ], [ -125.659745699999988, 49.382221 ], [ -125.6590199, 49.38189490000002 ], [ -125.658061199999977, 49.381549 ], [ -125.6564299, 49.3815629 ], [ -125.6551772, 49.381578 ], [ -125.6527319, 49.381379699999982 ], [ -125.65049, 49.381239099999981 ], [ -125.6480155, 49.3810597 ], [ -125.646298, 49.3809208 ], [ -125.644259299999987, 49.380876 ], [ -125.641346700000014, 49.380847300000013 ], [ -125.6382891, 49.380741900000011 ], [ -125.636308700000015, 49.3806972 ], [ -125.634505699999977, 49.380329200000013 ], [ -125.633606, 49.3799072 ], [ -125.6327929, 49.379599700000014 ], [ -125.631337, 49.3795376 ], [ -125.6304629, 49.379572699999976 ], [ -125.628540899999976, 49.379528 ], [ -125.6259521, 49.379081 ], [ -125.623013799999981, 49.378651800000021 ], [ -125.6210964, 49.378035600000011 ], [ -125.6197026, 49.377516500000056 ], [ -125.6183103, 49.3768259 ], [ -125.6166281, 49.375962799999975 ], [ -125.6157859, 49.375674100000019 ], [ -125.614302, 49.3754974 ], [ -125.6133118, 49.375493900000031 ], [ -125.6124972, 49.375376700000018 ], [ -125.6122377, 49.375071 ], [ -125.6124449, 49.3746718 ], [ -125.613235, 49.374217500000022 ], [ -125.613996500000013, 49.3737059 ], [ -125.6145261, 49.373060200000012 ], [ -125.6147647, 49.3723944 ], [ -125.6144494, 49.371783799999967 ], [ -125.6138994, 49.371381799999988 ], [ -125.6117783, 49.370802800000014 ], [ -125.6094216, 49.37054670000002 ], [ -125.6078467, 49.370826799999968 ], [ -125.607116399999981, 49.3710908 ], [ -125.6066754, 49.371584399999968 ], [ -125.6068156, 49.3722135 ], [ -125.607014, 49.372861800000052 ], [ -125.607824099999988, 49.3734933 ], [ -125.6085182, 49.37406720000002 ], [ -125.6089235, 49.37435439999998 ], [ -125.6091261, 49.374507500000028 ], [ -125.6088609, 49.3748684 ], [ -125.6081909, 49.374885 ], [ -125.6051069, 49.3745119 ], [ -125.6031293, 49.374180900000013 ], [ -125.5991746, 49.373461600000027 ], [ -125.5953339, 49.3730473 ], [ -125.5919, 49.372748699999988 ], [ -125.5907351, 49.3727443 ], [ -125.5899181, 49.3729126 ], [ -125.589360399999975, 49.373405700000028 ], [ -125.5893274, 49.3738437 ], [ -125.589556500000015, 49.3742827 ], [ -125.5904546, 49.374819399999986 ], [ -125.592227, 49.375302199999986 ], [ -125.5947279, 49.375730699999984 ], [ -125.5978128, 49.376008800000015 ], [ -125.600169099999974, 49.3763414 ], [ -125.6012442, 49.376631 ], [ -125.602522600000015, 49.376997599999974 ], [ -125.6044126, 49.3773664 ], [ -125.6056925, 49.377561600000014 ], [ -125.608049099999988, 49.3778749 ], [ -125.6101445, 49.3780729 ], [ -125.612239699999975, 49.378309 ], [ -125.615147400000012, 49.378909800000017 ], [ -125.616745, 49.3794298 ], [ -125.618370200000015, 49.3801593 ], [ -125.6198807, 49.380659800000018 ], [ -125.621303, 49.3812743 ], [ -125.6221447, 49.3816391 ], [ -125.62322, 49.3819476 ], [ -125.624705, 49.3820099 ], [ -125.6273275, 49.381904699999986 ], [ -125.62913420000001, 49.3818157 ], [ -125.630823299999989, 49.3818595 ], [ -125.6329184, 49.3821333 ], [ -125.6341986, 49.3823281 ], [ -125.6354493, 49.3825609 ], [ -125.637341, 49.3827768 ], [ -125.638914, 49.382782 ], [ -125.6418272, 49.3827536 ], [ -125.6468376, 49.382732 ], [ -125.6520805, 49.382787 ], [ -125.655138799999989, 49.3828159 ] ] ] } },
{ "type": "Feature", "properties": { "CAPTURE_YEAR": 2017, "PEST_SPECIES_CODE": "IBB", "PEST_SEVERITY_CODE": "T", "TREE_SPECIES_CODE": "BA", "AREA_HA": 38.67, "lidar_tiles": 2, "lidar_year": 2019, "year_offset": 2 }, "geometry": { "type": "Polygon", "coordinates": [ [ [ -125.6885113, 49.3864526 ], [ -125.6892968, 49.3866072 ], [ -125.689850799999988, 49.3865326 ], [ -125.6907553, 49.386325700000015 ], [ -125.691514, 49.3861374 ], [ -125.692417799999987, 49.3860257 ], [ -125.6939909, 49.386030100000042 ], [ -125.6948061, 49.386089600000027 ], [ -125.6964077, 49.3861893 ], [ -125.6986503, 49.38627169999998 ], [ -125.70010689999998, 49.3862758 ], [ -125.7014765, 49.3862034 ], [ -125.702467899999988, 49.386053700000026 ], [ -125.703431099999989, 49.3857707 ], [ -125.7038109, 49.385600299999986 ], [ -125.704017, 49.385258 ], [ -125.7039603, 49.3850103 ], [ -125.7033815, 49.3844182 ], [ -125.702626199999983, 49.384092400000036 ], [ -125.7014621, 49.383917799999985 ], [ -125.698811600000013, 49.383872300000014 ], [ -125.69572380000001, 49.383863700000028 ], [ -125.694325600000013, 49.3838597 ], [ -125.692549500000013, 49.383740400000015 ], [ -125.6897847, 49.3833516 ], [ -125.6868725, 49.383248 ], [ -125.6847736, 49.3834705 ], [ -125.683197, 49.3839992 ], [ -125.682407599999976, 49.384415900000015 ], [ -125.6823752, 49.384892 ], [ -125.683014, 49.385198600000017 ], [ -125.6836546, 49.3852385 ], [ -125.6843259, 49.38505 ], [ -125.6847925, 49.3849752 ], [ -125.6854331, 49.385015199999977 ], [ -125.685782, 49.385111399999985 ], [ -125.6864787, 49.385475300000024 ], [ -125.6876974, 49.3861836 ], [ -125.6885113, 49.3864526 ] ] ] } },
{ "type": "Feature", "properties": { "CAPTURE_YEAR": 2017, "PEST_SPECIES_CODE": "IBB", "PEST_SEVERITY_CODE": "T", "TREE_SPECIES_CODE": "BA", "AREA_HA": 17.69, "lidar_tiles": 4, "lidar_year": 2019, "year_offset": 2 }, "geometry": { "type": "Polygon", "coordinates": [ [ [ -126.267403699999974, 49.424554 ], [ -126.2681701, 49.424742599999988 ], [ -126.269410199999982, 49.424906200000024 ], [ -126.270980099999989, 49.4253784 ], [ -126.2720761, 49.425828 ], [ -126.273171800000014, 49.426229899999989 ], [ -126.2746692, 49.426749899999976 ], [ -126.2755462, 49.4271286 ], [ -126.276166, 49.427174599999965 ], [ -126.2766757, 49.42707809999996 ], [ -126.276671900000011, 49.426435299999973 ], [ -126.2764822, 49.425197799999978 ], [ -126.2763688, 49.424507699999964 ], [ -126.2760374, 49.423937200000012 ], [ -126.275416399999983, 49.4237007 ], [ -126.2746146, 49.4237028 ], [ -126.273777599999988, 49.423895300000012 ], [ -126.2730135, 49.424111499999981 ], [ -126.272357399999976, 49.4240894 ], [ -126.27181, 49.4239717 ], [ -126.271152, 49.423616299999964 ], [ -126.2707486, 49.4231887 ], [ -126.270017599999989, 49.4228335 ], [ -126.268960400000012, 49.422764699999988 ], [ -126.267649, 49.422863100000022 ], [ -126.267067399999974, 49.4231265 ], [ -126.2667791, 49.4236747 ], [ -126.2668547, 49.424150699999963 ], [ -126.267403699999974, 49.424554 ] ] ] } },
{ "type": "Feature", "properties": { "CAPTURE_YEAR": 2017, "PEST_SPECIES_CODE": "IBB", "PEST_SEVERITY_CODE": "T", "TREE_SPECIES_CODE": "BA", "AREA_HA": 15.81, "lidar_tiles": 3, "lidar_year": 2019, "year_offset": 2 }, "geometry": { "type": "Polygon", "coordinates": [ [ [ -126.2739752, 49.4392986 ], [ -126.2747968, 49.4401345 ], [ -126.276174599999976, 49.441311800000015 ], [ -126.2771691, 49.441785400000022 ], [ -126.2784253, 49.442125 ], [ -126.2793289, 49.442027400000015 ], [ -126.279794, 49.4417596 ], [ -126.2797021, 49.441036100000034 ], [ -126.2790227, 49.439609499999982 ], [ -126.2781674, 49.438031 ], [ -126.277692099999982, 49.436584800000034 ], [ -126.277368099999975, 49.436052300000021 ], [ -126.2766083, 49.435787600000019 ], [ -126.2760848, 49.436036599999987 ], [ -126.2757973, 49.43672289999995 ], [ -126.275801, 49.437351399999976 ], [ -126.276007400000012, 49.4377318 ], [ -126.2759512, 49.4380747 ], [ -126.2758066, 49.438284600000017 ], [ -126.275574299999974, 49.438456600000016 ], [ -126.2751956, 49.4385337 ], [ -126.274640799999986, 49.4384209 ], [ -126.2742322, 49.4383648 ], [ -126.2740011, 49.4387463 ], [ -126.2739752, 49.4392986 ] ] ] } },
{ "type": "Feature", "properties": { "CAPTURE_YEAR": 2017, "PEST_SPECIES_CODE": "IBB", "PEST_SEVERITY_CODE": "T", "TREE_SPECIES_CODE": "BA", "AREA_HA": 31.05, "lidar_tiles": 2, "lidar_year": 2019, "year_offset": 2 }, "geometry": { "type": "Polygon", "coordinates": [ [ [ -126.2857466, 49.4610554 ], [ -126.2856066, 49.462008 ], [ -126.2855228, 49.462617600000037 ], [ -126.2852623, 49.46296109999998 ], [ -126.2849127, 49.46305730000001 ], [ -126.284301, 49.463230300000021 ], [ -126.2838954, 49.4637074 ], [ -126.2838972, 49.4639931 ], [ -126.284016, 49.464335600000013 ], [ -126.284603100000012, 49.4649054 ], [ -126.2853346, 49.465227199999987 ], [ -126.287205199999988, 49.4656984 ], [ -126.289309499999987, 49.466226 ], [ -126.2905652, 49.466356 ], [ -126.2912067, 49.466278099999975 ], [ -126.2917005, 49.465914899999987 ], [ -126.2918991, 49.465019299999966 ], [ -126.291953499999977, 49.46439069999996 ], [ -126.2921826, 49.46370450000002 ], [ -126.2924999, 49.463113299999989 ], [ -126.2928468, 49.462598100000015 ], [ -126.2927557, 49.4620461 ], [ -126.2919943, 49.4616101 ], [ -126.2901803, 49.46083409999995 ], [ -126.2884261, 49.4602675 ], [ -126.2873446, 49.4599657 ], [ -126.2863524, 49.459949200000018 ], [ -126.2858, 49.460255400000015 ], [ -126.2857466, 49.4610554 ] ] ] } },
{ "type": "Feature", "properties": { "CAPTURE_YEAR": 2017, "PEST_SPECIES_CODE": "IBB", "PEST_SEVERITY_CODE": "T", "TREE_SPECIES_CODE": "BA", "AREA_HA": 28.91, "lidar_tiles": 1, "lidar_year": 2019, "year_offset": 2 }, "geometry": { "type": "Polygon", "coordinates": [ [ [ -126.4116177, 49.493978299999974 ], [ -126.4118604, 49.494177399999984 ], [ -126.4125399, 49.494246199999957 ], [ -126.41326140000001, 49.494114899999971 ], [ -126.4140454, 49.493626299999967 ], [ -126.4147223, 49.4933952 ], [ -126.4154001, 49.4932783 ], [ -126.4162981, 49.4932892 ], [ -126.4170193, 49.493129299999978 ], [ -126.417824599999989, 49.4925835 ], [ -126.4180615, 49.492139800000039 ], [ -126.4178168, 49.4917122 ], [ -126.417505899999981, 49.4912421 ], [ -126.4174577, 49.4907567 ], [ -126.41785, 49.490540900000013 ], [ -126.4183083, 49.490367799999987 ], [ -126.419225399999974, 49.490078599999983 ], [ -126.4197706, 49.4898337 ], [ -126.4200523, 49.489504100000012 ], [ -126.4198282, 49.488947900000035 ], [ -126.41941, 49.4887067 ], [ -126.4183827, 49.4889106 ], [ -126.4169429, 49.489516 ], [ -126.4157652, 49.490049 ], [ -126.414519, 49.490268 ], [ -126.4134026, 49.4903151 ], [ -126.411606400000011, 49.4902506 ], [ -126.409897899999976, 49.490199899999986 ], [ -126.4084293, 49.490034 ], [ -126.4075529, 49.4899802 ], [ -126.406962, 49.4900253 ], [ -126.4065475, 49.4901982 ], [ -126.4064634, 49.490598399999982 ], [ -126.4066435, 49.4911548 ], [ -126.4071751, 49.4918384 ], [ -126.4082086, 49.4923201 ], [ -126.409042, 49.4924598 ], [ -126.4102701, 49.492655099999986 ], [ -126.4109497, 49.492738300000035 ], [ -126.411521099999987, 49.4929646 ], [ -126.4115474, 49.493464400000022 ], [ -126.4116177, 49.493978299999974 ] ] ] } },
{ "type": "Feature", "properties": { "CAPTURE_YEAR": 2017, "PEST_SPECIES_CODE": "IBB", "PEST_SEVERITY_CODE": "T", "TREE_SPECIES_CODE": "BA", "AREA_HA": 11.13, "lidar_tiles": 2, "lidar_year": 2019, "year_offset": 2 }, "geometry": { "type": "Polygon", "coordinates": [ [ [ -126.3351302, 49.5120684 ], [ -126.334522600000014, 49.5128701 ], [ -126.3341488, 49.513690100000012 ], [ -126.3340081, 49.5144332 ], [ -126.3341007, 49.5151185 ], [ -126.3345696, 49.515326499999979 ], [ -126.335561899999988, 49.515190100000012 ], [ -126.337104699999983, 49.514442699999989 ], [ -126.338209600000013, 49.513734700000036 ], [ -126.3389056, 49.513046899999985 ], [ -126.3391617, 49.512113 ], [ -126.338690399999976, 49.511581299999989 ], [ -126.338191599999988, 49.5112782 ], [ -126.3370521, 49.511243600000022 ], [ -126.335885600000012, 49.511494800000015 ], [ -126.3351302, 49.5120684 ] ] ] } },
{ "type": "Feature", "properties": { "CAPTURE_YEAR": 2017, "PEST_SPECIES_CODE": "IBB", "PEST_SEVERITY_CODE": "L", "TREE_SPECIES_CODE": "BA", "AREA_HA": 31.67, "lidar_tiles": 4, "lidar_year": 2020, "year_offset": 3 }, "geometry": { "type": "Polygon", "coordinates": [ [ [ -124.149150100000014, 50.434759 ], [ -124.147346700000014, 50.4351094 ], [ -124.1463647, 50.435426 ], [ -124.145459, 50.4356962 ], [ -124.1443006, 50.436675699999988 ], [ -124.1440361, 50.437670100000041 ], [ -124.1437205, 50.438092900000044 ], [ -124.143156, 50.4391299 ], [ -124.1434934, 50.439991699999986 ], [ -124.145369500000015, 50.439690099999986 ], [ -124.147249599999981, 50.439293500000012 ], [ -124.1500981, 50.438912899999984 ], [ -124.151689800000014, 50.438273599999967 ], [ -124.1527853, 50.437007599999987 ], [ -124.153963, 50.435552700000017 ], [ -124.1543918, 50.434180499999982 ], [ -124.154031, 50.4338891 ], [ -124.1534389, 50.4337841 ], [ -124.15044180000001, 50.4341623 ], [ -124.149150100000014, 50.434759 ] ] ] } },
{ "type": "Feature", "properties": { "CAPTURE_YEAR": 2017, "PEST_SPECIES_CODE": "IBB", "PEST_SEVERITY_CODE": "L", "TREE_SPECIES_CODE": "BA", "AREA_HA": 23.89, "lidar_tiles": 1, "lidar_year": 2020, "year_offset": 3 }, "geometry": { "type": "Polygon", "coordinates": [ [ [ -124.038353699999988, 50.3940769 ], [ -124.036595499999976, 50.3942598 ], [ -124.0338595, 50.3946632 ], [ -124.031006599999984, 50.3951834 ], [ -124.030695400000013, 50.395487 ], [ -124.0304959, 50.3957927 ], [ -124.0305941, 50.396103600000039 ], [ -124.0311388, 50.3964225 ], [ -124.032290300000014, 50.39649050000002 ], [ -124.034968600000013, 50.396561799999979 ], [ -124.0380594, 50.396569 ], [ -124.040898899999988, 50.3963576 ], [ -124.0435565, 50.396047800000012 ], [ -124.044983899999977, 50.3957638 ], [ -124.0456691, 50.395419100000012 ], [ -124.0458727, 50.3950184 ], [ -124.0456266, 50.394681100000035 ], [ -124.045046599999978, 50.394314099999988 ], [ -124.0434227, 50.393976200000054 ], [ -124.0411518, 50.3939599 ], [ -124.038353699999988, 50.3940769 ] ] ] } },
{ "type": "Feature", "properties": { "CAPTURE_YEAR": 2016, "PEST_SPECIES_CODE": "IBB", "PEST_SEVERITY_CODE": "L", "TREE_SPECIES_CODE": "BA", "AREA_HA": 7.13, "lidar_tiles": 2, "lidar_year": 2020, "year_offset": 4 }, "geometry": { "type": "Polygon", "coordinates": [ [ [ -124.0604534, 50.3872173 ], [ -124.0598886, 50.388795299999977 ], [ -124.059852299999989, 50.389641499999982 ], [ -124.0613154, 50.390302199999986 ], [ -124.0632005, 50.388853199999964 ], [ -124.0626061, 50.387255 ], [ -124.0623112, 50.386403 ], [ -124.0604852, 50.386476899999984 ], [ -124.0604534, 50.3872173 ] ] ] } },
{ "type": "Feature", "properties": { "CAPTURE_YEAR": 2016, "PEST_SPECIES_CODE": "IBB", "PEST_SEVERITY_CODE": "T", "TREE_SPECIES_CODE": "BA", "AREA_HA": 19.14, "lidar_tiles": 1, "lidar_year": 2019, "year_offset": 3 }, "geometry": { "type": "Polygon", "coordinates": [ [ [ -127.84263679999998, 50.4677609 ], [ -127.8415502, 50.4650419 ], [ -127.840449899999982, 50.464375899999986 ], [ -127.8383304, 50.465033100000021 ], [ -127.836557899999988, 50.464627 ], [ -127.8339256, 50.464670500000011 ], [ -127.833988800000014, 50.466224600000011 ], [ -127.8367996, 50.4681687 ], [ -127.838057, 50.467899 ], [ -127.8394219, 50.4678764 ], [ -127.8413846, 50.4681549 ], [ -127.84263679999998, 50.4677609 ] ] ] } },
{ "type": "Feature", "properties": { "CAPTURE_YEAR": 2016, "PEST_SPECIES_CODE": "IBB", "PEST_SEVERITY_CODE": "L", "TREE_SPECIES_CODE": "BA", "AREA_HA": 38.08, "lidar_tiles": 3, "lidar_year": 2019, "year_offset": 3 }, "geometry": { "type": "Polygon", "coordinates": [ [ [ -126.3168055, 49.5505031 ], [ -126.3178943, 49.551719700000021 ], [ -126.318989, 49.553780599999982 ], [ -126.3190724, 49.555422300000025 ], [ -126.320958599999983, 49.5573402 ], [ -126.3211891, 49.559403599999968 ], [ -126.3218404, 49.559823899999977 ], [ -126.3229236, 49.560196 ], [ -126.324868, 49.560096399999985 ], [ -126.3255097, 49.5591562 ], [ -126.32528760000001, 49.5583125 ], [ -126.3238364, 49.5568156 ], [ -126.3241738, 49.5535776 ], [ -126.322066899999982, 49.5510037 ], [ -126.318885799999975, 49.5492773 ], [ -126.3171553, 49.549000900000024 ], [ -126.316222900000014, 49.549566600000027 ], [ -126.3168055, 49.5505031 ] ] ] } },
{ "type": "Feature", "properties": { "CAPTURE_YEAR": 2016, "PEST_SPECIES_CODE": "IBB", "PEST_SEVERITY_CODE": "L", "TREE_SPECIES_CODE": "BA", "AREA_HA": 41.67, "lidar_tiles": 3, "lidar_year": 2019, "year_offset": 3 }, "geometry": { "type": "Polygon", "coordinates": [ [ [ -126.3091068, 49.551698100000038 ], [ -126.311287899999982, 49.554694299999973 ], [ -126.311515399999976, 49.5563825 ], [ -126.3141242, 49.5586737 ], [ -126.3170341, 49.5627935 ], [ -126.31884070000001, 49.563585700000012 ], [ -126.3194154, 49.563349499999966 ], [ -126.319701, 49.562973299999967 ], [ -126.3192616, 49.561942599999981 ], [ -126.3185159, 49.558285599999969 ], [ -126.31727930000001, 49.5565535 ], [ -126.3141585, 49.5531379 ], [ -126.3127158, 49.5528137 ], [ -126.311553499999974, 49.551362699999977 ], [ -126.311399599999973, 49.5499089 ], [ -126.3103843, 49.548879699999979 ], [ -126.309377899999987, 49.549164 ], [ -126.3091068, 49.551698100000038 ] ] ] } },
{ "type": "Feature", "properties": { "CAPTURE_YEAR": 2016, "PEST_SPECIES_CODE": "IBB", "PEST_SEVERITY_CODE": "T", "TREE_SPECIES_CODE": "BA", "AREA_HA": 335.82, "lidar_tiles": 12, "lidar_year": 2019, "year_offset": 3 }, "geometry": { "type": "Polygon", "coordinates": [ [ [ -124.814635900000013, 48.756652799999969 ], [ -124.806459300000014, 48.758449500000019 ], [ -124.8008156, 48.7605437 ], [ -124.801272, 48.762571399999977 ], [ -124.804457, 48.765236500000015 ], [ -124.8045225, 48.766653099999985 ], [ -124.8078661, 48.767095 ], [ -124.8197773, 48.762373200000013 ], [ -124.83231760000001, 48.7567804 ], [ -124.8335804, 48.755041299999988 ], [ -124.8381427, 48.755495499999938 ], [ -124.8609284, 48.746302299999961 ], [ -124.8616427, 48.746175099999974 ], [ -124.8571583, 48.742553800000039 ], [ -124.8518597, 48.743171100000019 ], [ -124.847581699999978, 48.743597 ], [ -124.8433738, 48.745304400000016 ], [ -124.841094, 48.7471 ], [ -124.8322669, 48.750644499999957 ], [ -124.8250165, 48.7520482 ], [ -124.816773099999978, 48.756541700000014 ], [ -124.814635900000013, 48.756652799999969 ] ] ] } },
{ "type": "Feature", "properties": { "CAPTURE_YEAR": 2016, "PEST_SPECIES_CODE": "IBB", "PEST_SEVERITY_CODE": "T", "TREE_SPECIES_CODE": "BA", "AREA_HA": 11.18, "lidar_tiles": 2, "lidar_year": 2019, "year_offset": 3 }, "geometry": { "type": "Polygon", "coordinates": [ [ [ -124.7518761, 48.7924667 ], [ -124.753983800000015, 48.7926225 ], [ -124.755475699999977, 48.7923556 ], [ -124.7569057, 48.791934800000014 ], [ -124.7562715, 48.790965100000015 ], [ -124.75593880000001, 48.789824 ], [ -124.7529909, 48.7902489 ], [ -124.7501907, 48.790084899999947 ], [ -124.750032499999989, 48.7910672 ], [ -124.7518761, 48.7924667 ] ] ] } },
{ "type": "Feature", "properties": { "CAPTURE_YEAR": 2016, "PEST_SPECIES_CODE": "IBB", "PEST_SEVERITY_CODE": "L", "TREE_SPECIES_CODE": "BA", "AREA_HA": 45.37, "lidar_tiles": 1, "lidar_year": 2019, "year_offset": 3 }, "geometry": { "type": "Polygon", "coordinates": [ [ [ -126.995180199999979, 50.31686429999997 ], [ -126.9948791, 50.317523199999982 ], [ -126.9968376, 50.3204837 ], [ -126.9979631, 50.321432599999973 ], [ -127.0008163, 50.322012499999971 ], [ -127.0019486, 50.323264200000033 ], [ -127.003475299999977, 50.324512299999967 ], [ -127.0038323, 50.326376699999983 ], [ -127.004483599999986, 50.3272793 ], [ -127.0072041, 50.3289708 ], [ -127.0119232, 50.331804900000023 ], [ -127.014379299999987, 50.332236700000024 ], [ -127.01500369999998, 50.3319281 ], [ -127.0150679, 50.331271300000033 ], [ -127.014272100000014, 50.330975800000026 ], [ -127.012604, 50.330486300000054 ], [ -127.010925699999987, 50.3295426 ], [ -127.010261899999989, 50.3280848 ], [ -127.007609, 50.325888 ], [ -127.0065755, 50.3255441 ], [ -127.0051806, 50.3231339 ], [ -127.0022871, 50.3207373 ], [ -127.000060600000012, 50.319949799999975 ], [ -126.9994895, 50.319096900000012 ], [ -126.997590800000012, 50.3152778 ], [ -126.9962811, 50.31670290000001 ], [ -126.995180199999979, 50.31686429999997 ] ] ] } },
{ "type": "Feature", "properties": { "CAPTURE_YEAR": 2016, "PEST_SPECIES_CODE": "IBB", "PEST_SEVERITY_CODE": "M", "TREE_SPECIES_CODE": "BA", "AREA_HA": 52.05, "lidar_tiles": 4, "lidar_year": 2020, "year_offset": 4 }, "geometry": { "type": "Polygon", "coordinates": [ [ [ -124.1726944, 50.4473408 ], [ -124.1691307, 50.449293099999977 ], [ -124.167382300000014, 50.4514869 ], [ -124.1669862, 50.453068 ], [ -124.1696182, 50.453640699999958 ], [ -124.1736155, 50.453283200000023 ], [ -124.176507399999977, 50.451531399999979 ], [ -124.178548600000013, 50.4502948 ], [ -124.180632300000013, 50.4480005 ], [ -124.1818441, 50.446750199999975 ], [ -124.181061899999989, 50.4455732 ], [ -124.1777372, 50.44573029999993 ], [ -124.1726944, 50.4473408 ] ] ] } },
{ "type": "Feature", "properties": { "CAPTURE_YEAR": 2018, "PEST_SPECIES_CODE": "IBB", "PEST_SEVERITY_CODE": "L", "TREE_SPECIES_CODE": "BA", "AREA_HA": 32.49, "lidar_tiles": 4, "lidar_year": 2019, "year_offset": 1 }, "geometry": { "type": "Polygon", "coordinates": [ [ [ -126.0981815, 49.285526299999979 ], [ -126.0976924, 49.286205400000014 ], [ -126.096931599999976, 49.2873133 ], [ -126.0962796, 49.288278300000023 ], [ -126.0960085, 49.2889929 ], [ -126.0959557, 49.289778700000014 ], [ -126.0961201, 49.290242899999946 ], [ -126.0967212, 49.29095669999996 ], [ -126.0974858, 49.291670299999929 ], [ -126.098032, 49.292169899999962 ], [ -126.0985233, 49.292526599999988 ], [ -126.099287, 49.292740200000026 ], [ -126.100485800000016, 49.2925605 ], [ -126.101793199999975, 49.292166400000021 ], [ -126.1024459, 49.291522900000011 ], [ -126.103152099999988, 49.290415 ], [ -126.1034229, 49.289628900000011 ], [ -126.1030387, 49.2884506 ], [ -126.102491, 49.2872725 ], [ -126.101670699999985, 49.286023199999988 ], [ -126.1003611, 49.28531 ], [ -126.0990531, 49.285311199999981 ], [ -126.0981815, 49.285526299999979 ] ] ] } },
{ "type": "Feature", "properties": { "CAPTURE_YEAR": 2020, "PEST_SPECIES_CODE": "IAB", "PEST_SEVERITY_CODE": "T", "TREE_SPECIES_CODE": "BA", "AREA_HA": 377.69, "lidar_tiles": 2, "lidar_year": 2025, "year_offset": 5 }, "geometry": { "type": "Polygon", "coordinates": [ [ [ -125.8416952, 50.138748 ], [ -125.840211, 50.1397567 ], [ -125.836965, 50.141714 ], [ -125.83344, 50.1439681 ], [ -125.8309371, 50.145034500000023 ], [ -125.8291741, 50.1462209 ], [ -125.8259294, 50.147583400000052 ], [ -125.8242604, 50.1483536 ], [ -125.8220385, 50.148469 ], [ -125.819076599999988, 50.1484642 ], [ -125.813889300000014, 50.1494068 ], [ -125.807035200000016, 50.150465300000022 ], [ -125.804347799999988, 50.151174 ], [ -125.803790100000015, 50.151708099999979 ], [ -125.8037772, 50.154680899999974 ], [ -125.8037649, 50.157534799999986 ], [ -125.8052253, 50.1624128 ], [ -125.806879200000012, 50.165388400000033 ], [ -125.8077003, 50.168303200000054 ], [ -125.8082403, 50.171990299999983 ], [ -125.808413500000015, 50.174844500000013 ], [ -125.809331199999988, 50.1768675 ], [ -125.811272899999977, 50.177643799999977 ], [ -125.8148868, 50.1772337 ], [ -125.8180408, 50.175990399999989 ], [ -125.8198988, 50.174566599999984 ], [ -125.8205523, 50.173259599999973 ], [ -125.8201898, 50.171237599999969 ], [ -125.8191787, 50.169333400000021 ], [ -125.818545199999974, 50.165646100000011 ], [ -125.8178147, 50.1630883 ], [ -125.8168084, 50.160054399999972 ], [ -125.8175594, 50.157499 ], [ -125.82006770000001, 50.1553033 ], [ -125.8260056, 50.1518643 ], [ -125.833055800000011, 50.1477728 ], [ -125.8383392, 50.1456402 ], [ -125.8430651, 50.144041699999988 ], [ -125.8451081, 50.142023 ], [ -125.846318599999989, 50.139824800000014 ], [ -125.8466934, 50.138457800000012 ], [ -125.845861700000015, 50.1380999 ], [ -125.844012399999983, 50.13768109999998 ], [ -125.842900700000015, 50.138036299999982 ], [ -125.8416952, 50.138748 ] ] ] } },
{ "type": "Feature", "properties": { "CAPTURE_YEAR": 2020, "PEST_SPECIES_CODE": "IAB", "PEST_SEVERITY_CODE": "T", "TREE_SPECIES_CODE": "BA", "AREA_HA": 211.59, "lidar_tiles": 5, "lidar_year": 2019, "year_offset": 1 }, "geometry": { "type": "Polygon", "coordinates": [ [ [ -125.8437398, 50.221881 ], [ -125.846301399999973, 50.2220966 ], [ -125.849278899999987, 50.221570700000022 ], [ -125.852009299999978, 50.220726299999981 ], [ -125.8544915, 50.2199345 ], [ -125.8563112, 50.2195129 ], [ -125.857552399999989, 50.219090399999978 ], [ -125.858215199999989, 50.2185612 ], [ -125.8587136, 50.217766800000028 ], [ -125.85755850000001, 50.217129299999989 ], [ -125.8564013, 50.2171808 ], [ -125.8540027, 50.2177077 ], [ -125.8529286, 50.217600200000014 ], [ -125.852516200000011, 50.217334600000029 ], [ -125.8526004, 50.216857700000027 ], [ -125.8531807, 50.216328400000016 ], [ -125.854256, 50.216064800000012 ], [ -125.855580199999977, 50.215483499999984 ], [ -125.856573599999976, 50.2149548 ], [ -125.8569893, 50.214160200000023 ], [ -125.855918500000016, 50.213045699999959 ], [ -125.854845, 50.212779300000015 ], [ -125.8532741, 50.2129892 ], [ -125.850049399999989, 50.213515 ], [ -125.8477343, 50.213829800000013 ], [ -125.8448426, 50.2136138 ], [ -125.8436861, 50.2134531 ], [ -125.8430272, 50.212816099999976 ], [ -125.8431131, 50.211862099999983 ], [ -125.8431976, 50.211332199999987 ], [ -125.8436971, 50.21027280000002 ], [ -125.8446925, 50.209161099999989 ], [ -125.845937799999987, 50.2074667 ], [ -125.846686100000014, 50.206089599999984 ], [ -125.8470188, 50.205454 ], [ -125.8473521, 50.2046063 ], [ -125.8469404, 50.2041817 ], [ -125.846115399999988, 50.2038095 ], [ -125.8447931, 50.2039137 ], [ -125.842561100000012, 50.204228500000013 ], [ -125.8409073, 50.204597199999988 ], [ -125.839663800000011, 50.205761499999987 ], [ -125.8378422, 50.206819 ], [ -125.8364333, 50.207983 ], [ -125.83519, 50.209041300000031 ], [ -125.8343609, 50.2097821 ], [ -125.8336967, 50.2106292 ], [ -125.83385770000001, 50.211795599999967 ], [ -125.8340186, 50.213015 ], [ -125.8340971, 50.2141282 ], [ -125.8335984, 50.214922500000014 ], [ -125.8328526, 50.215451399999985 ], [ -125.8314451, 50.2161384 ], [ -125.8300377, 50.216772299999988 ], [ -125.828711700000014, 50.217724300000015 ], [ -125.8282957, 50.218465699999967 ], [ -125.8282931, 50.2191548 ], [ -125.829035100000013, 50.219633 ], [ -125.8307691, 50.2201127 ], [ -125.8324222, 50.220115199999981 ], [ -125.8344059, 50.2201182 ], [ -125.837133400000013, 50.220122300000028 ], [ -125.8390345, 50.2201251 ], [ -125.841594, 50.2209238 ], [ -125.8437398, 50.221881 ] ] ] } },
{ "type": "Feature", "properties": { "CAPTURE_YEAR": 2020, "PEST_SPECIES_CODE": "IAB", "PEST_SEVERITY_CODE": "T", "TREE_SPECIES_CODE": "BA", "AREA_HA": 113.37, "lidar_tiles": 4, "lidar_year": 2019, "year_offset": 1 }, "geometry": { "type": "Polygon", "coordinates": [ [ [ -125.859910199999973, 50.2317615 ], [ -125.860652300000012, 50.232398500000031 ], [ -125.8623866, 50.233036700000014 ], [ -125.864121399999988, 50.2335159 ], [ -125.8668485, 50.233943300000035 ], [ -125.8708172, 50.233948 ], [ -125.8756967, 50.233423499999986 ], [ -125.8790902, 50.2320492 ], [ -125.8797559, 50.2304068 ], [ -125.8795168, 50.2270673 ], [ -125.879026599999989, 50.224893599999945 ], [ -125.8777071, 50.223726 ], [ -125.874155800000011, 50.222608900000026 ], [ -125.8704366, 50.2224456 ], [ -125.868698799999976, 50.223132599999985 ], [ -125.867786900000013, 50.224032600000022 ], [ -125.8674487, 50.2266294 ], [ -125.867111899999983, 50.2286962 ], [ -125.866778, 50.2298089 ], [ -125.8664458, 50.230338499999974 ], [ -125.865369300000012, 50.230920200000028 ], [ -125.8648729, 50.231025599999988 ], [ -125.8638808, 50.231024399999974 ], [ -125.862558, 50.231022799999977 ], [ -125.861235899999983, 50.2308091 ], [ -125.860243700000012, 50.2308609 ], [ -125.859746800000011, 50.231125199999987 ], [ -125.859910199999973, 50.2317615 ] ] ] } },
{ "type": "Feature", "properties": { "CAPTURE_YEAR": 2020, "PEST_SPECIES_CODE": "IAB", "PEST_SEVERITY_CODE": "T", "TREE_SPECIES_CODE": "BA", "AREA_HA": 77.36, "lidar_tiles": 6, "lidar_year": 2019, "year_offset": 1 }, "geometry": { "type": "Polygon", "coordinates": [ [ [ -125.8508225, 50.229735399999981 ], [ -125.8498275, 50.230635199999945 ], [ -125.8495754, 50.2318539 ], [ -125.849572099999989, 50.232861 ], [ -125.8498136, 50.2348225 ], [ -125.8501384, 50.236625 ], [ -125.851785499999977, 50.23864140000002 ], [ -125.8534362, 50.239597700000019 ], [ -125.855833499999989, 50.2398128 ], [ -125.8585629, 50.2396043 ], [ -125.86096160000001, 50.2393954 ], [ -125.8634424, 50.23934550000002 ], [ -125.865675, 50.239348199999981 ], [ -125.866667799999988, 50.2391904 ], [ -125.867495599999984, 50.23887340000001 ], [ -125.8666709, 50.238130299999973 ], [ -125.8650187, 50.2375983 ], [ -125.862623700000015, 50.236641299999988 ], [ -125.859649499999989, 50.2358425 ], [ -125.858410799999987, 50.235363899999982 ], [ -125.857338299999981, 50.234620400000054 ], [ -125.857092200000011, 50.233984099999979 ], [ -125.8567645, 50.233029599999988 ], [ -125.856603299999975, 50.231704300000033 ], [ -125.85668840000001, 50.23096229999998 ], [ -125.856854899999988, 50.23059150000001 ], [ -125.856279499999985, 50.2295307 ], [ -125.8547931, 50.228998700000027 ], [ -125.852891899999989, 50.2289432 ], [ -125.8512367, 50.229471 ], [ -125.8508225, 50.229735399999981 ] ] ] } },
{ "type": "Feature", "properties": { "CAPTURE_YEAR": 2020, "PEST_SPECIES_CODE": "IAB", "PEST_SEVERITY_CODE": "T", "TREE_SPECIES_CODE": "BA", "AREA_HA": 112.6, "lidar_tiles": 2, "lidar_year": 2019, "year_offset": 1 }, "geometry": { "type": "Polygon", "coordinates": [ [ [ -125.9096614, 50.241566100000014 ], [ -125.9104008, 50.244057799999979 ], [ -125.9113901, 50.245595700000017 ], [ -125.911635799999985, 50.246868 ], [ -125.9123788, 50.2475576 ], [ -125.913535, 50.2484066 ], [ -125.9148585, 50.248301599999976 ], [ -125.916265, 50.248037699999969 ], [ -125.9168448, 50.2475611 ], [ -125.9168472, 50.246236 ], [ -125.9169325, 50.244805 ], [ -125.91644, 50.242843499999978 ], [ -125.9164425, 50.241465399999989 ], [ -125.9161134, 50.240564100000014 ], [ -125.9155353, 50.2401396 ], [ -125.9152884, 50.239503399999982 ], [ -125.9154547, 50.2390265 ], [ -125.9156215, 50.238284599999986 ], [ -125.9163664, 50.237861099999989 ], [ -125.9171104, 50.2379677 ], [ -125.9182674, 50.238339599999989 ], [ -125.920169199999975, 50.238341 ], [ -125.9223204, 50.2375475 ], [ -125.925133299999985, 50.2365953 ], [ -125.9262098, 50.235642 ], [ -125.9277814, 50.235219 ], [ -125.9289395, 50.234901699999973 ], [ -125.930510899999987, 50.2345847 ], [ -125.9310901, 50.23432 ], [ -125.9310909, 50.233737 ], [ -125.9302657, 50.2327294 ], [ -125.9294399, 50.232092799999982 ], [ -125.9281177, 50.231721 ], [ -125.9271256, 50.231720300000013 ], [ -125.9256369, 50.232037299999988 ], [ -125.9235694, 50.232407 ], [ -125.9222465, 50.232406 ], [ -125.9198491, 50.2322983 ], [ -125.9176991, 50.232508800000012 ], [ -125.9159613, 50.233355499999981 ], [ -125.9126503, 50.235367099999984 ], [ -125.9109936, 50.236955899999977 ], [ -125.9097496, 50.23881 ], [ -125.9096614, 50.241566100000014 ] ] ] } },
{ "type": "Feature", "properties": { "CAPTURE_YEAR": 2020, "PEST_SPECIES_CODE": "IAB", "PEST_SEVERITY_CODE": "L", "TREE_SPECIES_CODE": "BA", "AREA_HA": 9.45, "lidar_tiles": 1, "lidar_year": 2019, "year_offset": 1 }, "geometry": { "type": "Polygon", "coordinates": [ [ [ -125.952823199999983, 50.2456212 ], [ -125.952077699999975, 50.2467339 ], [ -125.9510834, 50.2484826 ], [ -125.951579099999989, 50.249012799999988 ], [ -125.952075099999988, 50.249225100000025 ], [ -125.9529021, 50.2492784 ], [ -125.953315799999984, 50.2491726 ], [ -125.954143599999981, 50.248430900000024 ], [ -125.95513720000001, 50.247318200000059 ], [ -125.955634300000014, 50.2463644 ], [ -125.955635, 50.2456754 ], [ -125.9553048, 50.2450922 ], [ -125.954147, 50.2450917 ], [ -125.952823199999983, 50.2456212 ] ] ] } },
{ "type": "Feature", "properties": { "CAPTURE_YEAR": 2020, "PEST_SPECIES_CODE": "IAB", "PEST_SEVERITY_CODE": "T", "TREE_SPECIES_CODE": "BA", "AREA_HA": 48.85, "lidar_tiles": 3, "lidar_year": 2019, "year_offset": 1 }, "geometry": { "type": "Polygon", "coordinates": [ [ [ -127.707356600000011, 50.5698443 ], [ -127.7070067, 50.570442 ], [ -127.7064715, 50.572701 ], [ -127.7050899, 50.5755654 ], [ -127.7043445, 50.5771958 ], [ -127.7036312, 50.578036 ], [ -127.7026165, 50.5791177 ], [ -127.7019076, 50.5800762 ], [ -127.70137290000001, 50.580716200000012 ], [ -127.70054279999998, 50.581755599999987 ], [ -127.700382, 50.5824293 ], [ -127.7001015, 50.58322340000003 ], [ -127.7001919, 50.583972299999985 ], [ -127.7005261, 50.584599 ], [ -127.7012192, 50.5848648 ], [ -127.7019611, 50.5847745 ], [ -127.7047205, 50.582205 ], [ -127.708142, 50.5774535 ], [ -127.7104092, 50.5733909 ], [ -127.710898699999987, 50.571566899999965 ], [ -127.7111624, 50.570338699999972 ], [ -127.710941800000015, 50.5694338 ], [ -127.7100552, 50.568973599999936 ], [ -127.7086902, 50.568994600000011 ], [ -127.707356600000011, 50.5698443 ] ] ] } },
{ "type": "Feature", "properties": { "CAPTURE_YEAR": 2020, "PEST_SPECIES_CODE": "IAB", "PEST_SEVERITY_CODE": "T", "TREE_SPECIES_CODE": "BA", "AREA_HA": 82.56, "lidar_tiles": 6, "lidar_year": 2019, "year_offset": 1 }, "geometry": { "type": "Polygon", "coordinates": [ [ [ -127.738928699999988, 50.562681699999985 ], [ -127.7386133, 50.565766800000013 ], [ -127.7384927, 50.567466700000011 ], [ -127.738880599999973, 50.5694746 ], [ -127.7400814, 50.5716277 ], [ -127.7434277, 50.5762745 ], [ -127.7449483, 50.5786595 ], [ -127.7456194, 50.579952099999986 ], [ -127.745888199999982, 50.5820803 ], [ -127.74562539999998, 50.583308499999958 ], [ -127.745682, 50.584768700000033 ], [ -127.7456023, 50.585915100000022 ], [ -127.745772300000013, 50.5870971 ], [ -127.7462949, 50.5877602 ], [ -127.7472459, 50.588258599999982 ], [ -127.7480498, 50.588167 ], [ -127.748880399999976, 50.587166799999984 ], [ -127.749121800000012, 50.585386 ], [ -127.7485753, 50.582511900000036 ], [ -127.747685800000014, 50.580393499999964 ], [ -127.7464055, 50.577807399999976 ], [ -127.7450964, 50.5744714 ], [ -127.7450024, 50.570445 ], [ -127.7449834, 50.568352300000022 ], [ -127.7448433, 50.5663406 ], [ -127.744766899999988, 50.5643673 ], [ -127.743887, 50.5624856 ], [ -127.7431181, 50.561865799999985 ], [ -127.742169300000015, 50.561406800000015 ], [ -127.7407348, 50.5612318 ], [ -127.739813500000011, 50.561483200000012 ], [ -127.738928699999988, 50.562681699999985 ] ] ] } },
{ "type": "Feature", "properties": { "CAPTURE_YEAR": 2020, "PEST_SPECIES_CODE": "IAB", "PEST_SEVERITY_CODE": "T", "TREE_SPECIES_CODE": "BA", "AREA_HA": 7.06, "lidar_tiles": 1, "lidar_year": 2019, "year_offset": 1 }, "geometry": { "type": "Polygon", "coordinates": [ [ [ -127.737766299999976, 50.413560300000022 ], [ -127.737788799999976, 50.4141455 ], [ -127.7380257, 50.4146929 ], [ -127.738695299999989, 50.4152679 ], [ -127.739303100000015, 50.415637299999986 ], [ -127.740238299999987, 50.416104799999957 ], [ -127.7411577, 50.4161593 ], [ -127.741952, 50.415767899999949 ], [ -127.74192810000001, 50.415148299999984 ], [ -127.7416766, 50.4142222 ], [ -127.740953, 50.413648 ], [ -127.7398587, 50.413251900000013 ], [ -127.7388841, 50.413163899999986 ], [ -127.7381858, 50.4132437 ], [ -127.737766299999976, 50.413560300000022 ] ] ] } },
{ "type": "Feature", "properties": { "CAPTURE_YEAR": 2020, "PEST_SPECIES_CODE": "IAB", "PEST_SEVERITY_CODE": "T", "TREE_SPECIES_CODE": "BA", "AREA_HA": 7.06, "lidar_tiles": 1, "lidar_year": 2019, "year_offset": 1 }, "geometry": { "type": "Polygon", "coordinates": [ [ [ -127.790730799999977, 50.430766300000023 ], [ -127.790803899999986, 50.4312474 ], [ -127.7909295, 50.431693099999983 ], [ -127.791211499999989, 50.431998599999979 ], [ -127.7922945, 50.432084400000022 ], [ -127.7940152, 50.431918800000012 ], [ -127.7956239, 50.4316517 ], [ -127.7967, 50.431565400000018 ], [ -127.797004500000014, 50.4310782 ], [ -127.7967709, 50.430634200000014 ], [ -127.7962206, 50.4303676 ], [ -127.7945429, 50.430257 ], [ -127.7925471, 50.4302892 ], [ -127.790730799999977, 50.430766300000023 ] ] ] } },
{ "type": "Feature", "properties": { "CAPTURE_YEAR": 2020, "PEST_SPECIES_CODE": "IAB", "PEST_SEVERITY_CODE": "T", "TREE_SPECIES_CODE": "BA", "AREA_HA": 11.63, "lidar_tiles": 2, "lidar_year": 2019, "year_offset": 1 }, "geometry": { "type": "Polygon", "coordinates": [ [ [ -127.8430186, 50.437939700000015 ], [ -127.8422814, 50.438209 ], [ -127.84218580000001, 50.438688 ], [ -127.8424899, 50.4390869 ], [ -127.8435342, 50.4392899 ], [ -127.845447399999983, 50.439625299999982 ], [ -127.8476468, 50.4399192 ], [ -127.8496476, 50.440987599999985 ], [ -127.8514368, 50.4411047 ], [ -127.8517139, 50.440843 ], [ -127.8516928, 50.440329199999987 ], [ -127.8512116, 50.4398231 ], [ -127.8501537, 50.4392899 ], [ -127.8490427, 50.438867699999967 ], [ -127.8472916, 50.438272599999976 ], [ -127.84543, 50.437789400000028 ], [ -127.844222099999982, 50.437809500000014 ], [ -127.8430186, 50.437939700000015 ] ] ] } },
{ "type": "Feature", "properties": { "CAPTURE_YEAR": 2020, "PEST_SPECIES_CODE": "IAB", "PEST_SEVERITY_CODE": "T", "TREE_SPECIES_CODE": "BA", "AREA_HA": 6.33, "lidar_tiles": 1, "lidar_year": 2019, "year_offset": 1 }, "geometry": { "type": "Polygon", "coordinates": [ [ [ -127.8542796, 50.4416448 ], [ -127.85363, 50.442647199999989 ], [ -127.853501099999988, 50.443714300000018 ], [ -127.853534200000013, 50.4445217 ], [ -127.8542306, 50.444656900000012 ], [ -127.8548513, 50.4443528 ], [ -127.8560307, 50.443635299999983 ], [ -127.8565259, 50.443076099999971 ], [ -127.856498699999989, 50.4424156 ], [ -127.8564125, 50.441719299999988 ], [ -127.8560992, 50.441100199999973 ], [ -127.8555134, 50.44085290000001 ], [ -127.854776199999989, 50.4411223 ], [ -127.8542796, 50.4416448 ] ] ] } },
{ "type": "Feature", "properties": { "CAPTURE_YEAR": 2020, "PEST_SPECIES_CODE": "IAB", "PEST_SEVERITY_CODE": "T", "TREE_SPECIES_CODE": "BA", "AREA_HA": 15.58, "lidar_tiles": 2, "lidar_year": 2019, "year_offset": 1 }, "geometry": { "type": "Polygon", "coordinates": [ [ [ -127.638649499999985, 50.61099930000001 ], [ -127.6374638, 50.612736300000023 ], [ -127.637299, 50.613929100000014 ], [ -127.6378432, 50.614582500000019 ], [ -127.638370599999973, 50.6147732 ], [ -127.6388908, 50.6147655 ], [ -127.640533600000012, 50.614146099999985 ], [ -127.6430401, 50.6115299 ], [ -127.643209500000012, 50.610469199999969 ], [ -127.6428781, 50.609945 ], [ -127.6418162, 50.6093654 ], [ -127.6404664, 50.6094515 ], [ -127.638649499999985, 50.61099930000001 ] ] ] } },
{ "type": "Feature", "properties": { "CAPTURE_YEAR": 2016, "PEST_SPECIES_CODE": "IBB", "PEST_SEVERITY_CODE": "L", "TREE_SPECIES_CODE": "BA", "AREA_HA": 7.98, "lidar_tiles": 1, "lidar_year": 2019, "year_offset": 3 }, "geometry": { "type": "Polygon", "coordinates": [ [ [ -124.606347199999988, 48.806085500000023 ], [ -124.607221, 48.8065165 ], [ -124.608425, 48.806490300000021 ], [ -124.610016299999984, 48.806217299999979 ], [ -124.6142266, 48.805181 ], [ -124.6149428, 48.804518900000012 ], [ -124.613687899999988, 48.804124900000019 ], [ -124.607638099999974, 48.805263099999955 ], [ -124.606347199999988, 48.806085500000023 ] ] ] } },
{ "type": "Feature", "properties": { "CAPTURE_YEAR": 2020, "PEST_SPECIES_CODE": "IAB", "PEST_SEVERITY_CODE": "T", "TREE_SPECIES_CODE": "BA", "AREA_HA": 35.16, "lidar_tiles": 2, "lidar_year": 2025, "year_offset": 5 }, "geometry": { "type": "Polygon", "coordinates": [ [ [ -125.708933, 50.071495299999988 ], [ -125.7075124, 50.073803199999979 ], [ -125.70750240000001, 50.075361099999952 ], [ -125.707962, 50.0767694 ], [ -125.708890599999989, 50.078128700000022 ], [ -125.7092776, 50.07868260000005 ], [ -125.7105244, 50.079138099999987 ], [ -125.7116973, 50.078940200000019 ], [ -125.712101800000013, 50.076730100000034 ], [ -125.7128167, 50.074822300000044 ], [ -125.713140200000012, 50.0730642 ], [ -125.7140087, 50.071558899999978 ], [ -125.7146395, 50.0706057 ], [ -125.7144115, 50.0696 ], [ -125.7138677, 50.069146300000014 ], [ -125.7118377, 50.069090700000018 ], [ -125.710585099999989, 50.06959 ], [ -125.708933, 50.071495299999988 ] ] ] } },
{ "type": "Feature", "properties": { "CAPTURE_YEAR": 2020, "PEST_SPECIES_CODE": "IAB", "PEST_SEVERITY_CODE": "T", "TREE_SPECIES_CODE": "BA", "AREA_HA": 31.62, "lidar_tiles": 1, "lidar_year": 2024, "year_offset": 4 }, "geometry": { "type": "Polygon", "coordinates": [ [ [ -125.678774, 50.128900399999985 ], [ -125.678288099999989, 50.131260800000049 ], [ -125.679684, 50.132923100000014 ], [ -125.681086299999976, 50.133681 ], [ -125.6818676, 50.133783699999967 ], [ -125.6831963, 50.1338881 ], [ -125.6842153, 50.13353919999998 ], [ -125.685315399999979, 50.132788599999984 ], [ -125.6858686, 50.131935899999988 ], [ -125.686112299999976, 50.1306301 ], [ -125.6858085, 50.12932269999996 ], [ -125.684408300000015, 50.128263499999989 ], [ -125.683631299999988, 50.127557700000018 ], [ -125.681680500000013, 50.126999299999966 ], [ -125.6804273, 50.127297200000022 ], [ -125.678774, 50.128900399999985 ] ] ] } },
{ "type": "Feature", "properties": { "CAPTURE_YEAR": 2020, "PEST_SPECIES_CODE": "IAB", "PEST_SEVERITY_CODE": "T", "TREE_SPECIES_CODE": "BA", "AREA_HA": 167.85, "lidar_tiles": 1, "lidar_year": 2025, "year_offset": 5 }, "geometry": { "type": "Polygon", "coordinates": [ [ [ -125.7951038, 50.107277 ], [ -125.7957383, 50.1101323 ], [ -125.795637, 50.112094199999987 ], [ -125.7956295, 50.113759099999967 ], [ -125.7950682, 50.1151851 ], [ -125.794502799999989, 50.1175029 ], [ -125.7942064, 50.121664499999966 ], [ -125.7950205, 50.1257687 ], [ -125.794907900000013, 50.1302279 ], [ -125.79554490000001, 50.132607400000033 ], [ -125.7956248, 50.135402 ], [ -125.795520599999989, 50.138018 ], [ -125.795794699999988, 50.138791400000045 ], [ -125.797457, 50.139567399999983 ], [ -125.798381600000013, 50.1397475 ], [ -125.7994937, 50.139392799999975 ], [ -125.8007989, 50.137195200000029 ], [ -125.8018396, 50.131964800000013 ], [ -125.8015714, 50.129823900000012 ], [ -125.801209899999989, 50.1278611 ], [ -125.8002959, 50.1253027 ], [ -125.799933399999986, 50.123577800000028 ], [ -125.799759900000012, 50.120961300000012 ], [ -125.800615900000011, 50.115611500000028 ], [ -125.801644700000011, 50.112997100000015 ], [ -125.802391899999975, 50.11133359999998 ], [ -125.8034187, 50.109135400000021 ], [ -125.8031487, 50.107410599999966 ], [ -125.802044699999982, 50.106100500000018 ], [ -125.8000163, 50.104729299999974 ], [ -125.798263299999988, 50.103834200000016 ], [ -125.796876799999978, 50.103712699999974 ], [ -125.7953911, 50.1050775 ], [ -125.7951038, 50.107277 ] ] ] } },
{ "type": "Feature", "properties": { "CAPTURE_YEAR": 2020, "PEST_SPECIES_CODE": "IAB", "PEST_SEVERITY_CODE": "T", "TREE_SPECIES_CODE": "BA", "AREA_HA": 27.45, "lidar_tiles": 2, "lidar_year": 2024, "year_offset": 4 }, "geometry": { "type": "Polygon", "coordinates": [ [ [ -125.767743199999984, 50.149353 ], [ -125.761763300000013, 50.150014600000041 ], [ -125.7601464, 50.1503224 ], [ -125.7586094, 50.150785899999981 ], [ -125.757476, 50.151302200000018 ], [ -125.756907899999973, 50.151819699999983 ], [ -125.7569054, 50.152286599999968 ], [ -125.7577924, 50.152547899999966 ], [ -125.759327499999984, 50.1524476 ], [ -125.7635277, 50.1524048 ], [ -125.769752799999978, 50.15122479999998 ], [ -125.7718561, 50.150554799999973 ], [ -125.7735563, 50.1497282 ], [ -125.7738824, 50.1491064 ], [ -125.7734807, 50.148690500000015 ], [ -125.7709763, 50.148841 ], [ -125.767743199999984, 50.149353 ] ] ] } },
{ "type": "Feature", "properties": { "CAPTURE_YEAR": 2018, "PEST_SPECIES_CODE": "IBB", "PEST_SEVERITY_CODE": "T", "TREE_SPECIES_CODE": "BA", "AREA_HA": 22.09, "lidar_tiles": 1, "lidar_year": 2019, "year_offset": 1 }, "geometry": { "type": "Polygon", "coordinates": [ [ [ -125.772235099999989, 49.486966400000014 ], [ -125.771661, 49.487152200000011 ], [ -125.7714451, 49.487338699999967 ], [ -125.771443399999981, 49.487689200000027 ], [ -125.771442, 49.4879696 ], [ -125.7715825, 49.488530799999971 ], [ -125.7715802, 49.488998199999983 ], [ -125.7715765, 49.489746 ], [ -125.7714275, 49.490890700000016 ], [ -125.7714593, 49.4917087 ], [ -125.7716003, 49.492176400000012 ], [ -125.771955799999986, 49.492738 ], [ -125.7723486, 49.4930192 ], [ -125.773421700000014, 49.493395400000011 ], [ -125.7740663, 49.493466800000014 ], [ -125.7745323, 49.493421 ], [ -125.7747851, 49.4930009 ], [ -125.7749658, 49.49269749999997 ], [ -125.7752185, 49.492300799999988 ], [ -125.7754002, 49.491787 ], [ -125.7755095, 49.4914133 ], [ -125.775511599999987, 49.490969400000012 ], [ -125.7757277, 49.490736100000014 ], [ -125.7762306, 49.4904801 ], [ -125.776446899999982, 49.490200099999981 ], [ -125.776486, 49.489522499999985 ], [ -125.7763815, 49.4889147 ], [ -125.776062299999978, 49.488236300000011 ], [ -125.775885800000012, 49.487698500000015 ], [ -125.77578050000001, 49.487254299999982 ], [ -125.7756032, 49.48688 ], [ -125.7751746, 49.4865987 ], [ -125.774673299999989, 49.4865509 ], [ -125.7736696, 49.4866656 ], [ -125.772235099999989, 49.486966400000014 ] ] ] } },
{ "type": "Feature", "properties": { "CAPTURE_YEAR": 2018, "PEST_SPECIES_CODE": "IBB", "PEST_SEVERITY_CODE": "T", "TREE_SPECIES_CODE": "BA", "AREA_HA": 15.55, "lidar_tiles": 2, "lidar_year": 2019, "year_offset": 1 }, "geometry": { "type": "Polygon", "coordinates": [ [ [ -125.7867462, 49.502138799999976 ], [ -125.7872467, 49.502396899999987 ], [ -125.787819399999975, 49.502561600000014 ], [ -125.7890736, 49.5025874 ], [ -125.7901487, 49.502589400000012 ], [ -125.791224500000013, 49.5024513 ], [ -125.7921215, 49.502219400000044 ], [ -125.792302, 49.501915899999979 ], [ -125.7926615, 49.5016595 ], [ -125.793234799999979, 49.501684 ], [ -125.7933777, 49.501801100000023 ], [ -125.7936273, 49.502082 ], [ -125.793949900000015, 49.502059299999978 ], [ -125.7944891, 49.501686400000011 ], [ -125.7944549, 49.501335800000014 ], [ -125.7942064, 49.500797800000015 ], [ -125.7933843, 49.500305499999982 ], [ -125.792776499999988, 49.5000006 ], [ -125.7919184, 49.499555 ], [ -125.7909879, 49.499296100000016 ], [ -125.79037910000001, 49.499201500000026 ], [ -125.7896264, 49.499246699999986 ], [ -125.788980900000013, 49.499339 ], [ -125.7883349, 49.499548 ], [ -125.787616499999984, 49.4999205 ], [ -125.787147899999979, 49.500503800000018 ], [ -125.7867873, 49.50099380000001 ], [ -125.7866407, 49.501694599999979 ], [ -125.7867462, 49.502138799999976 ] ] ] } },
{ "type": "Feature", "properties": { "CAPTURE_YEAR": 2018, "PEST_SPECIES_CODE": "IBB", "PEST_SEVERITY_CODE": "T", "TREE_SPECIES_CODE": "BA", "AREA_HA": 16.77, "lidar_tiles": 1, "lidar_year": 2020, "year_offset": 2 }, "geometry": { "type": "Polygon", "coordinates": [ [ [ -124.033907, 50.0937969 ], [ -124.0344944, 50.094146399999971 ], [ -124.0352344, 50.094450300000013 ], [ -124.035986900000012, 50.0944637 ], [ -124.036603599999978, 50.0941357 ], [ -124.0372672, 50.093590500000019 ], [ -124.0380072, 50.093022400000031 ], [ -124.038171199999979, 50.092710499999974 ], [ -124.0384262, 50.0920369 ], [ -124.038196199999987, 50.0912578 ], [ -124.037799, 50.090863199999973 ], [ -124.0367162, 50.0906501 ], [ -124.0358405, 50.090876700000024 ], [ -124.0351204, 50.0918568 ], [ -124.0346961, 50.0920914 ], [ -124.034215300000014, 50.0918891 ], [ -124.0338547, 50.091519399999981 ], [ -124.0334231, 50.09105150000002 ], [ -124.0331692, 50.090829 ], [ -124.032728099999986, 50.0905789 ], [ -124.03217, 50.090423600000022 ], [ -124.0315284, 50.090460600000014 ], [ -124.031140600000015, 50.09072 ], [ -124.030784200000014, 50.091125400000017 ], [ -124.03068589999998, 50.091656400000019 ], [ -124.030781, 50.0920699 ], [ -124.030986899999988, 50.0925337 ], [ -124.0311206, 50.092923600000013 ], [ -124.0310359, 50.093140100000035 ], [ -124.030941799999979, 50.093574299999972 ], [ -124.03127, 50.093822399999979 ], [ -124.0317163, 50.093951499999946 ], [ -124.0320957, 50.0938856 ], [ -124.032406099999989, 50.093673200000019 ], [ -124.0327124, 50.093557600000047 ], [ -124.0332381, 50.093591199999977 ], [ -124.033907, 50.0937969 ] ] ] } },
{ "type": "Feature", "properties": { "CAPTURE_YEAR": 2019, "PEST_SPECIES_CODE": "IBB", "PEST_SEVERITY_CODE": "L", "TREE_SPECIES_CODE": "BA", "AREA_HA": 14.27, "lidar_tiles": 1, "lidar_year": 2020, "year_offset": 1 }, "geometry": { "type": "Polygon", "coordinates": [ [ [ -124.1866559, 50.980507800000019 ], [ -124.185376, 50.982293399999968 ], [ -124.185929, 50.983538200000012 ], [ -124.1881062, 50.983811 ], [ -124.189887, 50.982698899999974 ], [ -124.1914472, 50.9814407 ], [ -124.19149920000001, 50.9801581 ], [ -124.1902462, 50.979425 ], [ -124.1880538, 50.979532200000016 ], [ -124.1866559, 50.980507800000019 ] ] ] } },
{ "type": "Feature", "properties": { "CAPTURE_YEAR": 2019, "PEST_SPECIES_CODE": "IBB", "PEST_SEVERITY_CODE": "T", "TREE_SPECIES_CODE": "BA", "AREA_HA": 27.54, "lidar_tiles": 1, "lidar_year": 2020, "year_offset": 1 }, "geometry": { "type": "Polygon", "coordinates": [ [ [ -124.278563600000012, 50.983095500000033 ], [ -124.2791335, 50.9844589 ], [ -124.2810774, 50.9854155 ], [ -124.2834958, 50.985809 ], [ -124.2866163, 50.985607 ], [ -124.2881695, 50.9849534 ], [ -124.288954, 50.983682 ], [ -124.288486, 50.982605399999969 ], [ -124.2866497, 50.981793199999984 ], [ -124.2817968, 50.9814339 ], [ -124.279458699999978, 50.9818972 ], [ -124.278563600000012, 50.983095500000033 ] ] ] } },
{ "type": "Feature", "properties": { "CAPTURE_YEAR": 2019, "PEST_SPECIES_CODE": "IBB", "PEST_SEVERITY_CODE": "T", "TREE_SPECIES_CODE": "BA", "AREA_HA": 33.68, "lidar_tiles": 2, "lidar_year": 2020, "year_offset": 1 }, "geometry": { "type": "Polygon", "coordinates": [ [ [ -124.2366306, 50.7048796 ], [ -124.2356942, 50.707717699999989 ], [ -124.234718300000011, 50.7115535 ], [ -124.2356498, 50.712661800000028 ], [ -124.237446799999987, 50.7127377 ], [ -124.239069399999977, 50.711527100000033 ], [ -124.240742200000014, 50.7090335 ], [ -124.2421657, 50.707154100000025 ], [ -124.241993, 50.7058201 ], [ -124.241288200000014, 50.704667799999974 ], [ -124.2392946, 50.7038757 ], [ -124.2377921, 50.703947 ], [ -124.2366306, 50.7048796 ] ] ] } },
{ "type": "Feature", "properties": { "CAPTURE_YEAR": 2019, "PEST_SPECIES_CODE": "IBB", "PEST_SEVERITY_CODE": "T", "TREE_SPECIES_CODE": "BA", "AREA_HA": 68.01, "lidar_tiles": 2, "lidar_year": 2020, "year_offset": 1 }, "geometry": { "type": "Polygon", "coordinates": [ [ [ -124.2166283, 50.7175897 ], [ -124.2156065, 50.718762099999985 ], [ -124.2133159, 50.7197715 ], [ -124.2117018, 50.720744100000019 ], [ -124.2085332, 50.723070699999987 ], [ -124.205445, 50.725255700000012 ], [ -124.2050112, 50.726722699999982 ], [ -124.206170899999989, 50.7277398 ], [ -124.2093315, 50.727505300000033 ], [ -124.212289799999979, 50.726696799999985 ], [ -124.215132, 50.725030600000011 ], [ -124.216142600000012, 50.724143399999967 ], [ -124.2176667, 50.72354960000002 ], [ -124.2192769, 50.722671899999987 ], [ -124.2199932, 50.721637299999976 ], [ -124.220567, 50.720410300000026 ], [ -124.220679600000011, 50.7194611 ], [ -124.221478299999987, 50.718237699999975 ], [ -124.2210775, 50.7169951 ], [ -124.2197659, 50.716023199999974 ], [ -124.217974399999974, 50.715804499999976 ], [ -124.2166774, 50.7163543 ], [ -124.2166283, 50.7175897 ] ] ] } },
{ "type": "Feature", "properties": { "CAPTURE_YEAR": 2019, "PEST_SPECIES_CODE": "IBB", "PEST_SEVERITY_CODE": "T", "TREE_SPECIES_CODE": "BA", "AREA_HA": 5.58, "lidar_tiles": 1, "lidar_year": 2020, "year_offset": 1 }, "geometry": { "type": "Polygon", "coordinates": [ [ [ -124.2011778, 50.7325092 ], [ -124.2020167, 50.734044200000028 ], [ -124.2028111, 50.7348177 ], [ -124.203861, 50.734834600000013 ], [ -124.2046528, 50.7338013 ], [ -124.20344080000001, 50.732212800000013 ], [ -124.202494500000014, 50.731484400000021 ], [ -124.2013564, 50.7317989 ], [ -124.2011778, 50.7325092 ] ] ] } },
{ "type": "Feature", "properties": { "CAPTURE_YEAR": 2019, "PEST_SPECIES_CODE": "IBB", "PEST_SEVERITY_CODE": "T", "TREE_SPECIES_CODE": "BA", "AREA_HA": 40.2, "lidar_tiles": 2, "lidar_year": 2020, "year_offset": 1 }, "geometry": { "type": "Polygon", "coordinates": [ [ [ -124.190595, 50.732576 ], [ -124.1899742, 50.734943300000026 ], [ -124.1896936, 50.736317600000014 ], [ -124.190836, 50.7377624 ], [ -124.191620700000016, 50.738773599999959 ], [ -124.191655399999988, 50.739772599999988 ], [ -124.1929959, 50.740032 ], [ -124.1948246, 50.7393484 ], [ -124.1963857, 50.737852200000013 ], [ -124.1964488, 50.7362842 ], [ -124.1967254, 50.7350049 ], [ -124.196878699999985, 50.733058 ], [ -124.1966265, 50.731865300000017 ], [ -124.1953284, 50.7305606 ], [ -124.1942132, 50.7303048 ], [ -124.1923137, 50.7308922 ], [ -124.190595, 50.732576 ] ] ] } },
{ "type": "Feature", "properties": { "CAPTURE_YEAR": 2019, "PEST_SPECIES_CODE": "IBB", "PEST_SEVERITY_CODE": "T", "TREE_SPECIES_CODE": "BA", "AREA_HA": 6.73, "lidar_tiles": 2, "lidar_year": 2020, "year_offset": 1 }, "geometry": { "type": "Polygon", "coordinates": [ [ [ -124.2017181, 50.737748 ], [ -124.2010629, 50.739116199999984 ], [ -124.200930700000015, 50.740540499999973 ], [ -124.2021116, 50.741034899999988 ], [ -124.203792100000015, 50.7403012 ], [ -124.203849199999979, 50.738875800000038 ], [ -124.203516099999987, 50.7378244 ], [ -124.203021600000014, 50.737055699999964 ], [ -124.2021967, 50.737042500000051 ], [ -124.2017181, 50.737748 ] ] ] } },
{ "type": "Feature", "properties": { "CAPTURE_YEAR": 2019, "PEST_SPECIES_CODE": "IBB", "PEST_SEVERITY_CODE": "T", "TREE_SPECIES_CODE": "BA", "AREA_HA": 48.68, "lidar_tiles": 1, "lidar_year": 2020, "year_offset": 1 }, "geometry": { "type": "Polygon", "coordinates": [ [ [ -124.152652099999983, 50.744697400000014 ], [ -124.1516437, 50.745489 ], [ -124.1522874, 50.746260399999976 ], [ -124.1536735, 50.7472342 ], [ -124.155353799999986, 50.7483555 ], [ -124.156901699999977, 50.749046699999987 ], [ -124.160265599999974, 50.74938740000001 ], [ -124.1645415, 50.7494577 ], [ -124.1663788, 50.748584499999986 ], [ -124.167281599999981, 50.74669750000001 ], [ -124.1672552, 50.7455084 ], [ -124.1659361, 50.7447261 ], [ -124.16219550000001, 50.744426900000022 ], [ -124.1568622, 50.744529199999974 ], [ -124.152652099999983, 50.744697400000014 ] ] ] } },
{ "type": "Feature", "properties": { "CAPTURE_YEAR": 2019, "PEST_SPECIES_CODE": "IBB", "PEST_SEVERITY_CODE": "T", "TREE_SPECIES_CODE": "BA", "AREA_HA": 36.46, "lidar_tiles": 2, "lidar_year": 2020, "year_offset": 1 }, "geometry": { "type": "Polygon", "coordinates": [ [ [ -124.312348700000015, 50.999542500000032 ], [ -124.3107792, 51.000624 ], [ -124.310296799999989, 51.001401 ], [ -124.310540599999982, 51.002438400000024 ], [ -124.3104462, 51.0034351 ], [ -124.3105565, 51.005005299999986 ], [ -124.3117609, 51.006092800000026 ], [ -124.3131662, 51.0063634 ], [ -124.3146523, 51.0059936 ], [ -124.315887800000013, 51.0047644 ], [ -124.316874, 51.004137599999986 ], [ -124.318702199999976, 51.0037015 ], [ -124.318849, 51.002812500000012 ], [ -124.3182588, 51.001948199999966 ], [ -124.3178937, 51.0011228 ], [ -124.317548699999989, 50.9997631 ], [ -124.316493900000012, 50.999212600000028 ], [ -124.3141997, 50.9985009 ], [ -124.3129482, 50.998660299999983 ], [ -124.312348700000015, 50.999542500000032 ] ] ] } },
{ "type": "Feature", "properties": { "CAPTURE_YEAR": 2019, "PEST_SPECIES_CODE": "IBB", "PEST_SEVERITY_CODE": "T", "TREE_SPECIES_CODE": "BA", "AREA_HA": 935.18, "lidar_tiles": 12, "lidar_year": 2020, "year_offset": 1 }, "geometry": { "type": "Polygon", "coordinates": [ [ [ -123.808062, 50.599432600000036 ], [ -123.80789, 50.6014268 ], [ -123.8089234, 50.6032545 ], [ -123.8129012, 50.60609119999998 ], [ -123.8153302, 50.608469299999975 ], [ -123.8160234, 50.611146299999987 ], [ -123.815299199999984, 50.615269800000029 ], [ -123.816257100000016, 50.618665400000026 ], [ -123.8183073, 50.6196092 ], [ -123.821514, 50.6198622 ], [ -123.8260519, 50.6189045 ], [ -123.8317122, 50.616399099999981 ], [ -123.838384499999989, 50.6146264 ], [ -123.8401164, 50.612852700000019 ], [ -123.839462200000014, 50.61089009999997 ], [ -123.8376774, 50.6090957 ], [ -123.8352648, 50.6079074 ], [ -123.830946, 50.6043515 ], [ -123.8268543, 50.6007522 ], [ -123.8243597, 50.5981828 ], [ -123.8225656, 50.5950563 ], [ -123.819891, 50.591579499999987 ], [ -123.815802299999987, 50.589501800000022 ], [ -123.811385099999981, 50.588035800000029 ], [ -123.8087594, 50.586652399999984 ], [ -123.807324299999976, 50.583865500000023 ], [ -123.8068938, 50.5819546 ], [ -123.80479170000001, 50.580581400000014 ], [ -123.8015243, 50.578566800000011 ], [ -123.799247200000011, 50.576191300000048 ], [ -123.7980232, 50.573693800000015 ], [ -123.794308, 50.56862610000001 ], [ -123.79054, 50.564651200000029 ], [ -123.7861658, 50.560854199999973 ], [ -123.782536799999988, 50.55711950000002 ], [ -123.7787705, 50.554666199999971 ], [ -123.7758397, 50.5534661 ], [ -123.7732983, 50.553462799999977 ], [ -123.7726468, 50.554543700000011 ], [ -123.7725505, 50.556491900000012 ], [ -123.7745335, 50.558719600000018 ], [ -123.7790723, 50.5621873 ], [ -123.7804186, 50.5652107 ], [ -123.779839200000012, 50.567862699999985 ], [ -123.7790001, 50.572745 ], [ -123.7777899, 50.5760502 ], [ -123.7765702, 50.5795455 ], [ -123.7776715, 50.582992 ], [ -123.7814331, 50.5855879 ], [ -123.7861808, 50.58639580000002 ], [ -123.790449900000013, 50.58629040000001 ], [ -123.800478399999989, 50.58772560000002 ], [ -123.802384300000014, 50.5885243 ], [ -123.8022539, 50.589663199999961 ], [ -123.8002554, 50.592287200000023 ], [ -123.7993755, 50.594980799999959 ], [ -123.799357199999974, 50.5968829 ], [ -123.8012543, 50.597871599999976 ], [ -123.8047021, 50.597749400000019 ], [ -123.80708030000001, 50.5980816 ], [ -123.808062, 50.599432600000036 ] ] ] } },
{ "type": "Feature", "properties": { "CAPTURE_YEAR": 2019, "PEST_SPECIES_CODE": "IBB", "PEST_SEVERITY_CODE": "T", "TREE_SPECIES_CODE": "BA", "AREA_HA": 74.44, "lidar_tiles": 1, "lidar_year": 2020, "year_offset": 1 }, "geometry": { "type": "Polygon", "coordinates": [ [ [ -124.1513564, 50.9604567 ], [ -124.153161299999979, 50.960581499999961 ], [ -124.1545494, 50.9598438 ], [ -124.1561597, 50.959204699999972 ], [ -124.158038, 50.959378199999989 ], [ -124.1600592, 50.959744 ], [ -124.162685400000015, 50.960072199999985 ], [ -124.166125, 50.960793900000013 ], [ -124.1682354, 50.960828399999983 ], [ -124.169097599999986, 50.960034400000019 ], [ -124.169057400000014, 50.959178099999981 ], [ -124.167309, 50.957676 ], [ -124.1651125, 50.956071499999986 ], [ -124.1637159, 50.95519310000001 ], [ -124.1617623, 50.955018500000016 ], [ -124.1604235, 50.954568699999982 ], [ -124.1595505, 50.953793900000022 ], [ -124.15807860000001, 50.9529141 ], [ -124.156127200000014, 50.952692 ], [ -124.154525100000015, 50.953141 ], [ -124.151702, 50.955756499999957 ], [ -124.1497732, 50.9586243 ], [ -124.1498786, 50.959719399999969 ], [ -124.1513564, 50.9604567 ] ] ] } },
{ "type": "Feature", "properties": { "CAPTURE_YEAR": 2019, "PEST_SPECIES_CODE": "IBB", "PEST_SEVERITY_CODE": "T", "TREE_SPECIES_CODE": "BA", "AREA_HA": 113.76, "lidar_tiles": 3, "lidar_year": 2020, "year_offset": 1 }, "geometry": { "type": "Polygon", "coordinates": [ [ [ -124.160475, 50.9661204 ], [ -124.1594999, 50.967815699999974 ], [ -124.1597289, 50.9695782 ], [ -124.1608009, 50.971021699999973 ], [ -124.1625711, 50.972001399999982 ], [ -124.1642218, 50.9722185 ], [ -124.1661585, 50.9728206 ], [ -124.168039400000012, 50.9729463 ], [ -124.1702219, 50.973076899999974 ], [ -124.1724408, 50.974158800000019 ], [ -124.1734768, 50.974651 ], [ -124.174826099999976, 50.9748631 ], [ -124.1762256, 50.975693799999988 ], [ -124.177917, 50.976767 ], [ -124.1806719, 50.9776673 ], [ -124.181984500000013, 50.9787818 ], [ -124.1830846, 50.9795601 ], [ -124.184378, 50.979295799999981 ], [ -124.185702400000011, 50.9782715 ], [ -124.185750700000014, 50.9770839 ], [ -124.185118499999987, 50.9759329 ], [ -124.1763542, 50.9707049 ], [ -124.1712212, 50.967104 ], [ -124.16803250000001, 50.965768599999969 ], [ -124.1642077, 50.965230800000022 ], [ -124.1621627, 50.965435 ], [ -124.160475, 50.9661204 ] ] ] } },
{ "type": "Feature", "properties": { "CAPTURE_YEAR": 2019, "PEST_SPECIES_CODE": "IBB", "PEST_SEVERITY_CODE": "T", "TREE_SPECIES_CODE": "BA", "AREA_HA": 61.56, "lidar_tiles": 2, "lidar_year": 2020, "year_offset": 1 }, "geometry": { "type": "Polygon", "coordinates": [ [ [ -124.212912499999987, 50.994012899999987 ], [ -124.2147551, 50.993234200000032 ], [ -124.2148083, 50.9919041 ], [ -124.212830900000014, 50.990399199999985 ], [ -124.2108231, 50.9896543 ], [ -124.2094942, 50.9889201 ], [ -124.208325699999989, 50.987950899999966 ], [ -124.2068345, 50.987499300000017 ], [ -124.2059677, 50.986534799999987 ], [ -124.205325299999984, 50.9856215 ], [ -124.2036815, 50.985214900000017 ], [ -124.202094, 50.9852846 ], [ -124.2009322, 50.9860265 ], [ -124.2010447, 50.986979 ], [ -124.2017375, 50.988511099999982 ], [ -124.2013975, 50.989456299999979 ], [ -124.20096860000001, 50.9907328 ], [ -124.201526, 50.991882499999981 ], [ -124.202998099999974, 50.9928091 ], [ -124.204389100000014, 50.993877099999978 ], [ -124.205735300000015, 50.994183700000022 ], [ -124.207545599999989, 50.9942126 ], [ -124.209425599999989, 50.994385199999968 ], [ -124.212912499999987, 50.994012899999987 ] ] ] } },
{ "type": "Feature", "properties": { "CAPTURE_YEAR": 2019, "PEST_SPECIES_CODE": "IBB", "PEST_SEVERITY_CODE": "T", "TREE_SPECIES_CODE": "BA", "AREA_HA": 376.3, "lidar_tiles": 5, "lidar_year": 2020, "year_offset": 1 }, "geometry": { "type": "Polygon", "coordinates": [ [ [ -124.210718500000013, 51.0129429 ], [ -124.2128123, 51.013451499999974 ], [ -124.216976, 51.0131849 ], [ -124.222083, 51.011982499999981 ], [ -124.2278576, 51.0110755 ], [ -124.234294100000014, 51.0106064 ], [ -124.2384367, 51.0108615 ], [ -124.2413003, 51.011001399999969 ], [ -124.243884600000015, 51.010566499999968 ], [ -124.2459574, 51.0096958 ], [ -124.246846599999984, 51.006287499999978 ], [ -124.246822099999989, 51.001153799999969 ], [ -124.24621230000001, 50.9993856 ], [ -124.2445127, 50.998456 ], [ -124.2420477, 50.997799599999979 ], [ -124.2378252, 50.997685899999986 ], [ -124.2295029, 50.998173099999981 ], [ -124.224561699999981, 50.9990457 ], [ -124.222045799999989, 50.999671399999983 ], [ -124.218019099999978, 51.0003206 ], [ -124.212170300000011, 51.00122590000003 ], [ -124.2084222, 51.002449600000027 ], [ -124.206497899999974, 51.0033695 ], [ -124.2057462, 51.005163699999983 ], [ -124.205924700000011, 51.006354799999961 ], [ -124.2075235, 51.0079013 ], [ -124.209116599999987, 51.009590299999978 ], [ -124.2095665, 51.0115462 ], [ -124.210718500000013, 51.0129429 ] ] ] } },
{ "type": "Feature", "properties": { "CAPTURE_YEAR": 2019, "PEST_SPECIES_CODE": "IAB", "PEST_SEVERITY_CODE": "T", "TREE_SPECIES_CODE": "BA", "AREA_HA": 17.62, "lidar_tiles": 3, "lidar_year": 2019, "year_offset": 0 }, "geometry": { "type": "Polygon", "coordinates": [ [ [ -127.890459199999981, 50.563551899999972 ], [ -127.8908099, 50.5647824 ], [ -127.8924359, 50.5678935 ], [ -127.893537799999976, 50.5692064 ], [ -127.895026, 50.5690384 ], [ -127.8961067, 50.568068800000027 ], [ -127.895974, 50.566691899999988 ], [ -127.893834899999987, 50.5638274 ], [ -127.8930419, 50.5627471 ], [ -127.8921295, 50.56238209999993 ], [ -127.890871499999989, 50.562688900000012 ], [ -127.890459199999981, 50.563551899999972 ] ] ] } },
{ "type": "Feature", "properties": { "CAPTURE_YEAR": 2019, "PEST_SPECIES_CODE": "IAB", "PEST_SEVERITY_CODE": "T", "TREE_SPECIES_CODE": "BA", "AREA_HA": 62.1, "lidar_tiles": 4, "lidar_year": 2023, "year_offset": 4 }, "geometry": { "type": "Polygon", "coordinates": [ [ [ -127.7485548, 50.7839891 ], [ -127.749350100000015, 50.785117700000043 ], [ -127.7527918, 50.786680200000013 ], [ -127.7590528, 50.7892443 ], [ -127.7635838, 50.7917402 ], [ -127.767535200000012, 50.792866400000023 ], [ -127.7715319, 50.793231 ], [ -127.7751551, 50.793649 ], [ -127.778800899999979, 50.794637 ], [ -127.7821952, 50.7949633 ], [ -127.7839091, 50.794603199999983 ], [ -127.7837943, 50.79360669999997 ], [ -127.782341100000011, 50.792964199999979 ], [ -127.7768181, 50.792006200000039 ], [ -127.771834, 50.791372099999968 ], [ -127.7683594, 50.7909041 ], [ -127.7646221, 50.7894893 ], [ -127.7610972, 50.787738300000015 ], [ -127.7564278, 50.785529700000012 ], [ -127.7531418, 50.784107399999989 ], [ -127.7507848, 50.783383699999966 ], [ -127.7492833, 50.7834072 ], [ -127.7485548, 50.7839891 ] ] ] } },
{ "type": "Feature", "properties": { "CAPTURE_YEAR": 2019, "PEST_SPECIES_CODE": "IAB", "PEST_SEVERITY_CODE": "T", "TREE_SPECIES_CODE": "BA", "AREA_HA": 24.81, "lidar_tiles": 1, "lidar_year": 2019, "year_offset": 0 }, "geometry": { "type": "Polygon", "coordinates": [ [ [ -127.891845899999979, 50.426593 ], [ -127.8913763, 50.4278377 ], [ -127.8909186, 50.429367599999949 ], [ -127.89013030000001, 50.431902 ], [ -127.891093699999985, 50.433550399999973 ], [ -127.8920661, 50.4336289 ], [ -127.89294, 50.433138399999976 ], [ -127.8935873, 50.430796600000022 ], [ -127.893819400000012, 50.429223 ], [ -127.8953297, 50.427912899999988 ], [ -127.896865800000015, 50.427220799999951 ], [ -127.8974117, 50.426022299999978 ], [ -127.8968425, 50.424890499999982 ], [ -127.8951901, 50.42458579999996 ], [ -127.8931227, 50.425049199999989 ], [ -127.891845899999979, 50.426593 ] ] ] } },
{ "type": "Feature", "properties": { "CAPTURE_YEAR": 2019, "PEST_SPECIES_CODE": "IAB", "PEST_SEVERITY_CODE": "T", "TREE_SPECIES_CODE": "BA", "AREA_HA": 18.27, "lidar_tiles": 2, "lidar_year": 2019, "year_offset": 0 }, "geometry": { "type": "Polygon", "coordinates": [ [ [ -127.862864199999976, 50.44492020000002 ], [ -127.864466099999987, 50.445797 ], [ -127.865627, 50.4468239 ], [ -127.865768300000013, 50.4484387 ], [ -127.8657155, 50.450770200000015 ], [ -127.8663138, 50.45261510000001 ], [ -127.86751, 50.452690100000019 ], [ -127.8685846, 50.45162560000005 ], [ -127.868956900000015, 50.449811900000014 ], [ -127.8684528, 50.448441100000018 ], [ -127.8673073, 50.4459871 ], [ -127.8652856, 50.4439758 ], [ -127.863934699999973, 50.44376070000002 ], [ -127.8629877, 50.444299799999989 ], [ -127.862864199999976, 50.44492020000002 ] ] ] } },
{ "type": "Feature", "properties": { "CAPTURE_YEAR": 2019, "PEST_SPECIES_CODE": "IAB", "PEST_SEVERITY_CODE": "T", "TREE_SPECIES_CODE": "BA", "AREA_HA": 19.59, "lidar_tiles": 2, "lidar_year": 2019, "year_offset": 0 }, "geometry": { "type": "Polygon", "coordinates": [ [ [ -126.730307599999989, 50.511867500000022 ], [ -126.730547, 50.512816799999982 ], [ -126.7325031, 50.5137549 ], [ -126.7376054, 50.5153377 ], [ -126.739620800000012, 50.515324299999968 ], [ -126.7402825, 50.514701800000019 ], [ -126.739665800000012, 50.5135172 ], [ -126.736805300000015, 50.5120623 ], [ -126.732158200000015, 50.5109044 ], [ -126.7308162, 50.5110083 ], [ -126.730307599999989, 50.511867500000022 ] ] ] } },
{ "type": "Feature", "properties": { "CAPTURE_YEAR": 2019, "PEST_SPECIES_CODE": "IAB", "PEST_SEVERITY_CODE": "T", "TREE_SPECIES_CODE": "BA", "AREA_HA": 15.12, "lidar_tiles": 1, "lidar_year": 2019, "year_offset": 0 }, "geometry": { "type": "Polygon", "coordinates": [ [ [ -126.7596733, 50.517994200000018 ], [ -126.7610427, 50.519506299999989 ], [ -126.7635938, 50.520249599999957 ], [ -126.7651672, 50.5205716 ], [ -126.7665037, 50.520134399999975 ], [ -126.766786200000013, 50.5191816 ], [ -126.7657898, 50.517667 ], [ -126.76286, 50.516593599999972 ], [ -126.760472, 50.516657499999987 ], [ -126.7596733, 50.517994200000018 ] ] ] } },
{ "type": "Feature", "properties": { "CAPTURE_YEAR": 2019, "PEST_SPECIES_CODE": "IAB", "PEST_SEVERITY_CODE": "T", "TREE_SPECIES_CODE": "BA", "AREA_HA": 15.7, "lidar_tiles": 2, "lidar_year": 2019, "year_offset": 0 }, "geometry": { "type": "Polygon", "coordinates": [ [ [ -127.8677651, 50.533688499999968 ], [ -127.8672132, 50.5347916 ], [ -127.8673213, 50.5355983 ], [ -127.8685454, 50.536291100000021 ], [ -127.8703214, 50.535880799999973 ], [ -127.872134599999981, 50.534566200000043 ], [ -127.8735961, 50.5337806 ], [ -127.87451919999998, 50.532623699999988 ], [ -127.874181, 50.53167819999998 ], [ -127.8723108, 50.531614599999969 ], [ -127.8694348, 50.532519099999973 ], [ -127.8677651, 50.533688499999968 ] ] ] } },
{ "type": "Feature", "properties": { "CAPTURE_YEAR": 2019, "PEST_SPECIES_CODE": "IAB", "PEST_SEVERITY_CODE": "T", "TREE_SPECIES_CODE": "BA", "AREA_HA": 7.56, "lidar_tiles": 2, "lidar_year": 2023, "year_offset": 4 }, "geometry": { "type": "Polygon", "coordinates": [ [ [ -127.7598698, 50.5503814 ], [ -127.7599723, 50.55109310000001 ], [ -127.760523, 50.5517977 ], [ -127.7617143, 50.5516837 ], [ -127.763688, 50.550558699999961 ], [ -127.7647748, 50.549685399999966 ], [ -127.7646573, 50.548593499999967 ], [ -127.7633802, 50.548423499999963 ], [ -127.760889399999982, 50.549699400000023 ], [ -127.7598698, 50.5503814 ] ] ] } },
{ "type": "Feature", "properties": { "CAPTURE_YEAR": 2019, "PEST_SPECIES_CODE": "IAB", "PEST_SEVERITY_CODE": "T", "TREE_SPECIES_CODE": "BA", "AREA_HA": 7.55, "lidar_tiles": 3, "lidar_year": 2019, "year_offset": 0 }, "geometry": { "type": "Polygon", "coordinates": [ [ [ -127.724909, 50.5546383 ], [ -127.7265177, 50.5556596 ], [ -127.7276527, 50.55602240000001 ], [ -127.7285436, 50.5558659 ], [ -127.72851439999998, 50.555105500000018 ], [ -127.7279404, 50.553782899999973 ], [ -127.7265504, 50.55261559999996 ], [ -127.7249747, 50.5524498 ], [ -127.724260500000014, 50.553316900000027 ], [ -127.724909, 50.5546383 ] ] ] } },
{ "type": "Feature", "properties": { "CAPTURE_YEAR": 2019, "PEST_SPECIES_CODE": "IAB", "PEST_SEVERITY_CODE": "T", "TREE_SPECIES_CODE": "BA", "AREA_HA": 9.8, "lidar_tiles": 1, "lidar_year": 2023, "year_offset": 4 }, "geometry": { "type": "Polygon", "coordinates": [ [ [ -127.7568704, 50.5597021 ], [ -127.7571631, 50.561457 ], [ -127.7583788, 50.561960900000017 ], [ -127.7597778, 50.561415699999984 ], [ -127.760172099999977, 50.5600303 ], [ -127.759782299999983, 50.5577063 ], [ -127.7585649, 50.557154899999986 ], [ -127.757308, 50.557507600000022 ], [ -127.7568704, 50.5597021 ] ] ] } },
{ "type": "Feature", "properties": { "CAPTURE_YEAR": 2019, "PEST_SPECIES_CODE": "IAB", "PEST_SEVERITY_CODE": "T", "TREE_SPECIES_CODE": "BA", "AREA_HA": 39.67, "lidar_tiles": 4, "lidar_year": 2019, "year_offset": 0 }, "geometry": { "type": "Polygon", "coordinates": [ [ [ -127.8217527, 50.552333499999975 ], [ -127.8242597, 50.553338600000018 ], [ -127.8270714, 50.554481400000022 ], [ -127.829531, 50.556153 ], [ -127.8316251, 50.5580208 ], [ -127.8357885, 50.5611385 ], [ -127.8376182, 50.562011799999986 ], [ -127.838811499999977, 50.5619446 ], [ -127.839004499999987, 50.5611805 ], [ -127.8381169, 50.5595782 ], [ -127.8341369, 50.555458900000033 ], [ -127.8321369, 50.554065200000011 ], [ -127.8307693, 50.553517 ], [ -127.8277373, 50.5524731 ], [ -127.8229112, 50.5514109 ], [ -127.821484399999989, 50.551244099999984 ], [ -127.820831500000011, 50.551730299999974 ], [ -127.8217527, 50.552333499999975 ] ] ] } },
{ "type": "Feature", "properties": { "CAPTURE_YEAR": 2019, "PEST_SPECIES_CODE": "IAB", "PEST_SEVERITY_CODE": "T", "TREE_SPECIES_CODE": "BA", "AREA_HA": 33.37, "lidar_tiles": 3, "lidar_year": 2019, "year_offset": 0 }, "geometry": { "type": "Polygon", "coordinates": [ [ [ -127.7396865, 50.563776500000017 ], [ -127.739999399999974, 50.568004 ], [ -127.740344799999988, 50.5711371 ], [ -127.740994, 50.5724585 ], [ -127.7422061, 50.5728675 ], [ -127.743392500000013, 50.5726112 ], [ -127.743468299999989, 50.5707078 ], [ -127.743908499999989, 50.568561 ], [ -127.7443542, 50.5665567 ], [ -127.7442897, 50.56489330000003 ], [ -127.7433906, 50.562910099999975 ], [ -127.741894, 50.560936200000015 ], [ -127.740622199999976, 50.560908600000012 ], [ -127.7399027, 50.5616332 ], [ -127.7396865, 50.563776500000017 ] ] ] } },
{ "type": "Feature", "properties": { "CAPTURE_YEAR": 2019, "PEST_SPECIES_CODE": "IAB", "PEST_SEVERITY_CODE": "T", "TREE_SPECIES_CODE": "BA", "AREA_HA": 13.1, "lidar_tiles": 3, "lidar_year": 2019, "year_offset": 0 }, "geometry": { "type": "Polygon", "coordinates": [ [ [ -127.705948599999985, 50.5730013 ], [ -127.7054246, 50.574959 ], [ -127.70627, 50.5755642 ], [ -127.7075278, 50.57521209999998 ], [ -127.7086513, 50.573292699999968 ], [ -127.710321199999981, 50.571983100000018 ], [ -127.710638800000012, 50.570504 ], [ -127.7100815, 50.5696091 ], [ -127.7089535, 50.5694362 ], [ -127.7077832, 50.570119899999938 ], [ -127.705948599999985, 50.5730013 ] ] ] } },
{ "type": "Feature", "properties": { "CAPTURE_YEAR": 2019, "PEST_SPECIES_CODE": "IAB", "PEST_SEVERITY_CODE": "T", "TREE_SPECIES_CODE": "BA", "AREA_HA": 22.53, "lidar_tiles": 2, "lidar_year": 2019, "year_offset": 0 }, "geometry": { "type": "Polygon", "coordinates": [ [ [ -127.634371799999982, 50.609049499999955 ], [ -127.6329296, 50.6105447 ], [ -127.6326005, 50.611785800000021 ], [ -127.6332282, 50.612585 ], [ -127.6355485, 50.6125985 ], [ -127.638359399999985, 50.6117013 ], [ -127.6402242, 50.6094865 ], [ -127.6400175, 50.607920400000033 ], [ -127.638635, 50.6069422 ], [ -127.636767100000014, 50.60701719999998 ], [ -127.634371799999982, 50.609049499999955 ] ] ] } },
{ "type": "Feature", "properties": { "CAPTURE_YEAR": 2019, "PEST_SPECIES_CODE": "IAB", "PEST_SEVERITY_CODE": "T", "TREE_SPECIES_CODE": "BA", "AREA_HA": 10.56, "lidar_tiles": 1, "lidar_year": 2023, "year_offset": 4 }, "geometry": { "type": "Polygon", "coordinates": [ [ [ -127.7389661, 50.780810599999974 ], [ -127.7406638, 50.781972800000013 ], [ -127.7418158, 50.782620399999985 ], [ -127.743105, 50.782933099999973 ], [ -127.7439855, 50.782396400000025 ], [ -127.74425810000001, 50.781679099999977 ], [ -127.743453699999989, 50.7803129 ], [ -127.7419904, 50.77938480000001 ], [ -127.739648599999981, 50.779041 ], [ -127.7387625, 50.7794351 ], [ -127.7389661, 50.780810599999974 ] ] ] } },
{ "type": "Feature", "properties": { "CAPTURE_YEAR": 2019, "PEST_SPECIES_CODE": "IAB", "PEST_SEVERITY_CODE": "L", "TREE_SPECIES_CODE": "BA", "AREA_HA": 36.47, "lidar_tiles": 2, "lidar_year": 2019, "year_offset": 0 }, "geometry": { "type": "Polygon", "coordinates": [ [ [ -125.8646096, 50.3735601 ], [ -125.8618549, 50.3739847 ], [ -125.860960100000014, 50.374554199999977 ], [ -125.8609569, 50.3756003 ], [ -125.8624414, 50.376886099999986 ], [ -125.865564600000013, 50.377745800000049 ], [ -125.868838, 50.378177699999974 ], [ -125.8706247, 50.377989599999985 ], [ -125.872415499999974, 50.376374899999981 ], [ -125.8728665, 50.374758699999987 ], [ -125.872199900000012, 50.373664299999987 ], [ -125.870639, 50.372996699999952 ], [ -125.8687782, 50.373137199999967 ], [ -125.8646096, 50.3735601 ] ] ] } },
{ "type": "Feature", "properties": { "CAPTURE_YEAR": 2019, "PEST_SPECIES_CODE": "IAB", "PEST_SEVERITY_CODE": "L", "TREE_SPECIES_CODE": "BA", "AREA_HA": 39.05, "lidar_tiles": 1, "lidar_year": 2019, "year_offset": 0 }, "geometry": { "type": "Polygon", "coordinates": [ [ [ -125.8757632, 50.3768067 ], [ -125.87687649999998, 50.377949199999989 ], [ -125.880892299999985, 50.3790948 ], [ -125.883048, 50.3801432 ], [ -125.884533499999975, 50.381333599999948 ], [ -125.8869886, 50.381764 ], [ -125.8896691, 50.3813388 ], [ -125.890936599999975, 50.3804366 ], [ -125.8909393, 50.3793429 ], [ -125.8890815, 50.378152300000018 ], [ -125.8852894, 50.376769399999979 ], [ -125.881868, 50.376005 ], [ -125.879412500000015, 50.3758597 ], [ -125.8764352, 50.375999099999959 ], [ -125.8757632, 50.3768067 ] ] ] } },
{ "type": "Feature", "properties": { "CAPTURE_YEAR": 2019, "PEST_SPECIES_CODE": "IAB", "PEST_SEVERITY_CODE": "L", "TREE_SPECIES_CODE": "BA", "AREA_HA": 20.36, "lidar_tiles": 3, "lidar_year": 2024, "year_offset": 5 }, "geometry": { "type": "Polygon", "coordinates": [ [ [ -125.6454218, 50.4098632 ], [ -125.646158299999982, 50.4109117 ], [ -125.6495751, 50.4121113 ], [ -125.651729100000011, 50.4128789 ], [ -125.6532147, 50.4134066 ], [ -125.6546317, 50.413173200000024 ], [ -125.655014600000015, 50.411795499999982 ], [ -125.653313299999979, 50.410268599999988 ], [ -125.6498969, 50.409021600000038 ], [ -125.647666, 50.408586599999985 ], [ -125.6458761, 50.408913699999985 ], [ -125.6454218, 50.4098632 ] ] ] } },
{ "type": "Feature", "properties": { "CAPTURE_YEAR": 2019, "PEST_SPECIES_CODE": "IAB", "PEST_SEVERITY_CODE": "L", "TREE_SPECIES_CODE": "BA", "AREA_HA": 35.34, "lidar_tiles": 2, "lidar_year": 2024, "year_offset": 5 }, "geometry": { "type": "Polygon", "coordinates": [ [ [ -125.6244211, 50.418590800000018 ], [ -125.626199, 50.41978550000001 ], [ -125.6302898, 50.42056 ], [ -125.635351899999989, 50.4210047 ], [ -125.6384088, 50.420681899999984 ], [ -125.639606, 50.420020099999974 ], [ -125.6399872, 50.418927700000019 ], [ -125.6390982, 50.418306699999981 ], [ -125.635972, 50.418011199999988 ], [ -125.630467200000012, 50.417089499999982 ], [ -125.625553, 50.416835299999939 ], [ -125.624280399999989, 50.4175918 ], [ -125.6244211, 50.418590800000018 ] ] ] } },
{ "type": "Feature", "properties": { "CAPTURE_YEAR": 2019, "PEST_SPECIES_CODE": "IAB", "PEST_SEVERITY_CODE": "T", "TREE_SPECIES_CODE": "BA", "AREA_HA": 54.27, "lidar_tiles": 1, "lidar_year": 2024, "year_offset": 5 }, "geometry": { "type": "Polygon", "coordinates": [ [ [ -125.36045390000001, 50.334153 ], [ -125.3559159, 50.3343169 ], [ -125.3539801, 50.3344959 ], [ -125.3534474, 50.33534879999997 ], [ -125.3537306, 50.336349100000028 ], [ -125.3552791, 50.337261699999971 ], [ -125.3576477, 50.3380363 ], [ -125.3594127, 50.339425700000035 ], [ -125.3610311, 50.3406715 ], [ -125.3626637, 50.3409187 ], [ -125.364453, 50.3405961 ], [ -125.366700400000013, 50.339420100000034 ], [ -125.36769959999998, 50.3370956 ], [ -125.367795199999989, 50.3355743 ], [ -125.366994, 50.334380800000012 ], [ -125.365807699999976, 50.3341363 ], [ -125.3637253, 50.3341719 ], [ -125.36045390000001, 50.334153 ] ] ] } },
{ "type": "Feature", "properties": { "CAPTURE_YEAR": 2019, "PEST_SPECIES_CODE": "IAB", "PEST_SEVERITY_CODE": "T", "TREE_SPECIES_CODE": "BA", "AREA_HA": 12.86, "lidar_tiles": 2, "lidar_year": 2019, "year_offset": 0 }, "geometry": { "type": "Polygon", "coordinates": [ [ [ -125.870274799999976, 50.370238300000018 ], [ -125.872653, 50.371287199999976 ], [ -125.8739158, 50.372097 ], [ -125.875625899999989, 50.372622 ], [ -125.8773378, 50.3724813 ], [ -125.87763769999998, 50.3716732 ], [ -125.877565499999989, 50.370864800000014 ], [ -125.8739979, 50.3693391 ], [ -125.8714697, 50.368718 ], [ -125.870278, 50.3691446 ], [ -125.870274799999976, 50.370238300000018 ] ] ] } },
{ "type": "Feature", "properties": { "CAPTURE_YEAR": 2019, "PEST_SPECIES_CODE": "IAB", "PEST_SEVERITY_CODE": "T", "TREE_SPECIES_CODE": "BA", "AREA_HA": 34.08, "lidar_tiles": 2, "lidar_year": 2019, "year_offset": 0 }, "geometry": { "type": "Polygon", "coordinates": [ [ [ -126.0456889, 50.4155638 ], [ -126.0456156, 50.416752499999973 ], [ -126.04598919999998, 50.417893500000019 ], [ -126.047033200000016, 50.418939200000018 ], [ -126.048821499999974, 50.419413899999974 ], [ -126.051578, 50.419697899999989 ], [ -126.0538132, 50.420029699999986 ], [ -126.0561237, 50.421027100000018 ], [ -126.0576888, 50.421549300000017 ], [ -126.059998, 50.4214054 ], [ -126.061338, 50.420739 ], [ -126.0611879, 50.419930799999953 ], [ -126.059771900000015, 50.4194561 ], [ -126.0555991, 50.418412199999985 ], [ -126.05328870000001, 50.417462300000025 ], [ -126.051276699999988, 50.416702500000028 ], [ -126.0490407, 50.415467199999945 ], [ -126.0478484, 50.414992299999959 ], [ -126.046656699999986, 50.415040300000044 ], [ -126.0456889, 50.4155638 ] ] ] } },
{ "type": "Feature", "properties": { "CAPTURE_YEAR": 2019, "PEST_SPECIES_CODE": "IAB", "PEST_SEVERITY_CODE": "T", "TREE_SPECIES_CODE": "BA", "AREA_HA": 96.52, "lidar_tiles": 3, "lidar_year": 2019, "year_offset": 0 }, "geometry": { "type": "Polygon", "coordinates": [ [ [ -126.075352200000012, 50.426293599999966 ], [ -126.078782, 50.4277652 ], [ -126.081315800000013, 50.428096200000034 ], [ -126.0845206, 50.4286644 ], [ -126.0871311, 50.430088800000014 ], [ -126.0886249, 50.431894400000012 ], [ -126.0904887, 50.432416 ], [ -126.0929475, 50.4323188 ], [ -126.0954049, 50.431603500000016 ], [ -126.0971906, 50.430365699999967 ], [ -126.097486499999988, 50.429367 ], [ -126.096739700000015, 50.428606799999983 ], [ -126.0916669, 50.425473 ], [ -126.0898768, 50.424475899999976 ], [ -126.0874176, 50.4240975 ], [ -126.0850338, 50.424242 ], [ -126.0830968, 50.424243399999952 ], [ -126.0812337, 50.423912 ], [ -126.0779537, 50.4227256 ], [ -126.074749, 50.421919500000023 ], [ -126.072663299999988, 50.422063500000021 ], [ -126.0719195, 50.422824800000029 ], [ -126.0727417, 50.424488500000017 ], [ -126.075352200000012, 50.426293599999966 ] ] ] } },
{ "type": "Feature", "properties": { "CAPTURE_YEAR": 2019, "PEST_SPECIES_CODE": "IAB", "PEST_SEVERITY_CODE": "T", "TREE_SPECIES_CODE": "BA", "AREA_HA": 20.54, "lidar_tiles": 2, "lidar_year": 2019, "year_offset": 0 }, "geometry": { "type": "Polygon", "coordinates": [ [ [ -126.05778, 50.4345775 ], [ -126.05822830000001, 50.435528199999986 ], [ -126.059794599999989, 50.4365734 ], [ -126.063671, 50.4375222 ], [ -126.0670993, 50.437710400000014 ], [ -126.068067099999979, 50.437091700000011 ], [ -126.068140199999988, 50.43614070000001 ], [ -126.0646355, 50.434573700000023 ], [ -126.0602379, 50.4337678 ], [ -126.0584498, 50.4339114 ], [ -126.05778, 50.4345775 ] ] ] } },
{ "type": "Feature", "properties": { "CAPTURE_YEAR": 2019, "PEST_SPECIES_CODE": "IAB", "PEST_SEVERITY_CODE": "T", "TREE_SPECIES_CODE": "BA", "AREA_HA": 9.44, "lidar_tiles": 2, "lidar_year": 2019, "year_offset": 0 }, "geometry": { "type": "Polygon", "coordinates": [ [ [ -126.0705289, 50.438706700000033 ], [ -126.071126600000014, 50.4397049 ], [ -126.07239460000001, 50.440369700000012 ], [ -126.0739604, 50.440796599999985 ], [ -126.0751526, 50.4406532 ], [ -126.075970899999987, 50.4397492 ], [ -126.0756712, 50.438798499999983 ], [ -126.0741796, 50.4381338 ], [ -126.0720175, 50.437564599999988 ], [ -126.0709, 50.437755599999981 ], [ -126.0705289, 50.438706700000033 ] ] ] } },
{ "type": "Feature", "properties": { "CAPTURE_YEAR": 2019, "PEST_SPECIES_CODE": "IAB", "PEST_SEVERITY_CODE": "T", "TREE_SPECIES_CODE": "BA", "AREA_HA": 24.49, "lidar_tiles": 1, "lidar_year": 2019, "year_offset": 0 }, "geometry": { "type": "Polygon", "coordinates": [ [ [ -126.082832, 50.4423594 ], [ -126.0841012, 50.443499600000017 ], [ -126.088203299999975, 50.444970399999988 ], [ -126.091112, 50.44587139999998 ], [ -126.093944099999987, 50.445726400000012 ], [ -126.094614, 50.4452979 ], [ -126.0943136, 50.4442046 ], [ -126.0927453, 50.4427319 ], [ -126.0909553, 50.442115300000019 ], [ -126.0884212, 50.442069799999985 ], [ -126.0852897, 50.4414066 ], [ -126.083427, 50.4416457 ], [ -126.082832, 50.4423594 ] ] ] } },
{ "type": "Feature", "properties": { "CAPTURE_YEAR": 2019, "PEST_SPECIES_CODE": "IAB", "PEST_SEVERITY_CODE": "T", "TREE_SPECIES_CODE": "BA", "AREA_HA": 28.82, "lidar_tiles": 2, "lidar_year": 2019, "year_offset": 0 }, "geometry": { "type": "Polygon", "coordinates": [ [ [ -126.547849, 50.46732 ], [ -126.5486161, 50.4690755 ], [ -126.550273499999989, 50.470446200000033 ], [ -126.5533432, 50.471429400000012 ], [ -126.5564085, 50.4720322 ], [ -126.558194199999988, 50.4716904 ], [ -126.5587033, 50.4706418 ], [ -126.5577908, 50.46922 ], [ -126.5542683, 50.4678112 ], [ -126.551718400000013, 50.4666352 ], [ -126.5499242, 50.4662637 ], [ -126.548358799999988, 50.466319 ], [ -126.547849, 50.46732 ] ] ] } },
{ "type": "Feature", "properties": { "CAPTURE_YEAR": 2019, "PEST_SPECIES_CODE": "IAB", "PEST_SEVERITY_CODE": "T", "TREE_SPECIES_CODE": "BA", "AREA_HA": 20.21, "lidar_tiles": 1, "lidar_year": 2019, "year_offset": 0 }, "geometry": { "type": "Polygon", "coordinates": [ [ [ -126.5587476, 50.480246 ], [ -126.5592063, 50.4811471 ], [ -126.5625701, 50.4817007 ], [ -126.5661505, 50.481682500000012 ], [ -126.5687541, 50.48109860000001 ], [ -126.569408, 50.479716400000015 ], [ -126.568565400000011, 50.477961500000042 ], [ -126.567956700000011, 50.477013699999972 ], [ -126.5669107, 50.476876400000016 ], [ -126.565948299999988, 50.477451899999984 ], [ -126.5656636, 50.4785469 ], [ -126.5651546, 50.479595500000038 ], [ -126.563889599999982, 50.479839699999978 ], [ -126.5619497, 50.479802 ], [ -126.5609054, 50.4798072 ], [ -126.559638, 50.479861199999974 ], [ -126.5587476, 50.480246 ] ] ] } },
{ "type": "Feature", "properties": { "CAPTURE_YEAR": 2019, "PEST_SPECIES_CODE": "IBB", "PEST_SEVERITY_CODE": "T", "TREE_SPECIES_CODE": "BA", "AREA_HA": 21.93, "lidar_tiles": 2, "lidar_year": 2019, "year_offset": 0 }, "geometry": { "type": "Polygon", "coordinates": [ [ [ -125.694880399999988, 49.382316699999983 ], [ -125.696694399999984, 49.383321699999989 ], [ -125.7010604, 49.383857700000014 ], [ -125.7036095, 49.383817 ], [ -125.7057244, 49.3833466 ], [ -125.706459, 49.3823487 ], [ -125.706100299999989, 49.3814906 ], [ -125.7048648, 49.381106300000027 ], [ -125.7025325, 49.3814333 ], [ -125.70012939999998, 49.381426600000012 ], [ -125.697947, 49.3810872 ], [ -125.695765200000011, 49.380652599999983 ], [ -125.694307599999988, 49.380838899999972 ], [ -125.6940113, 49.3816 ], [ -125.694880399999988, 49.382316699999983 ] ] ] } },
{ "type": "Feature", "properties": { "CAPTURE_YEAR": 2019, "PEST_SPECIES_CODE": "IAB", "PEST_SEVERITY_CODE": "T", "TREE_SPECIES_CODE": "BA", "AREA_HA": 5.72, "lidar_tiles": 1, "lidar_year": 2019, "year_offset": 0 }, "geometry": { "type": "Polygon", "coordinates": [ [ [ -126.957228599999979, 50.3449541 ], [ -126.9582175, 50.3459919 ], [ -126.959481700000012, 50.345980899999972 ], [ -126.960206199999988, 50.345071 ], [ -126.9599629, 50.344122 ], [ -126.9592725, 50.343129299999973 ], [ -126.9580033, 50.34290249999998 ], [ -126.9569794, 50.343719800000045 ], [ -126.957228599999979, 50.3449541 ] ] ] } },
{ "type": "Feature", "properties": { "CAPTURE_YEAR": 2021, "PEST_SPECIES_CODE": "IAB", "PEST_SEVERITY_CODE": "L", "TREE_SPECIES_CODE": "BA", "AREA_HA": 19.47, "lidar_tiles": 1, "lidar_year": 2020, "year_offset": 1 }, "geometry": { "type": "Polygon", "coordinates": [ [ [ -124.158226, 50.6333993 ], [ -124.1544596, 50.633865800000017 ], [ -124.153594899999987, 50.6346448 ], [ -124.154547699999981, 50.6351013 ], [ -124.1560661, 50.635302699999968 ], [ -124.164530199999987, 50.6353543 ], [ -124.167190600000012, 50.634781100000019 ], [ -124.1672193, 50.634076399999984 ], [ -124.1670914, 50.633809899999974 ], [ -124.1660106, 50.633087 ], [ -124.1629558, 50.6331248 ], [ -124.158226, 50.6333993 ] ] ] } },
{ "type": "Feature", "properties": { "CAPTURE_YEAR": 2021, "PEST_SPECIES_CODE": "IBB", "PEST_SEVERITY_CODE": "M", "TREE_SPECIES_CODE": "BA", "AREA_HA": 34.07, "lidar_tiles": 2, "lidar_year": 2020, "year_offset": 1 }, "geometry": { "type": "Polygon", "coordinates": [ [ [ -124.0863051, 50.3990933 ], [ -124.086090899999988, 50.399665800000015 ], [ -124.0859754, 50.4001491 ], [ -124.0859433, 50.400906699999972 ], [ -124.0860075, 50.4016356 ], [ -124.0863948, 50.402582500000022 ], [ -124.086793699999987, 50.403256499999969 ], [ -124.0875684, 50.404028099999984 ], [ -124.0893579, 50.4055146 ], [ -124.091023, 50.4065744 ], [ -124.0921403, 50.407109200000015 ], [ -124.093318, 50.407341799999969 ], [ -124.094082499999985, 50.4072336 ], [ -124.0945263, 50.406847 ], [ -124.094513299999988, 50.406028 ], [ -124.093979600000011, 50.4051696 ], [ -124.0934958, 50.4042515 ], [ -124.092773400000013, 50.4022375 ], [ -124.092289799999989, 50.40131940000002 ], [ -124.091792, 50.4007346 ], [ -124.0909622, 50.40014409999997 ], [ -124.0899925, 50.3994905 ], [ -124.0892075, 50.398961399999983 ], [ -124.088075, 50.398790200000022 ], [ -124.087075899999988, 50.398833700000019 ], [ -124.0863051, 50.3990933 ] ] ] } },
{ "type": "Feature", "properties": { "CAPTURE_YEAR": 2021, "PEST_SPECIES_CODE": "IAB", "PEST_SEVERITY_CODE": "T", "TREE_SPECIES_CODE": "BA", "AREA_HA": 55.44, "lidar_tiles": 5, "lidar_year": 2023, "year_offset": 2 }, "geometry": { "type": "Polygon", "coordinates": [ [ [ -127.7406901, 50.5617758 ], [ -127.7400125, 50.5624581 ], [ -127.739347900000013, 50.563476099999974 ], [ -127.7388209, 50.565779599999985 ], [ -127.7388986, 50.56779360000003 ], [ -127.7394033, 50.569465100000016 ], [ -127.739622399999988, 50.570581299999965 ], [ -127.740468100000015, 50.5719675 ], [ -127.741410500000015, 50.573576199999955 ], [ -127.7424495, 50.575407199999958 ], [ -127.74317929999998, 50.5760675 ], [ -127.7437994, 50.5761698 ], [ -127.74423920000001, 50.576162900000014 ], [ -127.744672499999979, 50.575988199999969 ], [ -127.74553920000001, 50.575638699999971 ], [ -127.7459574, 50.57507229999996 ], [ -127.745839, 50.574290500000018 ], [ -127.74578910000001, 50.573003799999988 ], [ -127.7457023, 50.570765900000012 ], [ -127.745307099999977, 50.569652499999961 ], [ -127.7449097, 50.56848319999996 ], [ -127.744222499999978, 50.5666467 ], [ -127.7440851, 50.56378609999998 ], [ -127.743890599999986, 50.562621299999968 ], [ -127.743244699999977, 50.561847700000015 ], [ -127.74252820000001, 50.561523099999945 ], [ -127.741560799999988, 50.5615382 ], [ -127.7406901, 50.5617758 ] ] ] } },
{ "type": "Feature", "properties": { "CAPTURE_YEAR": 2021, "PEST_SPECIES_CODE": "IAB", "PEST_SEVERITY_CODE": "T", "TREE_SPECIES_CODE": "BA", "AREA_HA": 17.01, "lidar_tiles": 2, "lidar_year": 2023, "year_offset": 2 }, "geometry": { "type": "Polygon", "coordinates": [ [ [ -127.779320499999983, 50.5810067 ], [ -127.7785009, 50.581554799999978 ], [ -127.778404200000011, 50.581948599999976 ], [ -127.7785319, 50.582338899999982 ], [ -127.778770200000011, 50.5826918 ], [ -127.7792831, 50.5828975 ], [ -127.780194099999989, 50.583239599999985 ], [ -127.7816614, 50.583465799999978 ], [ -127.783125899999987, 50.583620700000012 ], [ -127.7846926, 50.5835243 ], [ -127.7862004, 50.583357399999954 ], [ -127.7875947, 50.5831567 ], [ -127.7883121, 50.582859800000051 ], [ -127.7887435, 50.582424900000021 ], [ -127.7885612, 50.582071200000016 ], [ -127.7878212, 50.581797799999975 ], [ -127.786522, 50.581569 ], [ -127.785279, 50.581339199999988 ], [ -127.784312, 50.5809981 ], [ -127.782336, 50.5806731 ], [ -127.7807134, 50.5807704 ], [ -127.779320499999983, 50.5810067 ] ] ] } },
{ "type": "Feature", "properties": { "CAPTURE_YEAR": 2021, "PEST_SPECIES_CODE": "IAB", "PEST_SEVERITY_CODE": "L", "TREE_SPECIES_CODE": "BA", "AREA_HA": 7.98, "lidar_tiles": 1, "lidar_year": 2020, "year_offset": 1 }, "geometry": { "type": "Polygon", "coordinates": [ [ [ -124.302416, 50.5857125 ], [ -124.300179199999988, 50.5862073 ], [ -124.298908899999986, 50.586804899999983 ], [ -124.298750399999989, 50.5873313 ], [ -124.2990175, 50.587599799999985 ], [ -124.3001226, 50.587704800000047 ], [ -124.304444499999988, 50.587065600000017 ], [ -124.305869799999982, 50.586029599999989 ], [ -124.305883099999974, 50.585677200000042 ], [ -124.30561920000001, 50.585320599999982 ], [ -124.3047879, 50.5853079 ], [ -124.302416, 50.5857125 ] ] ] } },
{ "type": "Feature", "properties": { "CAPTURE_YEAR": 2024, "PEST_SPECIES_CODE": "IBB", "PEST_SEVERITY_CODE": "T", "TREE_SPECIES_CODE": "BA", "AREA_HA": 26.12, "lidar_tiles": 4, "lidar_year": 2023, "year_offset": 1 }, "geometry": { "type": "Polygon", "coordinates": [ [ [ -124.4446564, 48.639949399999963 ], [ -124.4438619, 48.640128500000017 ], [ -124.4433414, 48.6406931 ], [ -124.4437446, 48.641509600000028 ], [ -124.4447037, 48.642858800000013 ], [ -124.445516399999988, 48.644301099999979 ], [ -124.4457684, 48.645353799999967 ], [ -124.4461764, 48.6460273 ], [ -124.4469647, 48.646038899999986 ], [ -124.449152399999988, 48.6449264 ], [ -124.450843, 48.6436636 ], [ -124.451441300000013, 48.642909300000021 ], [ -124.4506986, 48.641515700000042 ], [ -124.449368400000012, 48.6405427 ], [ -124.448242400000012, 48.63990639999998 ], [ -124.4472423, 48.639796499999974 ], [ -124.4458761, 48.63991960000002 ], [ -124.4446564, 48.639949399999963 ] ] ] } },
{ "type": "Feature", "properties": { "CAPTURE_YEAR": 2024, "PEST_SPECIES_CODE": "IBB", "PEST_SEVERITY_CODE": "T", "TREE_SPECIES_CODE": "BA", "AREA_HA": 15.36, "lidar_tiles": 1, "lidar_year": 2019, "year_offset": 5 }, "geometry": { "type": "Polygon", "coordinates": [ [ [ -125.618856799999989, 49.376703599999978 ], [ -125.618708, 49.377084 ], [ -125.618483699999985, 49.3777975 ], [ -125.6185522, 49.378321499999984 ], [ -125.620079, 49.3786126 ], [ -125.6225523, 49.378906900000011 ], [ -125.6248046, 49.379533800000019 ], [ -125.6259685, 49.379680600000029 ], [ -125.6271321, 49.379875099999964 ], [ -125.627642200000011, 49.3798293 ], [ -125.6280085, 49.379544799999977 ], [ -125.6277219, 49.378972400000023 ], [ -125.6268531, 49.378350399999988 ], [ -125.6257651, 49.377822900000012 ], [ -125.623442, 49.3769577 ], [ -125.6219904, 49.3763812 ], [ -125.620245700000012, 49.3760418 ], [ -125.61929760000001, 49.376229 ], [ -125.618856799999989, 49.376703599999978 ] ] ] } },
{ "type": "Feature", "properties": { "CAPTURE_YEAR": 2024, "PEST_SPECIES_CODE": "IBB", "PEST_SEVERITY_CODE": "T", "TREE_SPECIES_CODE": "BA", "AREA_HA": 12.14, "lidar_tiles": 2, "lidar_year": 2019, "year_offset": 5 }, "geometry": { "type": "Polygon", "coordinates": [ [ [ -125.653201, 49.379914199999973 ], [ -125.649195, 49.3800441 ], [ -125.6487577, 49.380090300000013 ], [ -125.647664399999982, 49.380229600000021 ], [ -125.6475173, 49.380419599999982 ], [ -125.6478057, 49.3808015 ], [ -125.648385300000015, 49.3811843 ], [ -125.6493298, 49.381473 ], [ -125.6502743, 49.3817618 ], [ -125.652021299999987, 49.3818627 ], [ -125.6537693, 49.381820700000027 ], [ -125.6544254, 49.381727500000011 ], [ -125.6559578, 49.381303800000012 ], [ -125.6569808, 49.380830900000028 ], [ -125.657349499999981, 49.3802131 ], [ -125.6569154, 49.379830800000015 ], [ -125.655896, 49.3798275 ], [ -125.653201, 49.379914199999973 ] ] ] } },
{ "type": "Feature", "properties": { "CAPTURE_YEAR": 2024, "PEST_SPECIES_CODE": "IBB", "PEST_SEVERITY_CODE": "T", "TREE_SPECIES_CODE": "BA", "AREA_HA": 6.18, "lidar_tiles": 2, "lidar_year": 2019, "year_offset": 5 }, "geometry": { "type": "Polygon", "coordinates": [ [ [ -125.7013046, 49.3845335 ], [ -125.699700599999986, 49.384814799999965 ], [ -125.698607, 49.3850022 ], [ -125.6976593, 49.3851424 ], [ -125.6970742, 49.3855217 ], [ -125.697728399999988, 49.385714 ], [ -125.7002774, 49.385721100000019 ], [ -125.7026081, 49.385679900000014 ], [ -125.704138699999973, 49.385493600000046 ], [ -125.704868499999989, 49.3852576 ], [ -125.7052347, 49.384925200000019 ], [ -125.7048008, 49.3844479 ], [ -125.7042917, 49.3843513 ], [ -125.7023251, 49.384393499999987 ], [ -125.7013046, 49.3845335 ] ] ] } },
{ "type": "Feature", "properties": { "CAPTURE_YEAR": 2024, "PEST_SPECIES_CODE": "IBB", "PEST_SEVERITY_CODE": "T", "TREE_SPECIES_CODE": "BA", "AREA_HA": 48.84, "lidar_tiles": 3, "lidar_year": 2019, "year_offset": 5 }, "geometry": { "type": "Polygon", "coordinates": [ [ [ -125.9166817, 49.4126173 ], [ -125.9165417, 49.413207400000019 ], [ -125.9167487, 49.414024800000021 ], [ -125.917581, 49.41488809999997 ], [ -125.9175794, 49.415750699999982 ], [ -125.917231, 49.41629529999998 ], [ -125.9167435, 49.416885099999952 ], [ -125.9160478, 49.4173386 ], [ -125.915421200000011, 49.417973700000026 ], [ -125.914933499999989, 49.4186544 ], [ -125.914654, 49.419471400000027 ], [ -125.9150706, 49.419698700000033 ], [ -125.916112700000014, 49.4198357 ], [ -125.917642, 49.4196099 ], [ -125.91944909999998, 49.419475 ], [ -125.920839199999989, 49.4193399 ], [ -125.922507599999975, 49.4190686 ], [ -125.924107100000015, 49.418343400000012 ], [ -125.9256373, 49.4174818 ], [ -125.926542599999976, 49.4162566 ], [ -125.926266700000014, 49.4149851 ], [ -125.9251568, 49.4138493 ], [ -125.923837799999987, 49.413076600000025 ], [ -125.9207816, 49.412438800000011 ], [ -125.9186975, 49.412164800000021 ], [ -125.9175162, 49.4122093 ], [ -125.9166817, 49.4126173 ] ] ] } },
{ "type": "Feature", "properties": { "CAPTURE_YEAR": 2024, "PEST_SPECIES_CODE": "IBB", "PEST_SEVERITY_CODE": "T", "TREE_SPECIES_CODE": "BA", "AREA_HA": 15.76, "lidar_tiles": 1, "lidar_year": 2019, "year_offset": 5 }, "geometry": { "type": "Polygon", "coordinates": [ [ [ -126.581107300000014, 50.4553571 ], [ -126.5807622, 50.456554700000012 ], [ -126.580425299999987, 50.458396 ], [ -126.580445399999988, 50.459959600000026 ], [ -126.5815354, 50.4605977 ], [ -126.58297, 50.4599923 ], [ -126.5838187, 50.45870020000001 ], [ -126.5844534, 50.4575931 ], [ -126.5845803, 50.456258700000035 ], [ -126.5843509, 50.455248099999956 ], [ -126.584048200000012, 50.454146 ], [ -126.5833951, 50.453827499999974 ], [ -126.582463100000012, 50.454246299999987 ], [ -126.581107300000014, 50.4553571 ] ] ] } },
{ "type": "Feature", "properties": { "CAPTURE_YEAR": 2024, "PEST_SPECIES_CODE": "IBB", "PEST_SEVERITY_CODE": "T", "TREE_SPECIES_CODE": "BA", "AREA_HA": 8.12, "lidar_tiles": 2, "lidar_year": 2019, "year_offset": 5 }, "geometry": { "type": "Polygon", "coordinates": [ [ [ -126.5725202, 50.4662553 ], [ -126.571808199999978, 50.466994799999974 ], [ -126.5714581, 50.467824399999984 ], [ -126.571393, 50.4683766 ], [ -126.5714697, 50.468744100000016 ], [ -126.5718374, 50.4692941 ], [ -126.572492399999987, 50.4697506 ], [ -126.5729926, 50.4693801 ], [ -126.573200199999988, 50.468689199999979 ], [ -126.5734829, 50.4682278 ], [ -126.574055199999989, 50.467857 ], [ -126.574916, 50.467484600000013 ], [ -126.575845500000014, 50.466835899999985 ], [ -126.5756179, 50.465963299999984 ], [ -126.575252, 50.46555129999998 ], [ -126.574527899999978, 50.465325099999987 ], [ -126.5739527, 50.465466099999986 ], [ -126.5725202, 50.4662553 ] ] ] } },
{ "type": "Feature", "properties": { "CAPTURE_YEAR": 2024, "PEST_SPECIES_CODE": "IBB", "PEST_SEVERITY_CODE": "T", "TREE_SPECIES_CODE": "BA", "AREA_HA": 33.52, "lidar_tiles": 2, "lidar_year": 2019, "year_offset": 5 }, "geometry": { "type": "Polygon", "coordinates": [ [ [ -126.5838593, 50.478567200000022 ], [ -126.584940799999984, 50.478515599999973 ], [ -126.5854416, 50.478191 ], [ -126.5863747, 50.4778182 ], [ -126.587169499999973, 50.4779059 ], [ -126.5886868, 50.478081900000021 ], [ -126.589332500000012, 50.477802499999981 ], [ -126.589395, 50.4770664 ], [ -126.5886616, 50.476150500000031 ], [ -126.5877852, 50.475327300000018 ], [ -126.587265300000013, 50.474180399999973 ], [ -126.586818699999981, 50.473125 ], [ -126.586092599999986, 50.4727609 ], [ -126.58522760000001, 50.4728114 ], [ -126.5840722, 50.4727256 ], [ -126.5829843, 50.472271399999968 ], [ -126.5816079, 50.4718187 ], [ -126.5803107, 50.471917499999968 ], [ -126.5798838, 50.472379599999975 ], [ -126.5799677, 50.4732989 ], [ -126.5804153, 50.4744463 ], [ -126.5809487, 50.476651 ], [ -126.581757, 50.477796499999982 ], [ -126.5825571, 50.4782981 ], [ -126.5838593, 50.478567200000022 ] ] ] } },
{ "type": "Feature", "properties": { "CAPTURE_YEAR": 2024, "PEST_SPECIES_CODE": "IBB", "PEST_SEVERITY_CODE": "T", "TREE_SPECIES_CODE": "BA", "AREA_HA": 4.81, "lidar_tiles": 1, "lidar_year": 2019, "year_offset": 5 }, "geometry": { "type": "Polygon", "coordinates": [ [ [ -126.561556200000012, 50.4778085 ], [ -126.561418800000013, 50.478361 ], [ -126.561786900000016, 50.478957 ], [ -126.562949299999985, 50.479595 ], [ -126.564104699999987, 50.479681100000036 ], [ -126.564680700000011, 50.479586200000028 ], [ -126.5651107, 50.479354 ], [ -126.5650288, 50.478572700000015 ], [ -126.5645163, 50.47797740000005 ], [ -126.563863, 50.4776588 ], [ -126.5629944, 50.47743329999998 ], [ -126.562202, 50.4775293 ], [ -126.561556200000012, 50.4778085 ] ] ] } },
{ "type": "Feature", "properties": { "CAPTURE_YEAR": 2024, "PEST_SPECIES_CODE": "IBB", "PEST_SEVERITY_CODE": "M", "TREE_SPECIES_CODE": "BA", "AREA_HA": 71.2, "lidar_tiles": 2, "lidar_year": 2020, "year_offset": 4 }, "geometry": { "type": "Polygon", "coordinates": [ [ [ -124.4002969, 50.8948476 ], [ -124.401459, 50.8955602 ], [ -124.403156599999988, 50.895530899999983 ], [ -124.404106499999983, 50.895062499999987 ], [ -124.4052565, 50.893740199999982 ], [ -124.4058263, 50.8920348 ], [ -124.4052015, 50.8905266 ], [ -124.4038872, 50.889329899999986 ], [ -124.40003729999998, 50.8878828 ], [ -124.397702099999989, 50.886778499999977 ], [ -124.3947678, 50.885826300000048 ], [ -124.3935849, 50.8857022 ], [ -124.392718, 50.886225299999978 ], [ -124.391932, 50.886856600000023 ], [ -124.391483099999988, 50.887546199999974 ], [ -124.39127689999998, 50.8885607 ], [ -124.3914176, 50.8893659 ], [ -124.3919744, 50.890391299999983 ], [ -124.3926237, 50.8912038 ], [ -124.3928434, 50.892170799999953 ], [ -124.3928203, 50.892813 ], [ -124.393307799999974, 50.893409 ], [ -124.3943156, 50.893691100000012 ], [ -124.3957569, 50.893711800000034 ], [ -124.396861, 50.893674 ], [ -124.398801400000011, 50.8939695 ], [ -124.4002969, 50.8948476 ] ] ] } },
{ "type": "Feature", "properties": { "CAPTURE_YEAR": 2024, "PEST_SPECIES_CODE": "IBB", "PEST_SEVERITY_CODE": "T", "TREE_SPECIES_CODE": "BA", "AREA_HA": 5.66, "lidar_tiles": 2, "lidar_year": 2023, "year_offset": 1 }, "geometry": { "type": "Polygon", "coordinates": [ [ [ -127.8910533, 50.505536399999983 ], [ -127.8923895, 50.505138900000013 ], [ -127.893011, 50.50452880000001 ], [ -127.8929464, 50.5041039 ], [ -127.8920985, 50.504417499999974 ], [ -127.8907793, 50.5046893 ], [ -127.8893036, 50.504963699999983 ], [ -127.8867244, 50.5050574 ], [ -127.8842996, 50.505098499999974 ], [ -127.8831201, 50.504968900000016 ], [ -127.8828734, 50.5047317 ], [ -127.882564, 50.505081 ], [ -127.8826956, 50.505416 ], [ -127.8834722, 50.5057026 ], [ -127.884649400000015, 50.5057201 ], [ -127.88676550000001, 50.505684200000019 ], [ -127.889293099999989, 50.5056413 ], [ -127.8910533, 50.505536399999983 ] ] ] } },
{ "type": "Feature", "properties": { "CAPTURE_YEAR": 2024, "PEST_SPECIES_CODE": "IBB", "PEST_SEVERITY_CODE": "T", "TREE_SPECIES_CODE": "BA", "AREA_HA": 59.32, "lidar_tiles": 6, "lidar_year": 2023, "year_offset": 1 }, "geometry": { "type": "Polygon", "coordinates": [ [ [ -127.887132199999982, 50.517256300000049 ], [ -127.8874267, 50.5176705 ], [ -127.88749940000001, 50.5179586 ], [ -127.888185899999982, 50.5184966 ], [ -127.888429699999989, 50.5187331 ], [ -127.889866, 50.5193082 ], [ -127.8915217, 50.5195049 ], [ -127.8931498, 50.5192251 ], [ -127.8938152, 50.5191974 ], [ -127.8954373, 50.518671199999986 ], [ -127.897364, 50.517940199999977 ], [ -127.8986689, 50.5173196 ], [ -127.8988388, 50.517239500000024 ], [ -127.899129599999981, 50.517126899999973 ], [ -127.899573299999986, 50.516892900000016 ], [ -127.9002043, 50.516595299999985 ], [ -127.9003696, 50.516473 ], [ -127.9012592, 50.5160039 ], [ -127.901747299999982, 50.515021299999979 ], [ -127.9012978, 50.514129700000026 ], [ -127.901281, 50.514114499999977 ], [ -127.901272800000015, 50.514083899999981 ], [ -127.9006175, 50.513397 ], [ -127.899816300000012, 50.5129619 ], [ -127.8989389, 50.512578 ], [ -127.897841599999978, 50.512546900000011 ], [ -127.896860100000012, 50.512459900000032 ], [ -127.896453799999989, 50.512264 ], [ -127.8954277, 50.51164450000001 ], [ -127.8946398, 50.5110959 ], [ -127.8939123, 50.510583700000012 ], [ -127.893254700000014, 50.5103326 ], [ -127.8918916, 50.510093500000011 ], [ -127.8913672, 50.5102149 ], [ -127.8909393, 50.5103709 ], [ -127.8903239, 50.5106307 ], [ -127.890423, 50.511127600000023 ], [ -127.890917500000015, 50.511717599999969 ], [ -127.8923675, 50.512690099999972 ], [ -127.893724599999985, 50.5133152 ], [ -127.8948618, 50.514293099999968 ], [ -127.895603600000015, 50.515178 ], [ -127.896013599999975, 50.515619699999981 ], [ -127.8962651, 50.5162376 ], [ -127.895632400000011, 50.5165122 ], [ -127.8946901, 50.5164908 ], [ -127.8935016, 50.5162113 ], [ -127.892899500000013, 50.515884299999968 ], [ -127.89211, 50.515298200000061 ], [ -127.8912602, 50.5146757 ], [ -127.89053269999998, 50.514163499999974 ], [ -127.88944, 50.5133577 ], [ -127.888667899999987, 50.5131835 ], [ -127.8876716, 50.513275300000011 ], [ -127.8872679, 50.5134695 ], [ -127.8867744, 50.5137326 ], [ -127.886474, 50.514036899999979 ], [ -127.8865689, 50.5144342 ], [ -127.8871416, 50.5150228 ], [ -127.887551500000015, 50.515464599999987 ], [ -127.88772680000001, 50.515910399999974 ], [ -127.8877046, 50.516021799999962 ], [ -127.8874999, 50.516200900000015 ], [ -127.8869786, 50.516397100000013 ], [ -127.8869355, 50.5167726 ], [ -127.887132199999982, 50.517256300000049 ] ] ] } },
{ "type": "Feature", "properties": { "CAPTURE_YEAR": 2024, "PEST_SPECIES_CODE": "IBB", "PEST_SEVERITY_CODE": "L", "TREE_SPECIES_CODE": "BA", "AREA_HA": 12.69, "lidar_tiles": 2, "lidar_year": 2023, "year_offset": 1 }, "geometry": { "type": "Polygon", "coordinates": [ [ [ -127.888750800000011, 50.502978600000027 ], [ -127.887044599999982, 50.5033566 ], [ -127.8848712, 50.503792399999988 ], [ -127.8837042, 50.5039618 ], [ -127.8830889, 50.504221499999964 ], [ -127.882712399999988, 50.504577 ], [ -127.8828734, 50.5047317 ], [ -127.8831201, 50.504968900000016 ], [ -127.8842996, 50.505098499999974 ], [ -127.8867244, 50.5050574 ], [ -127.8893036, 50.504963699999983 ], [ -127.8907793, 50.5046893 ], [ -127.8920985, 50.504417499999974 ], [ -127.8929464, 50.5041039 ], [ -127.893170499999982, 50.503850700000037 ], [ -127.8931475, 50.5033026 ], [ -127.8929003, 50.5030077 ], [ -127.8922662, 50.502819 ], [ -127.8914038, 50.502783799999968 ], [ -127.8900783, 50.5029061 ], [ -127.888750800000011, 50.502978600000027 ] ] ] } },
{ "type": "Feature", "properties": { "CAPTURE_YEAR": 2024, "PEST_SPECIES_CODE": "IAB", "PEST_SEVERITY_CODE": "T", "TREE_SPECIES_CODE": "BA", "AREA_HA": 22.27, "lidar_tiles": 2, "lidar_year": 2019, "year_offset": 5 }, "geometry": { "type": "Polygon", "coordinates": [ [ [ -126.0420693, 49.481097399999989 ], [ -126.041375, 49.4815508 ], [ -126.0415147, 49.482366499999983 ], [ -126.0424876, 49.482774 ], [ -126.044155300000014, 49.4832265 ], [ -126.0468646, 49.483316 ], [ -126.0495739, 49.483360100000013 ], [ -126.051936500000011, 49.4839028 ], [ -126.0534655, 49.484491200000015 ], [ -126.0541608, 49.4849893 ], [ -126.055550900000014, 49.4855324 ], [ -126.056384399999985, 49.485441400000013 ], [ -126.056592, 49.4847615 ], [ -126.055826900000014, 49.484036799999984 ], [ -126.0546453, 49.483448299999985 ], [ -126.0530467, 49.482769300000015 ], [ -126.0513093, 49.4821357 ], [ -126.0488773, 49.4815024 ], [ -126.0462371, 49.4809597 ], [ -126.044569700000011, 49.4807792 ], [ -126.0434583, 49.4808249 ], [ -126.0420693, 49.481097399999989 ] ] ] } },
{ "type": "Feature", "properties": { "CAPTURE_YEAR": 2024, "PEST_SPECIES_CODE": "IAB", "PEST_SEVERITY_CODE": "T", "TREE_SPECIES_CODE": "BA", "AREA_HA": 51.59, "lidar_tiles": 2, "lidar_year": 2019, "year_offset": 5 }, "geometry": { "type": "Polygon", "coordinates": [ [ [ -126.1102899, 49.483542 ], [ -126.110153399999973, 49.4845844 ], [ -126.110086699999982, 49.485717399999984 ], [ -126.109119600000014, 49.48807489999998 ], [ -126.107321099999979, 49.491430100000024 ], [ -126.106559599999983, 49.4926545 ], [ -126.106006, 49.493652 ], [ -126.10573, 49.4944679 ], [ -126.105870700000011, 49.4952382 ], [ -126.106359, 49.496053399999987 ], [ -126.1074726, 49.496822699999974 ], [ -126.108932400000015, 49.4970478 ], [ -126.109834799999987, 49.4966391 ], [ -126.1105269, 49.4955054 ], [ -126.111425900000015, 49.49369190000003 ], [ -126.111840399999977, 49.49269450000002 ], [ -126.1130171, 49.490880600000018 ], [ -126.1137778, 49.48942959999998 ], [ -126.1144006, 49.488386700000042 ], [ -126.1147456, 49.4874346 ], [ -126.1147431, 49.486437700000053 ], [ -126.114115899999987, 49.48566789999996 ], [ -126.11335, 49.48494360000003 ], [ -126.1125819, 49.4833583 ], [ -126.1116082, 49.4828608 ], [ -126.1108441, 49.482906899999989 ], [ -126.1102899, 49.483542 ] ] ] } },
{ "type": "Feature", "properties": { "CAPTURE_YEAR": 2024, "PEST_SPECIES_CODE": "IBB", "PEST_SEVERITY_CODE": "L", "TREE_SPECIES_CODE": "BA", "AREA_HA": 10.79, "lidar_tiles": 2, "lidar_year": 2023, "year_offset": 1 }, "geometry": { "type": "Polygon", "coordinates": [ [ [ -124.8843344, 48.784706299999947 ], [ -124.8824224, 48.7854111 ], [ -124.8816069, 48.785982500000046 ], [ -124.881591899999975, 48.7866105 ], [ -124.881949400000011, 48.786904200000023 ], [ -124.88325780000001, 48.78706289999996 ], [ -124.8847154, 48.787078100000031 ], [ -124.8860376, 48.786657 ], [ -124.8870705, 48.7861362 ], [ -124.8877424, 48.7854667 ], [ -124.8880534, 48.7846484 ], [ -124.8878497, 48.784018099999976 ], [ -124.8872735, 48.783722100000062 ], [ -124.8860995, 48.784048200000015 ], [ -124.8843344, 48.784706299999947 ] ] ] } },
{ "type": "Feature", "properties": { "CAPTURE_YEAR": 2024, "PEST_SPECIES_CODE": "IBB", "PEST_SEVERITY_CODE": "L", "TREE_SPECIES_CODE": "BA", "AREA_HA": 16.31, "lidar_tiles": 6, "lidar_year": 2023, "year_offset": 1 }, "geometry": { "type": "Polygon", "coordinates": [ [ [ -124.9749084, 48.924226100000027 ], [ -124.9734836, 48.924335099999951 ], [ -124.9724253, 48.9246519 ], [ -124.9722917, 48.9251001 ], [ -124.9726502, 48.925675699999971 ], [ -124.973753300000013, 48.926135799999976 ], [ -124.975600299999982, 48.926521300000033 ], [ -124.9776408, 48.926540800000019 ], [ -124.9799376, 48.926154 ], [ -124.9816213, 48.925516200000011 ], [ -124.982314800000012, 48.924909800000037 ], [ -124.982325499999988, 48.9244195 ], [ -124.9814661, 48.924125200000013 ], [ -124.980356699999973, 48.923951199999969 ], [ -124.9785026, 48.923892699999968 ], [ -124.975714, 48.924152100000036 ], [ -124.9749084, 48.924226100000027 ] ] ] } },
{ "type": "Feature", "properties": { "CAPTURE_YEAR": 2025, "PEST_SPECIES_CODE": "IBB", "PEST_SEVERITY_CODE": "M", "TREE_SPECIES_CODE": "BA", "AREA_HA": 2.32, "lidar_tiles": 1, "lidar_year": 2020, "year_offset": 5 }, "geometry": { "type": "Polygon", "coordinates": [ [ [ -124.151636599999975, 50.949159900000012 ], [ -124.151451600000016, 50.949214200000014 ], [ -124.151307099999983, 50.9492842 ], [ -124.151122199999989, 50.949432299999984 ], [ -124.1510009, 50.949596 ], [ -124.1509077, 50.949812599999959 ], [ -124.1508696, 50.949996799999944 ], [ -124.1508664, 50.950163099999969 ], [ -124.150909500000012, 50.9503547 ], [ -124.1510039, 50.9505153 ], [ -124.151142299999989, 50.9506371 ], [ -124.1513244, 50.9507279 ], [ -124.1515865, 50.9507948 ], [ -124.151846799999987, 50.9508142 ], [ -124.1521416, 50.95079120000004 ], [ -124.1523579, 50.9507424 ], [ -124.152581200000014, 50.950649899999974 ], [ -124.1527494, 50.9505297 ], [ -124.1528913, 50.950367599999986 ], [ -124.1529805, 50.95021280000001 ], [ -124.1530374, 50.950055700000043 ], [ -124.1530627, 50.949901599999961 ], [ -124.153059, 50.949776 ], [ -124.1530305, 50.949655199999988 ], [ -124.152974, 50.9495389 ], [ -124.152885199999986, 50.9494271 ], [ -124.152774, 50.9493337 ], [ -124.1525949, 50.94923620000003 ], [ -124.1524492, 50.9491858 ], [ -124.152266399999988, 50.949146600000013 ], [ -124.1520523, 50.9491265 ], [ -124.1518096, 50.949133600000017 ], [ -124.151636599999975, 50.949159900000012 ] ] ] } },
{ "type": "Feature", "properties": { "CAPTURE_YEAR": 2025, "PEST_SPECIES_CODE": "IBB", "PEST_SEVERITY_CODE": "M", "TREE_SPECIES_CODE": "BA", "AREA_HA": 36.92, "lidar_tiles": 1, "lidar_year": 2020, "year_offset": 5 }, "geometry": { "type": "Polygon", "coordinates": [ [ [ -124.1526834, 50.95644260000001 ], [ -124.1525349, 50.9567659 ], [ -124.152416800000012, 50.957096299999968 ], [ -124.1522705, 50.95759970000001 ], [ -124.152156100000013, 50.958108100000025 ], [ -124.152112, 50.9584482 ], [ -124.1521128, 50.958732400000017 ], [ -124.1521724, 50.959054499999986 ], [ -124.152287500000014, 50.959334500000018 ], [ -124.152448299999989, 50.959575600000015 ], [ -124.1526562, 50.9597882 ], [ -124.1528766, 50.9599458 ], [ -124.153158800000014, 50.960077799999986 ], [ -124.1534109, 50.9601444 ], [ -124.1536899, 50.960172600000028 ], [ -124.1539824, 50.9601612 ], [ -124.1543108, 50.9601062 ], [ -124.1546267, 50.9600122 ], [ -124.1549123, 50.959886399999974 ], [ -124.155146799999983, 50.959742900000016 ], [ -124.155351599999989, 50.95957 ], [ -124.155476799999988, 50.959426900000018 ], [ -124.1555892, 50.959257 ], [ -124.1557398, 50.958908900000026 ], [ -124.1558217, 50.958566700000034 ], [ -124.1558996, 50.9578373 ], [ -124.155961, 50.957482699999979 ], [ -124.1560653, 50.95716420000003 ], [ -124.1561457, 50.957005399999986 ], [ -124.1563569, 50.956703 ], [ -124.1565954, 50.9564546 ], [ -124.15688, 50.9562368 ], [ -124.157042600000011, 50.956144699999975 ], [ -124.1572143, 50.956069800000023 ], [ -124.1573983, 50.956008899999979 ], [ -124.157592, 50.9559623 ], [ -124.157793200000015, 50.95593109999993 ], [ -124.1580271, 50.9559159 ], [ -124.1582648, 50.955920099999979 ], [ -124.1585031, 50.9559421 ], [ -124.1587385, 50.955981899999983 ], [ -124.1589638, 50.956038100000029 ], [ -124.1593965, 50.9561902 ], [ -124.1596029, 50.9562807 ], [ -124.160415899999975, 50.956682899999969 ], [ -124.1606209, 50.956764299999975 ], [ -124.160832299999981, 50.9568254 ], [ -124.1611008, 50.956863899999973 ], [ -124.1612991, 50.9568668 ], [ -124.161482400000011, 50.956851199999981 ], [ -124.16162940000001, 50.956825799999976 ], [ -124.1618312, 50.956770399999961 ], [ -124.1620002, 50.9567019 ], [ -124.1621345, 50.9566283 ], [ -124.1623402, 50.956463 ], [ -124.1624234, 50.956367 ], [ -124.162566899999987, 50.956137 ], [ -124.162709100000015, 50.955756699999959 ], [ -124.1627462, 50.955536 ], [ -124.16274940000001, 50.9553834 ], [ -124.162722, 50.9551843 ], [ -124.1626633, 50.955001400000022 ], [ -124.1625874, 50.954838899999963 ], [ -124.1623926, 50.9545187 ], [ -124.161578, 50.953412 ], [ -124.1608273, 50.952289099999973 ], [ -124.1605997, 50.951976600000016 ], [ -124.1603418, 50.951683599999988 ], [ -124.160192099999975, 50.951548 ], [ -124.1600245, 50.951423399999982 ], [ -124.1597401, 50.9512696 ], [ -124.159432599999988, 50.9511724 ], [ -124.1592546, 50.951141 ], [ -124.15904110000001, 50.951121900000018 ], [ -124.158625199999989, 50.951132 ], [ -124.15821339999998, 50.951199299999978 ], [ -124.1580018, 50.9512575 ], [ -124.15778490000001, 50.951335499999978 ], [ -124.1576372, 50.951399899999984 ], [ -124.157353, 50.951552900000024 ], [ -124.157041299999989, 50.95177319999997 ], [ -124.1568765, 50.9519131 ], [ -124.1565691, 50.9522071 ], [ -124.1555475, 50.953265200000018 ], [ -124.1545531, 50.9541536 ], [ -124.1541272, 50.954593099999983 ], [ -124.1537316, 50.9550453 ], [ -124.153228, 50.955656899999987 ], [ -124.1528801, 50.956123500000011 ], [ -124.1526834, 50.95644260000001 ] ] ] } },
{ "type": "Feature", "properties": { "CAPTURE_YEAR": 2025, "PEST_SPECIES_CODE": "IBB", "PEST_SEVERITY_CODE": "T", "TREE_SPECIES_CODE": "BA", "AREA_HA": 6.84, "lidar_tiles": 1, "lidar_year": 2020, "year_offset": 5 }, "geometry": { "type": "Polygon", "coordinates": [ [ [ -123.946234300000015, 50.231350500000012 ], [ -123.945770400000015, 50.231391199999976 ], [ -123.9449183, 50.231498800000011 ], [ -123.9444057, 50.231760799999968 ], [ -123.9442429, 50.231955299999974 ], [ -123.9442295, 50.232251399999981 ], [ -123.944247800000014, 50.232696100000048 ], [ -123.9443125, 50.2329689 ], [ -123.9446817, 50.233321400000023 ], [ -123.945024600000011, 50.233401899999983 ], [ -123.9457173, 50.233414800000013 ], [ -123.9464484, 50.2334284 ], [ -123.9469101, 50.233437 ], [ -123.947727199999989, 50.2332546 ], [ -123.948311100000012, 50.233117400000012 ], [ -123.948666300000014, 50.232926399999968 ], [ -123.9489094, 50.232659400000017 ], [ -123.9489987, 50.232389399999988 ], [ -123.948934, 50.2321167 ], [ -123.948789, 50.231916399999989 ], [ -123.9483925, 50.231316500000013 ], [ -123.9477417, 50.231230400000058 ], [ -123.9471974, 50.231343699999925 ], [ -123.946234300000015, 50.231350500000012 ] ] ] } },
{ "type": "Feature", "properties": { "CAPTURE_YEAR": 2025, "PEST_SPECIES_CODE": "IBB", "PEST_SEVERITY_CODE": "T", "TREE_SPECIES_CODE": "BA", "AREA_HA": 11.22, "lidar_tiles": 2, "lidar_year": 2020, "year_offset": 5 }, "geometry": { "type": "Polygon", "coordinates": [ [ [ -124.0538786, 50.18508640000001 ], [ -124.051248399999977, 50.1862233 ], [ -124.050561699999989, 50.1869475 ], [ -124.0504663, 50.187261399999983 ], [ -124.0506188, 50.1875271 ], [ -124.0511387, 50.1878256 ], [ -124.051582299999978, 50.187991200000027 ], [ -124.0523205, 50.187977899999971 ], [ -124.0533565, 50.187706899999959 ], [ -124.0544846, 50.187200899999986 ], [ -124.0563744, 50.1861297 ], [ -124.057645400000013, 50.185152800000019 ], [ -124.058157, 50.184688399999942 ], [ -124.0581682, 50.1844257 ], [ -124.057234399999984, 50.1842251 ], [ -124.056539500000014, 50.1841866 ], [ -124.055503500000015, 50.1844576 ], [ -124.0538786, 50.18508640000001 ] ] ] } },
{ "type": "Feature", "properties": { "CAPTURE_YEAR": 2025, "PEST_SPECIES_CODE": "IBB", "PEST_SEVERITY_CODE": "T", "TREE_SPECIES_CODE": "BA", "AREA_HA": 28.07, "lidar_tiles": 2, "lidar_year": 2020, "year_offset": 5 }, "geometry": { "type": "Polygon", "coordinates": [ [ [ -123.9934364, 50.210630200000018 ], [ -123.992752200000012, 50.211044799999961 ], [ -123.9926687, 50.2114277 ], [ -123.9925186, 50.211809400000035 ], [ -123.992498799999979, 50.212257500000014 ], [ -123.9923478, 50.2126605 ], [ -123.9919677, 50.212973900000016 ], [ -123.9907863, 50.213336800000015 ], [ -123.990043, 50.2135796 ], [ -123.9899937, 50.2139417 ], [ -123.9899786, 50.2142831 ], [ -123.9899986, 50.214582499999942 ], [ -123.989745899999988, 50.215026299999984 ], [ -123.9894209, 50.215597 ], [ -123.9892727, 50.215936 ], [ -123.9890409, 50.2166578 ], [ -123.989323399999989, 50.2170474 ], [ -123.9899869, 50.217102200000014 ], [ -123.991346299999989, 50.21723369999998 ], [ -123.9923997, 50.2175092 ], [ -123.99332, 50.217782200000016 ], [ -123.9938172, 50.217833900000024 ], [ -123.994350499999982, 50.21782229999998 ], [ -123.9949787, 50.217171600000022 ], [ -123.995400599999982, 50.216666799999985 ], [ -123.9957587, 50.21609669999998 ], [ -123.9960808, 50.21559 ], [ -123.9962374, 50.215059 ], [ -123.9965585, 50.2145736 ], [ -123.996776, 50.214171799999974 ], [ -123.9967967, 50.2137024 ], [ -123.9967471, 50.213317099999976 ], [ -123.996526499999987, 50.213035399999981 ], [ -123.9960454, 50.212620900000026 ], [ -123.9955338, 50.2121418 ], [ -123.9951283, 50.210767699999984 ], [ -123.994640600000011, 50.2105026 ], [ -123.9937082, 50.210507 ], [ -123.9934364, 50.210630200000018 ] ] ] } },
{ "type": "Feature", "properties": { "CAPTURE_YEAR": 2025, "PEST_SPECIES_CODE": "IBB", "PEST_SEVERITY_CODE": "T", "TREE_SPECIES_CODE": "BA", "AREA_HA": 19.35, "lidar_tiles": 2, "lidar_year": 2020, "year_offset": 5 }, "geometry": { "type": "Polygon", "coordinates": [ [ [ -124.0493228, 50.295257900000017 ], [ -124.0494611, 50.29564 ], [ -124.0498921, 50.295812800000029 ], [ -124.0502543, 50.295786099999965 ], [ -124.0507561, 50.295514299999986 ], [ -124.0510502, 50.295271799999973 ], [ -124.051221899999987, 50.294878600000025 ], [ -124.051231800000011, 50.294647600000012 ], [ -124.0511179, 50.2942989 ], [ -124.0509245, 50.2939983 ], [ -124.050733199999982, 50.2936482 ], [ -124.050393, 50.2931634 ], [ -124.0504107, 50.2927509 ], [ -124.050424199999981, 50.2924374 ], [ -124.050442, 50.292025 ], [ -124.050327299999978, 50.2916927 ], [ -124.050214799999978, 50.291311 ], [ -124.050181, 50.2908976 ], [ -124.050024799999989, 50.29033349999996 ], [ -124.049860700000011, 50.289950900000015 ], [ -124.049620099999984, 50.2895504 ], [ -124.0492291, 50.289048099999967 ], [ -124.0490099, 50.288747099999966 ], [ -124.048493, 50.2881766 ], [ -124.047852299999988, 50.2880827 ], [ -124.0473277, 50.2882881 ], [ -124.0470894, 50.288432499999985 ], [ -124.0467652, 50.288773499999984 ], [ -124.046468299999987, 50.289081899999978 ], [ -124.0461642, 50.2895554 ], [ -124.04622590000001, 50.2899197 ], [ -124.0463133, 50.290284499999956 ], [ -124.0464007, 50.29064930000002 ], [ -124.046491, 50.2909481 ], [ -124.046679399999988, 50.291364200000018 ], [ -124.0468148, 50.291812400000026 ], [ -124.0468407, 50.292407200000014 ], [ -124.0468229, 50.292819699999974 ], [ -124.0466527, 50.2931799 ], [ -124.046630600000015, 50.2936913 ], [ -124.04678819999998, 50.2942225 ], [ -124.0470067, 50.29454 ], [ -124.047492800000015, 50.294631200000012 ], [ -124.0480583, 50.29467420000001 ], [ -124.048548, 50.294682800000025 ], [ -124.0491057, 50.2949073 ], [ -124.0493228, 50.295257900000017 ] ] ] } },
{ "type": "Feature", "properties": { "CAPTURE_YEAR": 2025, "PEST_SPECIES_CODE": "IBB", "PEST_SEVERITY_CODE": "T", "TREE_SPECIES_CODE": "BA", "AREA_HA": 9.05, "lidar_tiles": 2, "lidar_year": 2020, "year_offset": 5 }, "geometry": { "type": "Polygon", "coordinates": [ [ [ -124.047103100000015, 50.3059207 ], [ -124.0464488, 50.30629350000001 ], [ -124.0458916, 50.307028499999987 ], [ -124.0455896, 50.3079361 ], [ -124.045647100000011, 50.3083455 ], [ -124.0459409, 50.308494800000013 ], [ -124.0463181, 50.308453499999978 ], [ -124.046588, 50.30829 ], [ -124.0467525, 50.3079566 ], [ -124.0471359, 50.307771199999969 ], [ -124.047862099999989, 50.3074717 ], [ -124.048357, 50.307312200000013 ], [ -124.049459299999981, 50.306995300000011 ], [ -124.051705500000011, 50.306266099999981 ], [ -124.0533787, 50.305767099999969 ], [ -124.0537256, 50.30555690000002 ], [ -124.053733799999975, 50.305364900000043 ], [ -124.053744099999989, 50.305124800000023 ], [ -124.0535648, 50.3049295 ], [ -124.0530459, 50.304776200000028 ], [ -124.0522613, 50.304690300000019 ], [ -124.0519124, 50.304948399999986 ], [ -124.0517207, 50.3050411 ], [ -124.051225800000012, 50.3052006 ], [ -124.050955, 50.305388 ], [ -124.0504226, 50.3055468 ], [ -124.0498944, 50.305609600000018 ], [ -124.049404699999982, 50.305649 ], [ -124.048842, 50.305639100000015 ], [ -124.0477897, 50.305668500000017 ], [ -124.047103100000015, 50.3059207 ] ] ] } },
{ "type": "Feature", "properties": { "CAPTURE_YEAR": 2025, "PEST_SPECIES_CODE": "IBB", "PEST_SEVERITY_CODE": "T", "TREE_SPECIES_CODE": "BA", "AREA_HA": 2.35, "lidar_tiles": 1, "lidar_year": 2020, "year_offset": 5 }, "geometry": { "type": "Polygon", "coordinates": [ [ [ -123.5954426, 49.7014515 ], [ -123.5953364, 49.7014796 ], [ -123.5951558, 49.70155170000001 ], [ -123.5949618, 49.701677700000012 ], [ -123.5947861, 49.701871200000042 ], [ -123.5946496, 49.702146900000024 ], [ -123.5945843, 49.702417 ], [ -123.5945679, 49.702687900000036 ], [ -123.5946087, 49.7029352 ], [ -123.5946946, 49.70309670000001 ], [ -123.5947692, 49.703169 ], [ -123.5948387, 49.703211799999977 ], [ -123.595021, 49.703266299999981 ], [ -123.5952616, 49.703273100000011 ], [ -123.5955873, 49.703218 ], [ -123.595922699999988, 49.703102199999989 ], [ -123.59618, 49.702965100000029 ], [ -123.596363299999979, 49.70282370000001 ], [ -123.5965084, 49.702650499999962 ], [ -123.5965809, 49.7024884 ], [ -123.5966056, 49.702272899999976 ], [ -123.59656480000001, 49.7020489 ], [ -123.5964566, 49.701820700000013 ], [ -123.5963034, 49.701639499999985 ], [ -123.5961945, 49.7015559 ], [ -123.596087399999988, 49.701497700000012 ], [ -123.5959387, 49.701447099999982 ], [ -123.5957861, 49.7014241 ], [ -123.5956522, 49.701423 ], [ -123.5954426, 49.7014515 ] ] ] } },
{ "type": "Feature", "properties": { "CAPTURE_YEAR": 2025, "PEST_SPECIES_CODE": "IBB", "PEST_SEVERITY_CODE": "T", "TREE_SPECIES_CODE": "BA", "AREA_HA": 5.92, "lidar_tiles": 1, "lidar_year": 2020, "year_offset": 5 }, "geometry": { "type": "Polygon", "coordinates": [ [ [ -123.6017331, 49.7148592 ], [ -123.601619099999979, 49.714914899999989 ], [ -123.60154559999998, 49.7149749 ], [ -123.601477100000011, 49.7150632 ], [ -123.601424, 49.7151847 ], [ -123.601398, 49.715340900000022 ], [ -123.601419799999988, 49.7155767 ], [ -123.6014538, 49.7156952 ], [ -123.6015519, 49.7159076 ], [ -123.601763299999988, 49.716192800000044 ], [ -123.6019717, 49.716402 ], [ -123.6030041, 49.7173344 ], [ -123.6032892, 49.717640400000022 ], [ -123.6034115, 49.7177975 ], [ -123.6035138, 49.717958300000035 ], [ -123.6035898, 49.7181163 ], [ -123.6037962, 49.718734099999956 ], [ -123.603854599999977, 49.718867300000014 ], [ -123.6039284, 49.718981800000059 ], [ -123.604003600000013, 49.7190562 ], [ -123.604073500000013, 49.719101099999982 ], [ -123.604169500000012, 49.719133899999974 ], [ -123.6042705, 49.7191365 ], [ -123.604354, 49.7191145 ], [ -123.604434399999988, 49.719073 ], [ -123.604552699999985, 49.7189749 ], [ -123.6046188, 49.718899199999981 ], [ -123.6047871, 49.71861 ], [ -123.6048671, 49.718373599999985 ], [ -123.604915, 49.718110899999985 ], [ -123.6049267, 49.71782840000003 ], [ -123.6048994, 49.717533899999964 ], [ -123.604832500000015, 49.717236599999964 ], [ -123.6047277, 49.716945099999954 ], [ -123.604615900000013, 49.71671540000002 ], [ -123.604446, 49.716441900000014 ], [ -123.604305199999985, 49.716254600000021 ], [ -123.6040502, 49.715968299999972 ], [ -123.6038504, 49.71577580000001 ], [ -123.603508, 49.715490799999984 ], [ -123.6032538, 49.715309099999985 ], [ -123.6028508, 49.7150704 ], [ -123.6025112, 49.7149236 ], [ -123.602333, 49.71487 ], [ -123.602130299999985, 49.714831599999989 ], [ -123.6019629, 49.7148222 ], [ -123.601843100000011, 49.7148322 ], [ -123.6017331, 49.7148592 ] ] ] } },
{ "type": "Feature", "properties": { "CAPTURE_YEAR": 2025, "PEST_SPECIES_CODE": "IBB", "PEST_SEVERITY_CODE": "T", "TREE_SPECIES_CODE": "BA", "AREA_HA": 23.29, "lidar_tiles": 4, "lidar_year": 2020, "year_offset": 5 }, "geometry": { "type": "Polygon", "coordinates": [ [ [ -123.8390176, 49.924525400000014 ], [ -123.838751499999987, 49.9245773 ], [ -123.8384882, 49.9246633 ], [ -123.8382757, 49.924772399999988 ], [ -123.8381084, 49.9249012 ], [ -123.8379833, 49.9250463 ], [ -123.837901499999987, 49.9252051 ], [ -123.8378657, 49.9254184 ], [ -123.8378925, 49.9255845 ], [ -123.837935199999976, 49.925688099999981 ], [ -123.838026199999987, 49.925822599999982 ], [ -123.838168, 49.925955800000033 ], [ -123.8383069, 49.9260471 ], [ -123.838499, 49.92614079999997 ], [ -123.838741200000015, 49.926228 ], [ -123.8392674, 49.9263541 ], [ -123.8399245, 49.926447099999976 ], [ -123.8409201, 49.926535099999988 ], [ -123.8413548, 49.926584200000015 ], [ -123.8418467, 49.926660499999976 ], [ -123.842915, 49.9268575 ], [ -123.843475, 49.926930100000021 ], [ -123.843902300000011, 49.926956700000034 ], [ -123.844347, 49.926956799999971 ], [ -123.8448127, 49.926928 ], [ -123.845303, 49.926868199999987 ], [ -123.8458221, 49.926775700000015 ], [ -123.8463312, 49.926659899999983 ], [ -123.84687790000001, 49.926512599999988 ], [ -123.8474529, 49.926338099999988 ], [ -123.848416799999981, 49.9260167 ], [ -123.8496103, 49.925594400000016 ], [ -123.8503452, 49.925309400000025 ], [ -123.850766, 49.925117900000011 ], [ -123.851290499999976, 49.9248276 ], [ -123.851691500000015, 49.92455 ], [ -123.85211, 49.924204099999969 ], [ -123.852441200000015, 49.9238653 ], [ -123.8525054, 49.92377 ], [ -123.8525332, 49.923689600000031 ], [ -123.8525129, 49.9236294 ], [ -123.8524355, 49.9235933 ], [ -123.8523104, 49.923577299999955 ], [ -123.8519622, 49.923586500000013 ], [ -123.8515102, 49.923631900000011 ], [ -123.85023790000001, 49.9237962 ], [ -123.84943269999998, 49.923885399999982 ], [ -123.8483145, 49.9239728 ], [ -123.8441631, 49.9242363 ], [ -123.8433466, 49.9243152 ], [ -123.8423792, 49.924455600000016 ], [ -123.8418571, 49.924510400000024 ], [ -123.8415098, 49.924526499999963 ], [ -123.8411458, 49.924528 ], [ -123.8399482, 49.924485900000029 ], [ -123.8396081, 49.924483500000036 ], [ -123.8392832, 49.9244969 ], [ -123.8390176, 49.924525400000014 ] ] ] } },
{ "type": "Feature", "properties": { "CAPTURE_YEAR": 2025, "PEST_SPECIES_CODE": "IBB", "PEST_SEVERITY_CODE": "T", "TREE_SPECIES_CODE": "BA", "AREA_HA": 8.64, "lidar_tiles": 1, "lidar_year": 2020, "year_offset": 5 }, "geometry": { "type": "Polygon", "coordinates": [ [ [ -123.814542, 49.927409600000033 ], [ -123.814463499999988, 49.9274432 ], [ -123.8143575, 49.9275166 ], [ -123.8142522, 49.92766059999996 ], [ -123.814212199999986, 49.927802 ], [ -123.8142072, 49.9278908 ], [ -123.8142265, 49.9280429 ], [ -123.8142676, 49.928173600000015 ], [ -123.814336900000015, 49.928317900000025 ], [ -123.8144394, 49.9284759 ], [ -123.814643, 49.9287142 ], [ -123.8149792, 49.9290124 ], [ -123.815331, 49.9292588 ], [ -123.815813, 49.929534699999984 ], [ -123.816184, 49.929714400000023 ], [ -123.8166974, 49.929926 ], [ -123.8173504, 49.930141200000023 ], [ -123.817869, 49.930273 ], [ -123.8184731, 49.930386199999973 ], [ -123.8190298, 49.930452 ], [ -123.8195213, 49.9304755 ], [ -123.819878, 49.930464500000014 ], [ -123.820025699999988, 49.930448099999978 ], [ -123.8201587, 49.9304235 ], [ -123.820304400000012, 49.930379099999982 ], [ -123.8204278, 49.930313899999973 ], [ -123.820505599999976, 49.930241 ], [ -123.820566899999989, 49.9301126 ], [ -123.82057540000001, 49.930035200000013 ], [ -123.820557799999975, 49.929911300000065 ], [ -123.8205037, 49.929778499999983 ], [ -123.820411599999986, 49.929637 ], [ -123.8202787, 49.929487099999982 ], [ -123.8201657, 49.929382600000011 ], [ -123.8198924, 49.929173800000015 ], [ -123.8195342, 49.928951099999978 ], [ -123.8189808, 49.928664300000023 ], [ -123.818377899999987, 49.9283958 ], [ -123.8178732, 49.928199500000012 ], [ -123.81732550000001, 49.9280197 ], [ -123.8162161, 49.9277283 ], [ -123.8153142, 49.927452099999982 ], [ -123.8150397, 49.9273901 ], [ -123.8147799, 49.927370100000019 ], [ -123.814653, 49.927381699999984 ], [ -123.814542, 49.927409600000033 ] ] ] } },
{ "type": "Feature", "properties": { "CAPTURE_YEAR": 2025, "PEST_SPECIES_CODE": "IBB", "PEST_SEVERITY_CODE": "L", "TREE_SPECIES_CODE": "BA", "AREA_HA": 5.55, "lidar_tiles": 1, "lidar_year": 2024, "year_offset": 1 }, "geometry": { "type": "Polygon", "coordinates": [ [ [ -125.729055699999975, 50.391757699999978 ], [ -125.7290548, 50.391897600000036 ], [ -125.729052599999989, 50.3922708 ], [ -125.7292345, 50.3923879 ], [ -125.7295614, 50.3926919 ], [ -125.729815299999984, 50.392972500000013 ], [ -125.730252299999989, 50.3931835 ], [ -125.7306163, 50.393394300000054 ], [ -125.7311991, 50.393652300000049 ], [ -125.7318552, 50.3938638 ], [ -125.7325126, 50.393865399999981 ], [ -125.7331339, 50.393796899999977 ], [ -125.7334274, 50.393564299999973 ], [ -125.7336857, 50.3931218 ], [ -125.7337973, 50.3927722 ], [ -125.7331784, 50.3924441 ], [ -125.7326318, 50.39223290000001 ], [ -125.7314285, 50.3919267 ], [ -125.7299341, 50.391433199999973 ], [ -125.729240100000013, 50.391454900000014 ], [ -125.729055699999975, 50.391757699999978 ] ] ] } },
{ "type": "Feature", "properties": { "CAPTURE_YEAR": 2025, "PEST_SPECIES_CODE": "IBB", "PEST_SEVERITY_CODE": "L", "TREE_SPECIES_CODE": "BA", "AREA_HA": 10.94, "lidar_tiles": 1, "lidar_year": 2024, "year_offset": 1 }, "geometry": { "type": "Polygon", "coordinates": [ [ [ -125.7324561, 50.397247499999985 ], [ -125.7324541, 50.397574 ], [ -125.732999499999977, 50.3979952 ], [ -125.7336192, 50.39820659999998 ], [ -125.734276600000015, 50.398208200000013 ], [ -125.7346431, 50.3979991 ], [ -125.734791799999982, 50.397556299999984 ], [ -125.7347937, 50.3972298 ], [ -125.7347603, 50.396693200000016 ], [ -125.734616, 50.396389599999956 ], [ -125.73403540000001, 50.395758400000027 ], [ -125.7332711, 50.395290100000025 ], [ -125.7319945, 50.3950071 ], [ -125.728195700000015, 50.3950911 ], [ -125.72768330000001, 50.3952765 ], [ -125.7277548, 50.395533199999974 ], [ -125.7281908, 50.39590750000005 ], [ -125.7286261, 50.39639839999996 ], [ -125.7290262, 50.396679300000031 ], [ -125.729499300000015, 50.396960399999976 ], [ -125.730045499999974, 50.39724159999998 ], [ -125.730994599999988, 50.397337199999967 ], [ -125.7313249, 50.397058099999981 ], [ -125.731728499999988, 50.3967559 ], [ -125.7323118, 50.396943900000018 ], [ -125.7324561, 50.397247499999985 ] ] ] } },
{ "type": "Feature", "properties": { "CAPTURE_YEAR": 2025, "PEST_SPECIES_CODE": "IBB", "PEST_SEVERITY_CODE": "T", "TREE_SPECIES_CODE": "BA", "AREA_HA": 9.19, "lidar_tiles": 1, "lidar_year": 2020, "year_offset": 5 }, "geometry": { "type": "Polygon", "coordinates": [ [ [ -123.9797667, 50.0830292 ], [ -123.979387399999979, 50.083115 ], [ -123.9788993, 50.083252600000016 ], [ -123.9783971, 50.0834171 ], [ -123.9779141, 50.083594399999967 ], [ -123.977020499999981, 50.083972 ], [ -123.9765602, 50.084195699999988 ], [ -123.9762, 50.084392600000015 ], [ -123.9759269, 50.084570500000027 ], [ -123.97571809999998, 50.08474660000001 ], [ -123.975579400000015, 50.084917299999987 ], [ -123.9755081, 50.085073700000024 ], [ -123.97549309999998, 50.085236900000012 ], [ -123.9755514, 50.0853997 ], [ -123.9756686, 50.085530099999986 ], [ -123.975872, 50.085662299999974 ], [ -123.976078199999975, 50.0857534 ], [ -123.9763752, 50.085846499999981 ], [ -123.9766686, 50.0859112 ], [ -123.977199200000015, 50.0859874 ], [ -123.977600599999988, 50.086022 ], [ -123.9780665, 50.086038200000011 ], [ -123.9783874, 50.086025800000037 ], [ -123.978693600000014, 50.085984 ], [ -123.978888700000013, 50.0859343 ], [ -123.9791047, 50.0858519 ], [ -123.979306699999981, 50.0857496 ], [ -123.9796828, 50.085505899999987 ], [ -123.980191, 50.0851036 ], [ -123.980769200000012, 50.0845708 ], [ -123.9811099, 50.08417330000001 ], [ -123.981298099999989, 50.083852700000023 ], [ -123.981355099999988, 50.083689599999985 ], [ -123.9813767, 50.083548199999974 ], [ -123.9813686, 50.08342560000002 ], [ -123.981315599999988, 50.083283799999961 ], [ -123.9812502, 50.0832 ], [ -123.9811577, 50.083125900000013 ], [ -123.980974799999984, 50.0830391 ], [ -123.9808205, 50.0829972 ], [ -123.9806221, 50.0829685 ], [ -123.9803636, 50.0829605 ], [ -123.9800829, 50.08298 ], [ -123.9797667, 50.0830292 ] ] ] } },
{ "type": "Feature", "properties": { "CAPTURE_YEAR": 2025, "PEST_SPECIES_CODE": "IBB", "PEST_SEVERITY_CODE": "T", "TREE_SPECIES_CODE": "BA", "AREA_HA": 13.22, "lidar_tiles": 2, "lidar_year": 2020, "year_offset": 5 }, "geometry": { "type": "Polygon", "coordinates": [ [ [ -123.6279166, 50.1463643 ], [ -123.627184899999989, 50.146461499999987 ], [ -123.62658350000001, 50.14657 ], [ -123.6259356, 50.146715500000013 ], [ -123.625385200000011, 50.14686810000002 ], [ -123.6249349, 50.1470231 ], [ -123.6245544, 50.147186899999987 ], [ -123.6242435, 50.1473553 ], [ -123.623962400000011, 50.147550200000047 ], [ -123.6237552, 50.1477399 ], [ -123.623639, 50.147886399999976 ], [ -123.62357, 50.148016699999964 ], [ -123.623534600000013, 50.1481679 ], [ -123.6235481, 50.148301099999976 ], [ -123.6236173, 50.148443400000012 ], [ -123.6237424, 50.1485699 ], [ -123.6239196, 50.148678300000022 ], [ -123.6241958, 50.1487876 ], [ -123.6245237, 50.148875899999979 ], [ -123.6247655, 50.148926 ], [ -123.625272, 50.1490069 ], [ -123.6260584, 50.1490838 ], [ -123.6264977, 50.1490955 ], [ -123.626925599999979, 50.14908430000002 ], [ -123.6274168, 50.1490513 ], [ -123.627903499999988, 50.148999599999989 ], [ -123.62838189999998, 50.148925300000016 ], [ -123.628890699999985, 50.1488123 ], [ -123.629388499999976, 50.148676400000028 ], [ -123.6301147, 50.148445400000014 ], [ -123.6305729, 50.148272699999978 ], [ -123.630985, 50.1480755 ], [ -123.6312238, 50.1479135 ], [ -123.6313757, 50.1477642 ], [ -123.6314805, 50.1476161 ], [ -123.631562100000011, 50.147425500000033 ], [ -123.631589, 50.1472407 ], [ -123.6315687, 50.147087799999973 ], [ -123.631497099999976, 50.14693129999997 ], [ -123.6313604, 50.146782900000019 ], [ -123.631250799999989, 50.146705899999958 ], [ -123.631097900000015, 50.1466256 ], [ -123.6308037, 50.1465167 ], [ -123.6303964, 50.146416899999984 ], [ -123.6299724, 50.146351400000015 ], [ -123.6295082, 50.146312500000015 ], [ -123.629008399999975, 50.146301300000019 ], [ -123.6284765, 50.146318400000013 ], [ -123.6279166, 50.1463643 ] ] ] } },
{ "type": "Feature", "properties": { "CAPTURE_YEAR": 2025, "PEST_SPECIES_CODE": "IBB", "PEST_SEVERITY_CODE": "T", "TREE_SPECIES_CODE": "BA", "AREA_HA": 34.92, "lidar_tiles": 1, "lidar_year": 2023, "year_offset": 2 }, "geometry": { "type": "Polygon", "coordinates": [ [ [ -124.6891175, 48.659163299999989 ], [ -124.689468, 48.65975310000001 ], [ -124.690484900000016, 48.6601315 ], [ -124.6912553, 48.660141 ], [ -124.6918972, 48.659490200000036 ], [ -124.692836599999978, 48.658696699999979 ], [ -124.693910500000015, 48.65834389999997 ], [ -124.6947148, 48.6584514 ], [ -124.6957052, 48.658463499999954 ], [ -124.696339, 48.6581053 ], [ -124.6981795, 48.656566500000025 ], [ -124.6984232, 48.655715599999965 ], [ -124.697851899999989, 48.655147499999984 ], [ -124.697123, 48.654967899999988 ], [ -124.6960226, 48.6549544 ], [ -124.695882699999984, 48.654708699999972 ], [ -124.695939599999988, 48.653977499999989 ], [ -124.6957011, 48.653315900000038 ], [ -124.694690399999985, 48.652718 ], [ -124.694213600000012, 48.652712099999988 ], [ -124.6934386, 48.652873400000026 ], [ -124.6929163, 48.65318420000002 ], [ -124.6922779, 48.653713 ], [ -124.691457399999976, 48.6541909 ], [ -124.690637599999988, 48.654644299999966 ], [ -124.6896323, 48.655168699999962 ], [ -124.6890251, 48.655893100000029 ], [ -124.6889279, 48.656745700000037 ], [ -124.6889069, 48.657501799999942 ], [ -124.6889938, 48.658332300000012 ], [ -124.6891175, 48.659163299999989 ] ] ] } },
{ "type": "Feature", "properties": { "CAPTURE_YEAR": 2025, "PEST_SPECIES_CODE": "IBB", "PEST_SEVERITY_CODE": "T", "TREE_SPECIES_CODE": "BA", "AREA_HA": 17.49, "lidar_tiles": 1, "lidar_year": 2023, "year_offset": 2 }, "geometry": { "type": "Polygon", "coordinates": [ [ [ -124.7893281, 48.842930899999971 ], [ -124.790540399999983, 48.843608 ], [ -124.79115, 48.84381089999998 ], [ -124.792105799999987, 48.843836800000027 ], [ -124.79265070000001, 48.843903200000021 ], [ -124.7930991, 48.8441797 ], [ -124.793816799999988, 48.844609899999988 ], [ -124.7941548, 48.844749400000048 ], [ -124.7945194, 48.844738500000027 ], [ -124.794778, 48.844424800000027 ], [ -124.794883, 48.8438832 ], [ -124.794843300000011, 48.843656599999946 ], [ -124.7948032, 48.84344509999994 ], [ -124.7949441, 48.843280800000016 ], [ -124.7953111, 48.843179399999954 ], [ -124.7953638, 48.842893599999918 ], [ -124.795233599999989, 48.842650800000015 ], [ -124.7950391, 48.842241600000058 ], [ -124.7945703, 48.841874499999982 ], [ -124.793821400000013, 48.8417755 ], [ -124.7931365, 48.841843200000035 ], [ -124.792658, 48.841852899999985 ], [ -124.7924805, 48.841669899999935 ], [ -124.792716700000014, 48.841340899999942 ], [ -124.7928873, 48.840905600000042 ], [ -124.792944100000014, 48.840469 ], [ -124.7927231, 48.8402102 ], [ -124.7921382, 48.83993219999995 ], [ -124.7910536, 48.839603399999945 ], [ -124.790819699999986, 48.839841899999975 ], [ -124.7908787, 48.840204500000013 ], [ -124.790919500000015, 48.840385799999972 ], [ -124.7908207, 48.840686299999952 ], [ -124.7906532, 48.841001 ], [ -124.7904012, 48.841058400000016 ], [ -124.790015, 48.841023900000039 ], [ -124.7897453, 48.8408852 ], [ -124.7894135, 48.840504499999973 ], [ -124.7888765, 48.840136599999944 ], [ -124.7884502, 48.83989050000006 ], [ -124.78802, 48.8397952 ], [ -124.787496, 48.839804299999962 ], [ -124.7872001, 48.8398009 ], [ -124.7871938, 48.840042100000019 ], [ -124.7873253, 48.8402396 ], [ -124.787637, 48.840514500000047 ], [ -124.7877184, 48.840892400000044 ], [ -124.7877506, 48.841405300000034 ], [ -124.7877138, 48.84194770000002 ], [ -124.7893281, 48.842930899999971 ] ] ] } },
{ "type": "Feature", "properties": { "CAPTURE_YEAR": 2025, "PEST_SPECIES_CODE": "IBB", "PEST_SEVERITY_CODE": "T", "TREE_SPECIES_CODE": "BA", "AREA_HA": 7.92, "lidar_tiles": 1, "lidar_year": 2020, "year_offset": 5 }, "geometry": { "type": "Polygon", "coordinates": [ [ [ -124.2618718, 50.701927699999963 ], [ -124.2616557, 50.70196780000002 ], [ -124.261425099999983, 50.70203090000004 ], [ -124.2611905, 50.702117 ], [ -124.26080850000001, 50.702311200000011 ], [ -124.260456800000014, 50.7025658 ], [ -124.260224699999981, 50.702788099999978 ], [ -124.2601105, 50.7029189 ], [ -124.259871499999988, 50.703266700000015 ], [ -124.259728599999988, 50.7035914 ], [ -124.259674100000012, 50.703877300000023 ], [ -124.2596793, 50.704043400000018 ], [ -124.259711099999976, 50.70419050000001 ], [ -124.259826899999979, 50.704426200000015 ], [ -124.2599471, 50.7045716 ], [ -124.260055099999988, 50.704670499999978 ], [ -124.260333499999987, 50.704855300000013 ], [ -124.260662599999989, 50.704997300000024 ], [ -124.2608279, 50.7050464 ], [ -124.2610628, 50.7050963 ], [ -124.261558099999988, 50.705151199999968 ], [ -124.2620289, 50.705159899999984 ], [ -124.262259699999987, 50.7051493 ], [ -124.262483, 50.7051273 ], [ -124.2626952, 50.705091699999976 ], [ -124.2628915, 50.705039100000015 ], [ -124.2630665, 50.7049671 ], [ -124.26322, 50.704877899999971 ], [ -124.26335, 50.70477420000001 ], [ -124.263453399999989, 50.704658 ], [ -124.2635575, 50.704446400000023 ], [ -124.26359, 50.704228699999987 ], [ -124.2635653, 50.703942 ], [ -124.2633247, 50.702719200000011 ], [ -124.2632336, 50.702437500000016 ], [ -124.26311, 50.702235800000025 ], [ -124.262953699999983, 50.702091599999974 ], [ -124.2627545, 50.7019899 ], [ -124.262467399999977, 50.701920700000024 ], [ -124.262338399999976, 50.701907799999979 ], [ -124.2620697, 50.70190759999997 ], [ -124.2618718, 50.701927699999963 ] ] ] } },
{ "type": "Feature", "properties": { "CAPTURE_YEAR": 2025, "PEST_SPECIES_CODE": "IBB", "PEST_SEVERITY_CODE": "T", "TREE_SPECIES_CODE": "BA", "AREA_HA": 5.07, "lidar_tiles": 2, "lidar_year": 2020, "year_offset": 5 }, "geometry": { "type": "Polygon", "coordinates": [ [ [ -124.158551799999984, 50.9596185 ], [ -124.1584031, 50.9596627 ], [ -124.1582711, 50.959726500000031 ], [ -124.158139800000015, 50.959827799999971 ], [ -124.1580332, 50.9599505 ], [ -124.157869799999986, 50.9602379 ], [ -124.1573139, 50.961792400000022 ], [ -124.1572648, 50.961980199999957 ], [ -124.157251, 50.962167299999983 ], [ -124.1572682, 50.96229979999994 ], [ -124.15732220000001, 50.962450599999968 ], [ -124.1574254, 50.9626028 ], [ -124.1575611, 50.962728599999977 ], [ -124.1577027, 50.962821400000017 ], [ -124.1578753, 50.96290410000001 ], [ -124.1581256, 50.962983800000011 ], [ -124.1583788, 50.963025499999979 ], [ -124.158581, 50.963031 ], [ -124.158740400000013, 50.963015 ], [ -124.1588971, 50.962976799999986 ], [ -124.1590419, 50.962915 ], [ -124.1591759, 50.9628236 ], [ -124.159257700000012, 50.962739400000011 ], [ -124.1593232, 50.962638799999979 ], [ -124.159372600000012, 50.962511400000011 ], [ -124.159401199999976, 50.962343499999989 ], [ -124.159397599999977, 50.961929200000014 ], [ -124.159404099999989, 50.961639799999979 ], [ -124.1594443, 50.96143110000002 ], [ -124.1595459, 50.961191399999976 ], [ -124.1598007, 50.960791 ], [ -124.159886, 50.960619 ], [ -124.159934899999982, 50.9604317 ], [ -124.1599216, 50.9602212 ], [ -124.1598707, 50.960096600000014 ], [ -124.1597853, 50.959979 ], [ -124.159687399999981, 50.959885399999983 ], [ -124.159571500000013, 50.959801300000024 ], [ -124.1594407, 50.95972850000004 ], [ -124.1592971, 50.959669299999987 ], [ -124.159107, 50.959618699999986 ], [ -124.158909, 50.9595931 ], [ -124.158711699999984, 50.9595945 ], [ -124.158551799999984, 50.9596185 ] ] ] } },
{ "type": "Feature", "properties": { "CAPTURE_YEAR": 2021, "PEST_SPECIES_CODE": "IAB", "PEST_SEVERITY_CODE": "L", "TREE_SPECIES_CODE": "BA", "AREA_HA": 102.54, "lidar_tiles": 4, "lidar_year": 2019, "year_offset": 2 }, "geometry": { "type": "Polygon", "coordinates": [ [ [ -125.1753638, 49.153599399999976 ], [ -125.170863, 49.156065699999978 ], [ -125.1685638, 49.156976800000017 ], [ -125.164741499999977, 49.157947600000014 ], [ -125.16179120000001, 49.158782099999989 ], [ -125.159905900000012, 49.160839600000038 ], [ -125.160646199999988, 49.161988600000036 ], [ -125.1626975, 49.162790599999973 ], [ -125.1665075, 49.162534300000019 ], [ -125.169684299999986, 49.161201199999972 ], [ -125.173761, 49.158160099999961 ], [ -125.1781481, 49.155978600000033 ], [ -125.1785829, 49.155981900000015 ], [ -125.181535200000013, 49.155004100000014 ], [ -125.1846149, 49.1529553 ], [ -125.1867162, 49.150899 ], [ -125.1870709, 49.149258199999977 ], [ -125.186764900000014, 49.1481126 ], [ -125.185473199999976, 49.147388299999974 ], [ -125.1830862, 49.147155900000023 ], [ -125.178244, 49.150548799999974 ], [ -125.1753638, 49.153599399999976 ] ] ] } },
{ "type": "Feature", "properties": { "CAPTURE_YEAR": 2024, "PEST_SPECIES_CODE": "IBB", "PEST_SEVERITY_CODE": "T", "TREE_SPECIES_CODE": "BA", "AREA_HA": 28.8, "lidar_tiles": 1, "lidar_year": 2019, "year_offset": 5 }, "geometry": { "type": "Polygon", "coordinates": [ [ [ -123.0049543, 50.71846020000001 ], [ -123.005422, 50.7194501 ], [ -123.0070244, 50.72032 ], [ -123.0091372, 50.72154189999997 ], [ -123.009307299999989, 50.7216592 ], [ -123.00991350000001, 50.722352 ], [ -123.0111659, 50.723137300000047 ], [ -123.012566699999979, 50.723475500000056 ], [ -123.013514, 50.723500900000012 ], [ -123.0142344, 50.7233698 ], [ -123.014923099999976, 50.7228244 ], [ -123.0149781, 50.7219989 ], [ -123.0145127, 50.720971599999949 ], [ -123.01422, 50.720024099999982 ], [ -123.012534, 50.718625799999977 ], [ -123.0105072, 50.717894899999983 ], [ -123.008522, 50.7174282 ], [ -123.0058658, 50.717244199999982 ], [ -123.005061199999986, 50.717748900000018 ], [ -123.0049543, 50.71846020000001 ] ] ] } }
]
}
