doi,year,title,venue,research_question,method,sensor,agent,host,support,validation_design,class_balance_reported,accuracy_metric,accuracy_value,notes
10.1109/mgrs.2025.3602160,2026,Monitoring Forest Damage Caused by Pine Wilt Disease with Remote Sensing Technologies: A review,IEEE Geoscience and Remote Sensing Magazine,RQ2,narrative review of remote sensing methods,"UAS, satellite, ground spectroscopy (review)",pine wilt disease (Bursaphelenchus xylophilus),pine,not stated,"not applicable, review",no,not stated,not stated,"Review. Single agent, no between-agent attribution."
10.1111/gcb.70709,2026,Taller Trees Experienced Less Crown Damage During a Severe Hurricane in a Tropical Forest,Global Change Biology,RQ3,"crown delineation (manual and AMS3D) on repeat ALS, damage quantified per crown","airborne lidar, field inventory",hurricane (Hurricane Maria),"tropical broadleaf, Luquillo",individual crown and stand,not stated,no,crown area damage difference,tall trees >=25 m suffered ~30% less crown area damage than ~15 m trees,"Lidar structure grades damage severity, does not attribute agent."
10.5194/nhess-26-2785-2026,2026,Hybrid forest disturbance classification using Sentinel-1 and inventory data: a case-study for Southeastern USA,Natural Hazards and Earth System Sciences,RQ2;RQ3,SAR backscatter change detection combined with survey labels to refine disturbance class labels,"Sentinel-1 SAR, USFS Insect and Disease Survey","bark beetle, defoliator, fire, storm, drought","southeastern USA forest, not stated by species",patch,comparison against manual labels from high-resolution imagery,no,not stated in abstract,not stated in abstract,"Closest RQ3 candidate in this batch. Separates bark beetle from defoliator timing relative to survey, but classes are agent groups differing in host and timing, not two insects on one host."
10.1007/s10661-026-15666-7,2026,Multi-sensor geospatial modelling to address complex mangrove dieback: misattribution of chemical stressors versus physical impact,Environmental Monitoring & Assessment,RQ2,forensic geospatial reconstruction testing two competing causal hypotheses,"Sentinel-2, lidar geomorphic model, ERA5 reanalysis",hailstorm versus chemical contamination,mangrove,landscape,not stated,no,not stated,not stated,Attribution between an abiotic and a chemical cause. No insect agents.
10.5194/isprs-annals-xi-3-2026-805-2026,2026,Evaluating the Potential of annual Sentinel-1 Composites for Bark Beetle Infestation Detection,"ISPRS Annals of the Photogrammetry, Remote Sensing and Spatial Information Sciences",RQ2;RQ3,random forest classification of healthy versus infested,"Sentinel-1 SAR annual composites, Sentinel-2",Ips typographus,"Norway spruce, not stated explicitly",not stated,"reference dataset, design not stated",no,overall accuracy,"0.78 Sentinel-1, 0.87 Sentinel-2","SAR used for detection of one agent, not for attribution between agents."
10.1038/s41467-026-75418-6,2026,Previous prescribed burns saved thousands of ancient sequoias during historically unprecedented wildfires.,Nature Communications,RQ3,"deep learning mortality classifier, Bayesian mortality model","3 m PlanetScope, airborne lidar, field observations",wildfire,Sequoiadendron giganteum,individual tree,"field observations, design not stated",no,mortality estimate with credible interval,30.2% mortality (CI 28.6-31.9%),"Lidar contributes to mortality mapping, not to agent attribution."
10.3390/f17030328,2026,Identification of Cypress Bark Beetle-Infested Cypress Based on LiDAR and RGB Imagery,Forests,RQ3,individual tree segmentation from lidar then vegetation index thresholding on UAV RGB,"airborne lidar, UAV RGB",cypress bark beetle (Phloeosinus aubei),Cupressus funebris,individual tree and stand,visual interpretation,no,"segmentation precision, recall, F1; detection precision, recall, F1",segmentation P 82.51 R 80.00 F1 81.24; RGI detection P 100.00 R 86.96 F1 93.02,Lidar used only for segmentation; the infestation signal is spectral. Single agent.
10.1007/s11676-025-01979-9,2026,Methods for identifying topkill in conifers using airborne lidar to monitor structural diversity and disturbance,Journal of Forest Research,RQ3,"individual tree segmentation of lidar point cloud, random forest classifier on lidar metrics","airborne lidar, field observations","fire injury, native bark beetles including Dendroctonus brevicomis, comandra blister rust",Pinus ponderosa,individual tree,"647 field-observed trees paired with lidar objects, design not stated",no,classification accuracy,"87% across live, live-with-topkill and dead classes","Structure-only classifier, but the classes are tree condition states, not agents. Agents are named as causes and are not separated by the model."
10.26565/1992-4224-2026-45-13,2026,Assessment of military impacts on protected areas of Ukraine using Sentinel-1 and machine learning,Man and Environment Issues of Neoecology,RQ2;RQ3,baseline-relative change analysis and unsupervised classification of radar vegetation index,Sentinel-1 SAR,military activity,"eastern Ukraine forest, species not stated","pixel, resolution not stated",conflict-free control site comparison,no,not stated,not stated,"Radar separates a disturbance type from background variability using a control site, not a multi-agent classifier."
10.3390/rs18121982,2026,"High-Resolution Mapping, Attribution, and Carbon Loss Assessment of Forest Disturbances in China’s Critical Regions Using Multi-Source Remote Sensing",Remote Sensing,RQ2;RQ3,"Bayesian model averaging over LandTrendr, CCDC and 1D-CNN, then automated driver attribution","Sentinel-1, Sentinel-2, Landsat 8/9, GEDI L4B lidar, FIRMS","wildfire, anthropogenic activity, natural degradation","Northeast China and Hengduan Mountains forest, species not stated",10 m pixel,not stated,no,"overall accuracy, F1","91.15% Northeast, 89.62% Hengduan, F1 0.92 both","Attribution among fire, anthropogenic and natural degradation. Natural degradation is a single undivided class, so no insect-insect separation."
10.3389/frsen.2024.1459524,2025,Monitoring changes of forest height in California,Frontiers in Remote Sensing,RQ3,"deep neural network predicting canopy height from radar and optical imagery, trained on GEDI RH98","GEDI lidar, radar and optical satellite imagery","wildfire, drought, insect infestation, human activity","California forest, species not stated",10 m pixel,not stated in abstract,no,not stated in abstract,not stated in abstract,Structure change is mapped across disturbance types but the agents are not separated.
10.1016/j.jag.2025.104851,2025,Dual-Task Learning for Dead Tree Detection and Segmentation with Hybrid Self-Attention U-Nets in Aerial Imagery,International Journal of Applied Earth Observation and Geoinformation,RQ2,dual-task self-attention U-Net with watershed postprocessing for dead tree detection,high-resolution aerial imagery,not stated,"boreal forest, species not stated",individual tree instance,not stated,no,relative improvement in instance segmentation accuracy,"41.5% improvement, 57% reduction in positional error",Mortality detection with no agent label.
10.3390/f16020194,2025,Remote Sensing Technology for Observing Tree Mortality and Its Influences on Carbon–Water Dynamics,Forests,RQ2,systematic literature and bibliometric review,satellite and UAV platforms (review),"multiple, unspecified",multiple,not applicable,"not applicable, review",no,not applicable,not applicable,"Review of remote sensing for tree mortality, 1998 to mid-2024."
10.1016/j.scitotenv.2025.180435,2025,Post-fire regeneration dynamics of heterogeneous Mediterranean ecosystems using Landsat and ALS data.,Science of the Total Environment,RQ3,"random forest relating ALS structure to Landsat indices, BART for drivers","Landsat, low-density airborne laser scanning",wildfire,"Quercus ilex, Pinus halepensis, shrubland",not stated,not stated in abstract,no,not stated in abstract,not stated in abstract,"Structure used for recovery assessment, single disturbance type."
10.3390/f16081272,2025,Kennaugh Elements Allow Early Detection of Bark Beetle Infestation in Temperate Forests Using Sentinel-1 Data,Forests,RQ3,"Multi-SAR time series with Kennaugh element decomposition, random forest",Sentinel-1 SAR,bark beetle,"Bavarian Forest National Park, spruce implied, not stated",not stated,not stated in abstract,no,not stated in abstract,not stated in abstract,Radar for early detection of one insect agent. No between-agent discrimination.
10.1080/01431161.2025.2598147,2025,Deep learning interpretability for understanding forest disturbance driver classification from Sentinel-1 and -2 data,International Journal of Remote Sensing,RQ2;RQ3,"deep learning fusion models for disturbance driver classification, six XAI methods applied","Sentinel-1 SAR, Sentinel-2","tropical forest disturbance drivers, classes not enumerated in abstract","tropical forest, species not stated",not stated,not stated in abstract,no,not stated in abstract,not stated in abstract,"Driver attribution with radar contributing. Drivers are land-use classes, not two insects."
10.3390/rs17101777,2025,"Mapping Windthrow Risk in Pinus radiata Plantations Using Multi-Temporal LiDAR and Machine Learning: A Case Study of Cyclone Gabrielle, New Zealand",Remote Sensing,RQ3,"random forest on repeat lidar, optical and climate surfaces, 9713 plots","repeat regional airborne lidar, optical imagery",cyclone windthrow (Cyclone Gabrielle),Pinus radiata plantation,plot,50 iterations of 80/20 train and test splits,no,"accuracy, F1, AUC","accuracy 0.835, F1 0.841, AUC 0.913","Lidar structure for windthrow, a single abiotic agent."
10.1186/s13595-025-01293-8,2025,Forest attribute maps: a support for small area estimation of forest disturbances,Annals of Forest Science,RQ2,small area estimation using forest attribute maps from NFI and remote sensing,not stated in abstract,bark beetle,"Picea abies, Abies alba",small area,not stated in abstract,no,not stated in abstract,not stated in abstract,"Impact quantification, not agent attribution."
10.3390/f16081207,2025,"Mangrove Damage and Early-Stage Canopy Recovery Following Hurricane Roslyn in Marismas Nacionales, Mexico",Forests,RQ3,time series of Combined Mangrove Recognition Index and canopy height model change,"satellite imagery, canopy height model",hurricane (Roslyn),mangrove,not stated,not stated in abstract,no,not stated in abstract,not stated in abstract,"Structure for damage and recovery, single agent."
10.1111/gcb.70246,2025,Functional Traits From Imaging Spectroscopy Inform Patterns of Forest Mortality During Sierra Nevada Drought,Global Change Biology,RQ2,"trait-mortality relationships from imaging spectroscopy with climate, topography, canopy structure","AVIRIS-Classic imaging spectrometer, canopy structure data","drought and insect outbreak, not separated","Sierra Nevada conifers, multiple species",not stated,two independently derived mortality datasets compared,no,not stated in abstract,not stated in abstract,Drought and insect drivers are treated jointly rather than separated.
10.1080/07038992.2025.2505418,2025,Estimation of Forest Structure and Fuel Change Across Mountain Pine Beetle – Attacked Forests Using Mobile and RPAS – Based LiDAR,Canadian journal of remote sensing,RQ3,lidar metrics from point clouds used to model fuel components after attack,"RPAS lidar, mobile laser scanning",mountain pine beetle (Dendroctonus ponderosae),"pine, western Canada",stand,not stated in abstract,no,not stated in abstract,not stated in abstract,"Structure quantifies consequences of one insect agent, not agent identity."
10.1111/plb.70036,2025,Dual Polarimetric Radar Vegetation Index for monitoring forest moisture stress using time series of Sentinel‐1 SAR data,Plant biology,RQ3,monthly median deviations of a dual polarimetric radar vegetation index,Sentinel-1 SAR,drought,temperate broadleaf deciduous forest,not stated,not stated in abstract,no,not stated in abstract,not stated in abstract,First use of DpRVI for drought effects in forests per the abstract. Abiotic agent only.
10.3390/rs17050796,2025,Aboveground Biomass and Tree Mortality Revealed Through Multi-Scale LiDAR Analysis,Remote Sensing,RQ3,"comparison of GEDI-simulated waveforms, UAV grid metrics and individual tree detection for AGB and mortality","airborne lidar, UAV lidar, GEDI simulation",not stated,North American temperate forest,grid and individual tree,not stated in abstract,no,not stated in abstract,not stated in abstract,Mortality prediction from structure with no agent label.
10.3390/rs17243930,2025,Spatial Diffusion Characteristics of Pine Wilt Disease at the Forest Stand Scale and Prediction of Individual Tree Mortality Risk,Remote Sensing,RQ3,spatiotemporal diffusion reconstruction and tree-level mortality risk model,"UAV multispectral (23 phases), airborne lidar, field survey",pine wilt disease,"pine, Qingyuan County China",individual tree and stand,not stated in abstract,no,not stated in abstract,"50% of transmission events within 17.2 m, spatial autocorrelation range about 28 m","Single agent. Lidar supports stand structure, not agent identification."
10.3390/drones9080529,2025,Multi-Dimensional Estimation of Leaf Loss Rate from Larch Caterpillar Under Insect Pest Stress Using UAV-Based Multi-Source Remote Sensing,Drones,RQ3,recursive feature elimination then random forest regression and CNN regression for leaf loss rate,"UAV hyperspectral, UAV lidar",larch caterpillar,larch,tree crown and unit area,not stated in abstract,no,not stated in abstract,not stated in abstract,Lidar indices contribute to severity estimation for one insect agent.
10.1002/ldr.5623,2025,"The Mapping and Analysis of the Infrequent, Large‐Scale Blowdown Event in the Colorado Front Range",Land Degradation &amp; Development,RQ2,"change vector analysis of pre and post-event imagery, tunable thresholds",Sentinel-2,wind blowdown,"Colorado Front Range forest, species not stated",pixel,compared against Global Forest Change data,no,true positive versus false positive rates,not stated in abstract,Single agent mapping with a tunable error trade-off.
10.5194/isprs-archives-xlviii-2-w11-2025-133-2025,2025,Differentiating Acute and Chronic Stress in Norway Spruce using Hyperspectral and Thermal Remote Sensing in Experimental Plots,"The International Archives of the Photogrammetry, Remote Sensing and Spatial Information Sciences",RQ2;RQ3,"experimental plots with edge exposure and roofing, spectral and thermal comparison",UAV and aircraft hyperspectral and thermal,acute thermal stress versus chronic drought stress,Picea abies,plot and crown,"experimental controls, no classifier accuracy reported",no,not stated in abstract,not stated in abstract,"Close analogue in structure of the problem: two stressors separated on one host. Both stressors are abiotic, so it does not refute the two-insect claim."
10.1016/j.jenvman.2025.127837,2025,Understanding defoliation of Pinus plantations in the Mediterranean mountains using tree segmentation and ALS time series.,Journal of Environmental Management,RQ2;RQ3,"tree segmentation, height and defoliation from ALS time series using kNN, random forest and neural networks","airborne laser scanning, 2008, 2013, 2018","drought and pest outbreak, described as climatic-driven defoliation","Pinus sylvestris, Pinus nigra plantation",tree and pixel,not stated in abstract,no,not stated in abstract,not stated in abstract,Structure used to grade defoliation severity. Agents are not separated.
10.48538/lpb-2025-0008,2025,Detekcja pojedynczych martwych świerków w Puszczy Białowieskiej na podstawie integracji danych satelitarnych z danymi lotniczego skanowania laserowego,Leśne Prace Badawcze,RQ3,integration of satellite imagery with airborne laser scanning to detect individual dead trees,"satellite imagery, airborne laser scanning",Ips typographus,Picea abies,individual tree,not stated in abstract,no,not stated in abstract,not stated in abstract,"Polish-language paper, Bialowieza Forest. Single agent."
10.1186/s42408-025-00420-0,2025,Terrestrial lidar scanning provides efficient measurements of fire-caused crown scorch in longleaf pine,Fire Ecology,RQ3,"prediction of crown scorch from terrestrial lidar return intensity, 253 trees",terrestrial laser scanning,fire,longleaf pine (Pinus palustris),individual tree,not stated in abstract,no,not stated in abstract,not stated in abstract,"Lidar intensity as a proxy for crown injury, single agent."
10.1007/s10980-025-02264-0,2025,Severely disturbed forests in Central Europe retain robust recovery capacity but face resilience loss due to spatial homogenization,Landscape Ecology,RQ3,integration of optical and SAR with UAV imagery and vegetation height models to map disturbance and recovery,"optical satellite, SAR, UAV imagery, vegetation height models",spruce bark beetle outbreak and salvage logging,"Picea abies, Czech Republic","landscape, 9000 km2",not stated in abstract,no,proportion disturbed,30.8% of initial forest area disturbed 2018 to 2024,"Beetle and salvage logging are treated as a compound sequence, not separated as competing agents."
10.3389/fpls.2025.1664466,2025,Early detection of Dendrolimus species infestations: integrating UAV hyperspectral and LiDAR data,Frontiers in Plant Science,RQ3,"SPA, ISIC and ISIC-SPA feature selection with random forest on combined hyperspectral and lidar features","UAV hyperspectral, UAV lidar",Dendrolimus species,"pine, China",not stated,not stated in abstract,no,not stated in abstract,not stated in abstract,"Explicitly argues canopy structure is underexplored for early detection and adds lidar to spectra. Detection of infestation stage, not discrimination between Dendrolimus species. Flagged for full-text check."
10.1007/s10980-025-02288-6,2025,"Canopy height and its spatial heterogeneity predominantly determine damages to tropical forests by major hurricanes, with a mitigating legacy effect of drought",Landscape Ecology,RQ3,spatial error models of canopy height reduction on pre-hurricane canopy properties,two airborne lidar campaigns,"hurricane, with drought legacy",Puerto Rico tropical forest,landscape pixel,not stated in abstract,no,not stated in abstract,not stated in abstract,Structure predicts damage severity from one agent.
10.1109/igarss55030.2025.11243941,2025,"Detection of the sharp-toothed bark-beetle infection using UAV multispectral and LiDAR data in Scots pine forest of Kampinoski National Park, Poland",IEEE International Geoscience and Remote Sensing Symposium,RQ3,"UAV lidar to isolate the crown layer, vegetation indices, random forest classification","UAV multispectral, UAV lidar","sharp-toothed bark beetle (Ips acuminatus, described as Xylophagos beetle)",Pinus sylvestris,individual tree crown,not stated in abstract,no,detection accuracy,exceeding 95% for healthy versus infested,"Lidar used to delimit crowns; discrimination is spectral. Two-class healthy versus infested, one agent."
10.3897/aca.8.e156849,2025,Single tree health monitoring using uav-based lidar data,ARPHA Conference Abstracts,RQ3,UAV lidar metrics for tree health status,UAV lidar,not stated,not stated,individual tree,not stated in abstract,no,not stated in abstract,not stated in abstract,"Conference abstract only. Structure-only health assessment, no agent."
10.1002/ecy.70261,2025,Unprecedented tropical cyclone in temperate-boreal ecotone drives declines in emergent conifers and canopy complexity.,Ecology,RQ2,analysis of fallen tree dimensions from drone orthophotographs across four sites,drone orthophotography,tropical cyclone (Maysak 2020),"Abies holophylla, Pinus koraiensis and broadleaves",individual fallen tree,not stated in abstract,no,not stated in abstract,not stated in abstract,"Single agent, species-differential vulnerability."
10.1109/igarss55030.2025.11243121,2025,Measuring Changes in Forest Carbon Stocks using an IPCC-Compliant Method with a Competition-Index-Based Volumetric Model and Multi-temporal Airborne Laser Scanning Data,IEEE International Geoscience and Remote Sensing Symposium,RQ3,IPCC-compliant carbon stock estimation with a competition-index volumetric model on multitemporal ALS,"airborne laser scanning, orthoimages","wildfire, landslide, pests and diseases",not stated,tree and stand,not stated in abstract,no,not stated in abstract,not stated in abstract,"Structure quantifies carbon consequence of disturbance, agents not separated."
10.1080/02827581.2025.2563602,2025,Using airborne LiDAR to quantify changes in forest structure following an ice storm disturbance and subsequent salvage logging,Scandinavian Journal of Forest Research,RQ3,"leaf area density profiles and voxel-based biomass loss from multitemporal high-density ALS, validated against field data",airborne laser scanning,ice storm and subsequent salvage logging,"Picea abies, Abies alba, Fagus sylvatica",stand,field data as reference,no,not stated in abstract,not stated in abstract,"Two disturbance types quantified, but they are abiotic damage and harvest, and they differ in timing and pattern."
10.3390/drones9110756,2025,Effectiveness of Unmanned Aerial Vehicle-Based LiDAR for Assessing the Impact of Catastrophic Windstorm Events on Timberland,Drones,RQ3,"random forest, maximum likelihood and decision tree classification of windstorm damage with and without a lidar canopy height model","UAV lidar, UAV RGB","windstorm, hurricanes and tornadoes","pine-dominated stands, southeastern USA","stand, ten stands of 10 to 20 acres",not stated in abstract,no,overall accuracy and kappa,RF 94.52% k 0.92; ML 89.52% k 0.85; DT 81.78% k 0.75,Directly quantifies the gain from adding a lidar canopy height model to imagery for damage classification. Single agent class.
10.3390/geographies5030030,2025,Quantifying Forest Structural and Functional Responses to Fire Severity Using Multi-Source Remotely Sensed Data,Geographies,RQ3,correlation and LOESS regression of structural change against burn severity indices,"pre and post-fire airborne lidar, Landsat dNBR",wildfire (2020 Bighorn Fire),Santa Catalina Mountains vegetation types,"12,500 ha landscape",not stated in abstract,no,not stated in abstract,not stated in abstract,Lidar structure related to a spectral severity index for one agent.
10.1073/pnas.2310157121,2024,A large net carbon loss attributed to anthropogenic and natural disturbances in the Amazon Arc of Deforestation,Proceedings of the National Academy of Sciences of the United States of America,RQ2;RQ3,"partitioning of aboveground carbon loss between clearing, logging and fire using airborne laser scanning",airborne laser scanning,"logging, fire, clearing, natural disturbance",Amazon forest,"surveyed area, landscape",not stated in abstract,no,area affected and net carbon flux,degradation 3.5% of surveyed area versus 0.7% cleared; net loss -90.5 +/- 16.6 Tg C per year 2016 to 2018,"Partitions loss between anthropogenic and natural causes. Agents are logging, fire and clearing, not insects."
10.1111/1365-2745.14320,2024,Gap expansion is the dominant driver of canopy openings in a temperate mountain forest landscape,Journal of Ecology,RQ3,"canopy height change analysis at 1 m resolution across three repeat lidar acquisitions, 11,331 gaps","airborne lidar, 2009 to 2021","natural disturbance, tree mortality","temperate mountain forest, Berchtesgaden","1 m pixel, gap object",not stated in abstract,no,not stated in abstract,not stated in abstract,Repeat lidar for gap dynamics. No agent labels.
10.1016/j.jenvman.2024.121659,2024,Mapping the natural disturbance risk to protective forests across the European Alps.,Journal of Environmental Management,RQ2;RQ3,"ensemble models combining satellite disturbance history with spaceborne lidar structure to map hazard, exposure and vulnerability","Landsat-based disturbance maps 1986 to 2020, GEDI spaceborne lidar","windthrow, bark beetle outbreak, forest fire",European Alps protective forest,not stated,not stated in abstract,no,not stated in abstract,not stated in abstract,"Uses lidar structure alongside three named agents, but for risk mapping, not for deciding which agent caused an observed damage patch."
10.3390/rs16132319,2024,Post-Logging Canopy Gap Dynamics and Forest Regeneration Assessed Using Airborne LiDAR Time Series in the Brazilian Amazon with Attribution to Gap Types and Origins,Remote Sensing,RQ2;RQ3,airborne lidar time series gap detection with attribution of gaps to types and origins,multitemporal airborne lidar,selective logging and natural gap formation,Brazilian Amazon rainforest,gap object,not stated in abstract,no,not stated in abstract,not stated in abstract,"Attribution of gaps to origin using lidar structure alone. Origins are logging versus natural, not two insects."
10.3390/f15010191,2024,Identification of Larch Caterpillar Infestation Severity Based on Unmanned Aerial Vehicle Multispectral and LiDAR Features,Forests,RQ3,ANOVA feature selection then random forest and support vector machine severity classification,"UAV multispectral, UAV lidar, ground measurements",Dendrolimus superans (larch caterpillar),larch,not stated,not stated in abstract,no,"not stated in abstract, feature importance reported",NDGI and the 25% height percentile were the most sensitive features,"A lidar height percentile is among the two most sensitive features for insect damage severity. Single agent, severity grading."
10.1109/jstars.2024.3429012,2024,Submonthly Assessment of Temperate Forest Clear-Cuts in Mainland France,IEEE Journal of Selected Topics in Applied Earth Observations and Remote Sensing,RQ3,radar change ratio adapted from a tropical near real-time forest loss method,Sentinel-1 SAR,clear-cut harvest,French temperate broadleaf and conifer forest,"plot, 967 validation plots","967 validation plots, independent",no,recall and precision,"recall 80.9%, precision 99.4%","Radar detects harvest, an agent with a sharp and complete canopy signal."
10.1111/gcb.17493,2024,Tall Bornean forests experience higher canopy disturbance rates than those in the eastern Amazon or Guiana shield,Global Change Biology,RQ3,framework for disturbance and recovery analysis in lidar time series at 1 m resolution,airborne lidar time series,"canopy disturbance, agent not identified","old-growth tropical forest, Borneo, Amazon, Guiana shield",1 m pixel over 8000 ha,not stated in abstract,no,not stated in abstract,not stated in abstract,"Structure-only disturbance rates, no agent attribution."
10.1080/15481603.2024.2379198,2024,Mapping recent timber harvest activity in a temperate forest using single date airborne LiDAR surveys and machine learning: lessons for conservation planning,GIScience &amp; Remote Sensing,RQ3,XGBoost on single-campaign airborne lidar to map recent harvest,single-date airborne lidar,"timber harvest, including shelterwood, overstory removal and clearcut",Pennsylvania temperate forest,not stated,not stated in abstract,no,not stated in abstract,not stated in abstract,"Single-date structure distinguishes harvest intensity classes. The classes are harvest types, not agents."
10.1093/forestry/cpae029,2024,Evaluating the potential for continuous update of enhanced forest inventory attributes using optical satellite data,Forestry: An International Journal of Forest Research,RQ2,optical time series used to update an ALS-derived enhanced forest inventory at two-week intervals,"optical satellite time series, airborne laser scanning","forest disturbance, general","Ontario forest management unit, ~690,000 ha",not stated,not stated in abstract,no,not stated in abstract,not stated in abstract,Inventory updating rather than agent attribution.
10.3390/f15071114,2024,Predictive Model for Bark Beetle Outbreaks in European Forests,Forests,RQ2,random forest regression and comparison of machine learning architectures for outbreak probability,"environmental and climatic predictors, remote sensing derived",bark beetle,"European forest, species not stated",not stated,not stated in abstract,no,not stated in abstract,not stated in abstract,Risk prediction for one agent.
10.1109/jstars.2024.3361183,2024,Forest Disturbance Detection via Self-Supervised and Transfer Learning With Sentinel-1&2 Images,IEEE Journal of Selected Topics in Applied Earth Observations and Remote Sensing,RQ3,self-supervised knowledge distillation with transfer learning and deep change vector analysis,"Sentinel-1 SAR, Sentinel-2",windthrow and snowload damage,"forest, species not stated",not stated,not stated in abstract,no,not stated in abstract,not stated in abstract,"Two abiotic agents handled as two separate use cases, not as competing classes in one classifier."
10.3390/rs16091553,2024,Sensitivity of Sentinel-1 Backscatter to Management-Related Disturbances in Temperate Forests,Remote Sensing,RQ3,analysis of dense C-band backscatter against experimentally imposed disturbance intensities at 14 sites,Sentinel-1 SAR,"management-related tree removal, experimentally imposed",Netherlands temperate forest,pixel,14 experimental sites with controlled removal levels,no,not stated in abstract,not stated in abstract,Rare experimental control on disturbance intensity for a radar sensitivity study.
10.1007/s10844-024-00877-6,2024,DIAMANTE: A data-centric semantic segmentation approach to map tree dieback induced by bark beetle infestations via satellite images,Journal of Intelligence and Information Systems,RQ3,data-centric semantic segmentation of tree dieback,Sentinel satellite imagery,bark beetle,not stated,pixel,not stated in abstract,no,not stated in abstract,not stated in abstract,Single agent segmentation.
10.3390/rs16101805,2024,Remote Sensing of Forests in Bavaria: A Review,Remote Sensing,RQ2,"systematic literature review, 146 articles 2008 to 2023",multiple (review),drought and subsequent insect infestation,Bavarian forest,not applicable,"not applicable, review",no,not applicable,not applicable,"Notes that 88 of 146 studies were in the Bavarian Forest National Park, a concentration worth citing on generalisability."
10.1002/rse2.420,2024,Early spectral dynamics are indicative of distinct growth patterns in post‐wildfire forests,Remote Sensing in Ecology and Conservation,RQ3,space-for-time substitution linking early post-fire spectral dynamics to RPAS lidar structure,"RPAS lidar, optical satellite time series",wildfire,western North American forest,not stated,space-for-time substitution,no,not stated in abstract,not stated in abstract,Links spectral trajectory to structural outcome for one agent.
10.3390/rs16244710,2024,Mapping Windthrow Severity as Change in Canopy Cover in a Temperate Eucalypt Forest,Remote Sensing,RQ3,"training on 455 plots of aerial-image canopy cover, mapping percentage canopy cover change","high-resolution aerial imagery, satellite",windthrow from severe windstorm,"temperate eucalypt forest, south-eastern Australia","plot, 455 randomly selected",randomly selected plots in disturbed and undisturbed areas,no,not stated in abstract,not stated in abstract,"Severity as canopy cover change, single agent."
10.3390/rs16132299,2024,EWMACD Algorithm in Early Detection of Defoliation Caused by Dendrolimus tabulaeformis Tsai et Liu,Remote Sensing,RQ3,EWMACD change detection on fused Sentinel-2 and downscaled Landsat-8 time series,"Sentinel-2, Landsat-8 downscaled to 10 m by deep learning",Dendrolimus tabulaeformis,pine,10 m pixel,not stated in abstract,no,not stated in abstract,not stated in abstract,Early detection of one defoliator.
10.3390/drones8030075,2024,Canopy Structural Changes in Black Pine Trees Affected by Pine Processionary Moth Using Drone-Derived Data,Drones,RQ2;RQ3,"bitemporal high-density drone lidar, manual crown delineation compared with lidar methods, parametric statistics on canopy metrics",drone lidar,pine processionary moth (Thaumetopoea pityocampa),"Pinus nigra, 33 individuals",individual tree,not stated in abstract,no,not stated in abstract,not stated in abstract,"One of the few studies that measures canopy structural change caused by an insect defoliator directly from lidar. Contrasts defoliated with non-defoliated trees of one host, but only one insect agent is present."
10.1080/01431161.2024.2320180,2024,Feasibility study of forest wood-boring pest detection base on hyperspectral LiDAR,International Journal of Remote Sensing,RQ3,hyperspectral lidar echo intensity ratio then support vector machine on trunk bark,"hyperspectral lidar (AOTF-based), active",wood-boring pest,"tree trunks, species not stated",trunk surface patch,not stated in abstract,no,not stated in abstract,not stated in abstract,"Active lidar targeting the trunk rather than the canopy, aimed at detecting attack before defoliation. Single agent."
10.1109/igarss53475.2024.10641531,2024,Exploring the Detection of Bark Beetle Attacks in Norway Spruce Forests in Sentinel-1 Image Time Series,IEEE International Geoscience and Remote Sensing Symposium,RQ3,"analysis of VV and VH backscatter distributions before and after attack, automatic detection method",Sentinel-1 SAR time series 2019 to 2022,bark beetle,Norway spruce,polygon,tested on the same polygons used for reference,no,detection accuracy,above 65%,"Tested on the same polygons from which the reference was drawn, so the figure is close to resubstitution."
none,2024,Ant Nest Detection Using Underground P-Band TomoSAR,not stated,RQ3,electromagnetic simulation of nest signatures then drone-borne P-band tomographic SAR with a convolutional network,P-band drone-borne tomographic SAR,leaf-cutting ants,commercial eucalyptus plantation,subsurface nest object,not stated in abstract,no,not stated in abstract,not stated in abstract,"Radar detects the insect agent itself rather than its canopy damage, by imaging underground nests. Distinctive but single agent."
10.1080/19475705.2024.2401042,2024,Assessing the burn severity of wildfires by incorporating vegetation structure information,"Geomatics, Natural Hazards & Risk",RQ3,polarimetric decomposition features and PCA into a random forest predicting composite burn index,PolSAR,wildfire,"Jinyun Mountain, Chongqing",not stated,not stated in abstract,no,not stated in abstract,not stated in abstract,"Explicitly argues vegetation structure information is underused in severity assessment, and supplies it from polarimetry."
10.1080/01431161.2024.2433761,2024,Investigating the potential of ICEYE-SAR data in storm damage detection in a coniferous forest with rugged terrain,International Journal of Remote Sensing,RQ3,unsupervised change detection combining wavelet transform with adaptive thresholds at four spatial scales,ICEYE very high resolution SAR,storm damage (Storm Daniel),"fir forest, complex topography","0.5 m, 1 m, 2 m and coarser",not stated in abstract,no,not stated in abstract,not stated in abstract,"Very high resolution SAR for structural damage, single agent."
10.3390/s25010046,2024,Multi-Band Scattering Characteristics of Miniature Masson Pine Canopy Based on Microwave Anechoic Chamber Measurement,Italian National Conference on Sensors,RQ3,controlled anechoic chamber backscatter measurement of canopy scenes at four defoliation densities,"C-, X- and Ku-band microwave, ground-based","defoliation, imposed experimentally","Masson pine, miniature canopy",canopy scene,controlled laboratory measurement,no,backscatter contribution by component,"not extracted, reported by band and angle",Direct physical evidence on which canopy components drive backscatter at different defoliation levels. Useful mechanistic citation for a radar-structure hypothesis.
10.3390/f15050803,2024,The Significance of Tree Height as a Predictor of Tree Mortality during Bark Beetle Outbreaks in a Small Catchment,Forests,RQ3,machine learning variable importance on tree category time series from aerial images with lidar heights,"aerial imagery at 20 cm, terrestrial lidar campaigns 2010 and 2011",bark beetle,"Norway spruce, Sumava National Park","individual tree, more than 60,000 trees",not stated in abstract,no,variable importance,tree height was the most influential variable in each year,Direct evidence that a structural variable predicts which trees an insect kills. Single agent.
10.3390/rs16193751,2024,Discriminating between Biotic and Abiotic Stress in Poplar Forests Using Hyperspectral and LiDAR Data,Remote Sensing,RQ2;RQ3,"partial least squares VIP variable selection then PLS-SVM, four models: healthy, drought, ALB, and four-class","UAV hyperspectral, UAV lidar","Asian longhorned beetle and drought, singly and combined","poplar (Populus), Three-North Shelterbelt, northwestern China","individual tree, 325 poplars across four 50 x 50 m plots","train and test split 7 to 3 with 10-fold cross-validation, not spatially blocked","yes: 66 healthy, 75 ALB only, 80 drought only, 104 combined","overall accuracy, kappa, producer's and user's accuracy from confusion matrices",four-class OA 78.79%; drought OA 94.85% K 0.90; ALB OA 80.81% K 0.62; healthy 94.79%; ALB producer's accuracy 86.96% well watered versus 79.41% water deficient,"CENTRAL RECORD FOR RQ3, full text read. Zhou et al. 2024. Host held constant (Populus gansuensis) and two agents separated with lidar metrics among the top predictors. Discussion states verbatim: 'Unlike previous studies, in this experiment, LiDAR metrics effectively detect forest pest.' A lidar variable, Height_99th/Tree Height, is among the five most important for the ALB model. One agent is abiotic, so the two-insect wording survives; the claim that structure has never been used to identify which agent caused damage does not."
10.1093/forestry/cpae057,2024,Detection of snow disturbances in boreal forests using unitemporal airborne lidar data and aerial images,Forestry: An International Journal of Forest Research,RQ2;RQ3,individual tree detection from lidar then random forest classification of healthy versus broken trees,"unitemporal airborne lidar 5 points per m2, aerial images",snow damage,"boreal forest, Eastern Finland","individual tree, 675 positioned trees, 209 plots",81 healthy and 128 snow-disturbed field plots,"yes, 81 healthy versus 128 disturbed plots stated",not stated in abstract,not stated in abstract,Single-date lidar detects a structural signature of one abiotic agent at tree level. Motivates the work by the raised risk of subsequent insect outbreak.
10.1109/igarss53475.2024.10642694,2024,Forest Harvest Detection Using SAR Coherence Time Series: A Case Study of Bark Beetle Outbreak in the Czech Republic,IEEE International Geoscience and Remote Sensing Symposium,RQ3,SAR interferometric coherence time series compared with annual harvest records,Sentinel-1 SAR coherence,bark beetle outbreak followed by salvage harvest,"Czech Republic forest, spruce implied",not stated,visual comparison with ground truth harvest data,no,not stated,not stated,Coherence responds to salvage removal rather than to the beetle attack itself.
10.3390/machines12120944,2024,Unmanned Ground Vehicle for Identifying Trees Infested with Bark Beetles,Machines,RQ2,computer vision classification of resin stains on bark from an autonomous ground vehicle,"ground vehicle camera, rotating lidar for navigation only",bark beetle,"mountain forest, species not stated",individual tree bark surface,not stated in abstract,no,not stated in abstract,not stated in abstract,"Ground-level early indicator, offered as a contrast to aerial monitoring which the authors say detects only advanced stages."
10.1109/igarss53475.2024.10641738,2024,Tracking Spatial and Temporal Variation in Forest Canopy Conditions in the Boreal Forest of Alaska Using Lidar Data,IEEE International Geoscience and Remote Sensing Symposium,RQ3,canopy height model differencing and canopy cover change 2017 to 2023,airborne lidar,"not stated, mortality in white spruce","white spruce, interior Alaska","1 ha plot, individual tree",comparison with 37 years of ground data,no,agreement with ground data,84% of trees showed height variation corresponding with ground canopy change,Structure detects mortality without identifying its cause.
10.1016/j.ophoto.2023.100034,2023,UAV-based reference data for the prediction of fractional cover of standing deadwood from Sentinel time series,ISPRS Open Journal of Photogrammetry and Remote Sensing,RQ3,CNN semantic segmentation of dead crowns on UAV orthomosaics to generate reference data for Sentinel time series regression,"UAV RGB at under 4 cm, Sentinel time series","tree mortality including drought, windthrow, harvest, wildfire",multiple,crown and Sentinel pixel,"UAV-derived reference, 176 orthomosaics",no,not stated in abstract,not stated in abstract,"Notes that non-stand-replacing mortality is the harder case, which is the regime the adelgid problem sits in."
10.1080/15481603.2023.2226515,2023,"Assessing Combinations of Landsat, Sentinel-2 and Sentinel-1 Time series for Detecting Bark Beetle Infestations",GIScience &amp; Remote Sensing,RQ2;RQ3,"Bayesian conditional probability and random forest regression on index time series, five sensor configurations compared","Landsat, Sentinel-2, Sentinel-1 SAR",bark beetle (Ips typographus),"Norway spruce, Bavarian Forest National Park","pixel, contiguous patch",multi-year reference dataset of annual infested areas,no,maximum overall accuracy,Sentinel-2 0.93; Landsat 0.89; Landsat plus Sentinel-2 0.87; all three combined 0.67; Sentinel-1 alone 0.62,Load-bearing negative result for radar. The abstract states verbatim that Sentinel-1 was unable to detect infested areas (max. accuracy: 0.62) and that combining all three satellite types did not achieve satisfactory results either.
10.3390/rs15041004,2023,Potential of Sentinel-1 SAR to Assess Damage in Drought-Affected Temperate Deciduous Broadleaf Forests,Remote Sensing,RQ3,"temporal-only time series filtering of radiometric and polarimetric indices, anomaly analysis",Sentinel-1 C-band SAR,drought,temperate deciduous broadleaf forest,"10 m by 10 m, described as single-tree scale",not stated in abstract,no,not stated in abstract,not stated in abstract,Radar sensitivity to foliage loss from an abiotic agent.
10.3390/rs15194778,2023,Delineating and Reconstructing 3D Forest Fuel Components and Volumes with Terrestrial Laser Scanning,Remote Sensing,RQ3,transformer-based deep learning classification of TLS point clouds into eight fuel classes with quantitative structural models,"terrestrial laser scanning, twelve plot scans",mountain pine beetle,Jasper National Park pine forest,"branch, tree and plot",not stated in abstract,no,not stated in abstract,not stated in abstract,"Structural consequence of one insect agent, for fuel modelling."
10.3390/s23156669,2023,"Estimating Structural Damage to Mangrove Forests Using Airborne Lidar Imagery: Case Study of Damage Induced by the 2017 Hurricane Irma to Mangroves in the Florida Everglades, USA",Italian National Conference on Sensors,RQ3,lidar structural change with field data to model aboveground necromass,"airborne lidar, field data",Hurricane Irma,"mangrove, Florida Everglades","tree structure levels, stand",field observations,no,not stated in abstract,not stated in abstract,"Single agent, structural damage quantification."
10.1029/2022jg007234,2023,Estimating Individual Tree Mortality in the Sierra Nevada Using Lidar and Multispectral Reflectance Data,Journal of Geophysical Research - Biogeosciences,RQ3,lidar crown delineation then multispectral mortality mapping over more than one million trees,NEON airborne lidar and multispectral,"drought, 2012 to 2016",Sierra National Forest conifers,"individual tree, 160 km2",not stated in abstract,no,mortality proportion,25.4% of trees died between 2013 and 2017,Lidar supplies crown geometry; mortality itself is detected spectrally.
10.3390/rs15041165,2023,Post-Hurricane Damage Severity Classification at the Individual Tree Level Using Terrestrial Laser Scanning and Deep Learning,Remote Sensing,RQ3,"convolutional neural networks on 2D images rendered from TLS point clouds, six architectures compared",terrestrial laser scanning,Hurricane Michael,"pine-dominated forest, Florida Panhandle",individual tree,not stated in abstract,no,not stated in abstract,not stated in abstract,"States that no prior study had combined TLS with deep learning for hurricane damage at individual tree level. Damage severity classes, one agent."
10.1111/1365-2745.14093,2023,Airborne laser scanning reveals uniform responses of forest structure to moose (Alces alces) across the boreal forest biome,Journal of Ecology,RQ3,airborne laser scanning across 100 paired exclosure and control plots,airborne laser scanning,moose (Alces alces) browsing,boreal forest across six countries,plot,paired exclosure-control experimental design,"yes, 100 paired plots",not stated in abstract,not stated in abstract,"Rare case of structure isolating a biotic herbivory agent under experimental control. The agent is a vertebrate browser, not an insect."
10.1080/02827581.2023.2289660,2023,Predicting snow damage in conifer forests using a mechanistic snow damage model and high-resolution snow accumulation data,Scandinavian Journal of Forest Research,RQ3,"mechanistic critical snow load model driven by numerical weather prediction, validated on lidar-derived breakage",pre and post-damage airborne laser scanning,wet snow accumulation,"Nordic conifer stands, south-eastern Norway","individual tree, 3.5 million trees",independent validation on 2016 and 2018 winters,no,"damage versus no-damage class separation, described as satisfactory",not stated numerically in abstract,Very large tree-level reference set derived from repeat ALS.
10.1007/s11355-023-00539-9,2023,The 30-year impact of post-windthrow management on the forest regeneration process in northern Japan,Landscape and Ecological Engineering,RQ3,quantification of structural recovery from aerial photographs and lidar over 30 years,"aerial photography, lidar",windthrow and post-windthrow salvage management,"hemiboreal forest, northern Japan",stand,not stated in abstract,no,not stated in abstract,not stated in abstract,Disturbance and management effects on structural recovery.
10.1029/2022ef003314,2023,Seeing the Disturbed Forest for the Trees: Remote Sensing Is Underutilized to Quantify Critical Zone Response to Unprecedented Disturbance,Earth's Future,RQ2,synthesis and perspective on integrating remote sensing platforms for disturbance response,multiple (review),"human and natural disturbance, general",not applicable,not applicable,"not applicable, review",no,not applicable,not applicable,Argues that integrating disturbance measures across sensing platforms is complex and underused.
10.3390/f14020368,2023,"Disturbance of Wind Damage and Insect Outbreaks in the Old-Growth Forest of Changbai Mountain, Northeast China",Forests,RQ2,combination of low-frequency optical disturbance products with high-frequency meteorological data to identify agent and timing,"Global Forest Change, MODIS, ERA5-Land",wind damage and insect outbreak,"old-growth forest, Changbai Mountain",not stated,not stated in abstract,no,not stated in abstract,not stated in abstract,"Explicit two-agent attribution. Abstract states verbatim that wind damage and insect outbreaks are two main forest disturbance agents. Wind and insect differ in timing and pattern, so this is the standard contrast, not two insects on one host."
10.1109/igarss52108.2023.10282064,2023,Size Estimation of Ant Nests in Industrial Forest by P-Band SAR Tomography,IEEE International Geoscience and Remote Sensing Symposium,RQ3,drone-borne P-band SAR tomography with a convolutional neural network estimating nest size,P-band drone-borne tomographic SAR,leaf-cutting ants,commercial eucalyptus,individual nest,training and validation split,no,mean error,"5% training, 21% validation",Radar imaging of the insect's subsurface structure rather than of canopy damage.
10.3390/land12020275,2023,"Old-Growth Forests in Urban Nature Reserves: Balancing Risks for Visitors and Biodiversity Protection in Warsaw, Poland",Land,RQ2;RQ3,airborne laser scanning defoliation detection compared with storm damage occurrence,airborne laser scanning,"crown defoliation of unstated cause, then Storm Eunice 2022","old-growth urban reserve forest, Warsaw",individual tree,not stated in abstract,no,not stated in abstract,not stated in abstract,Structural condition before an event predicts which trees the event damages.
10.1016/j.foreco.2023.121194,2023,Mapping temperate forest stands using mobile terrestrial LiDAR shows the influence of forest management regimes on tree mortality,Forest Ecology and Management,RQ3,mobile terrestrial lidar rapid 3D mapping of stands to compare mortality across management regimes,mobile terrestrial lidar,"multiple interacting stressors, not separated",temperate forest,stand and individual tree,not stated in abstract,no,not stated in abstract,not stated in abstract,"States that tree death is often caused by accumulation and interaction of stressors, which is the general obstacle to single-agent attribution."
10.1093/jofore/fvad039,2023,Tree Condition and Analysis Program – Detecting Forest Disturbance at the Tree Level across the Contiguous United States with High Resolution Imagery,Journal of Forests,RQ1;RQ3,open-source operational system classifying tree crown condition as healthy or damaged,NAIP high-resolution airborne imagery and lidar,"bark beetle, emerald ash borer, hemlock woolly adelgid, drought, one per site","pine, ash, hemlock, Texas species",individual tree crown,"four study sites, design not stated",no,average overall accuracy,87% across all four study sites,"Directly relevant to RQ1: hemlock woolly adelgid mortality in Pennsylvania is one of the four demonstrations. Each agent occupies a separate site with a separate host, so no agent is discriminated from another."
10.1080/00049158.2023.2288776,2023,Estimating the extent of selective timber harvesting in private native eucalypt forests with multi-temporal lidar,Australian Forestry,RQ3,design-based sampling of multi-temporal lidar transects to map harvest-related canopy change,multi-temporal airborne lidar,selective timber harvesting,"private native eucalypt forest, New South Wales",transect and canopy change patch,robust design-based sampling framework,no,not stated in abstract,not stated in abstract,"Design-based inference from lidar samples, a useful precedent for sampling design."
10.1109/igarss52108.2023.10282283,2023,Semi-Supervised Deep Learning Representations in Earth Observation Based Forest Management,IEEE International Geoscience and Remote Sensing Symposium,RQ3,"self-supervised deep learning representations, deep change vector analysis and UNet-based regression","Sentinel-1 SAR, Sentinel-2",windthrow and snowload damage,"boreal forest, Finland",not stated,not stated in abstract,no,not stated in abstract,not stated in abstract,Two abiotic agents as separate mapping tasks.
10.1109/igarss52108.2023.10282036,2023,"Windthrows Detection With Satellite Remote Sensing Data: A Comparison Among Sentinel-2, Planet, And Cosmo Sky-Med Data",IEEE International Geoscience and Remote Sensing Symposium,RQ3,comparison of active and passive sensors for windthrow detection across acquisition seasons,"COSMO-SkyMed SAR, Sentinel-2, PlanetScope",windthrow (Vaia storm 2018),Trentino-South Tyrol forest,not stated,not stated in abstract,no,not stated in abstract,not stated in abstract,Direct optical versus radar comparison for one agent.
10.1109/igarss52108.2023.10283155,2023,Comparison of Tower-Based and Satellite L- and C-Band Radar Backscatter from a Boreal Forest,IEEE International Geoscience and Remote Sensing Symposium,RQ3,comparison of tower-based tomographic radar with spaceborne SAR over a fixed forest site,"BorealScat tower radar L- and C-band, Sentinel-1, ALOS-2 PALSAR-2",bark beetle infestation causing tree deaths,"hemiboreal forest, southern Sweden",forest stand within radar footprint,cross-instrument comparison,no,backscatter agreement and sensitivity,agreement within 0.9 dB C-band and 0.6 dB L-band for healthy forest; Sentinel-1 backscatter insensitive to tree deaths while tower-based tomographic backscatter showed clear variation,"Load-bearing negative result. Spaceborne C-band did not register beetle-caused mortality that tomographic ground radar did register, which bounds what a satellite SAR predictor can be expected to carry."
10.1109/igarss52108.2023.10281417,2023,Sensitivity Testing Analysis of Airborne Hyperspectral Lidar Signals for Monitoring Insects and Diseases Based on 3d Radiative Transfer Model,IEEE International Geoscience and Remote Sensing Symposium,RQ3,3D radiative transfer simulation (LESS) of airborne hyperspectral lidar point clouds under defined damage scenarios,"simulated airborne hyperspectral lidar, simulated hyperspectral imagery, TLS for scene construction","forest insects and diseases, simulated stress levels",virtual forest scene from TLS,point cloud and scene,"simulation, no field validation",no,stress index sensitivity (RENDVI),not stated in abstract,"Targets damage in the lower canopy, where passive imagery cannot see, using an active hyperspectral lidar."
10.3390/rs14030562,2022,A First Assessment of Canopy Cover Loss in Germany's Forests after the 2018-2020 Drought Years,Remote Sensing,RQ3,disturbance index from tasseled cap components with monthly quantile composites and anomalies against a 2017 reference,Sentinel-2 and Landsat-8 dense time series,drought with cascading bark beetle infestation,"German forest, spruce emphasised",pixel aggregated to administrative units,not stated in abstract,no,canopy cover loss area,"501,000 ha lost in Germany January 2018 to April 2021",Drought and beetle are described as a cascade and are not separated.
10.3390/s22052015,2022,Integrating GEDI and Landsat: Spaceborne Lidar and Four Decades of Optical Imagery for the Analysis of Forest Disturbances and Biomass Changes in Italy,Italian National Conference on Sensors,RQ3,Landsat disturbance mapping with GEDI biomass assessed against ALS,"Landsat 1985 to 2019, GEDI spaceborne lidar, ALS reference",forest harvest and disturbance,"Italian forests, 11 Mha",pixel and GEDI footprint,ALS reference over about 6 Mha,no,"omission error, correlation",harvest omission error 29% in 2012 to 65% in 2001; r2 0.75 between GEDI and ALS biomass density,"Quantifies how much disturbance an optical record misses, useful for bounding label quality."
10.3390/rs14133135,2022,Mapping a European Spruce Bark Beetle Outbreak Using Sentinel-2 Remote Sensing Data,Remote Sensing,RQ3,"support vector machine on vegetation indices, with lidar used for automatic crown delineation and species classification","Sentinel-2, airborne lidar",European spruce bark beetle (Ips typographus),"Norway spruce, Italian Alps",individual tree crown,not stated in abstract,no,not stated in abstract,two outbreak stages detected,"Lidar contributes crown geometry and species, not the infestation signal."
10.1111/1365-2745.14003,2022,Forest disturbance and growth processes are reflected in the geographical distribution of large canopy gaps across the Brazilian Amazon,Journal of Ecology,RQ3,power-law characterisation of canopy gap size distributions across 650 randomly distributed lidar transects,airborne lidar,human disturbance and natural mortality processes,Brazilian Amazon forest,gap object over 2500 km2,random transect sampling,no,power-law exponent alpha,"not extracted, reported as regional variation in alpha","Gap size distribution as a structural fingerprint of disturbance regime. It separates regimes, not individual events."
10.1016/j.jag.2022.102780,2022,Mapping tree mortality rate in a tropical moist forest using multi-temporal LiDAR,International Journal of Applied Earth Observation and Geoinformation,RQ3,gap dynamics index from successive canopy height models compared with field mortality rates,"airborne lidar 2009, 2015, 2019","tree mortality, agent not identified","tropical moist forest, French Guiana","1.56 ha plot, 74 permanent plots",comparison with field-measured mortality on permanent plots,no,not stated in abstract,not stated in abstract,Repeat lidar mortality rates validated against permanent plots.
10.3390/rs14061447,2022,A Computationally Efficient Method for Updating Fuel Inputs for Wildfire Behavior Models Using Sentinel Imagery and Random Forest Classification,Remote Sensing,RQ3,"random forest classifier trained on radar, multispectral, land cover and tree mortality survey data to update fuel inputs","C-band SAR, multispectral imagery","tree mortality of unstated agent, then wildfire","Colorado forest, species not stated",not stated,held-out test dataset,no,classification accuracy on test set,over 80% correct,"Uses an operational mortality survey as a training label source, the same design pattern as this project."
10.3389/ffgc.2022.929106,2022,"Assessing Forest Vitality and Forest Structure Using 3D Data: A Case Study From the Hainich National Park, Germany",Frontiers in Forests and Global Change,RQ3,box-dimension structural complexity differenced between summer and winter scans to quantify vitality,terrestrial laser scanning,"not stated, crown defoliation and branch dieback",Hainich National Park beech-dominated forest,individual tree,not stated in abstract,no,not stated in abstract,not stated in abstract,Structure-only vitality metric that captures branch dieback as well as defoliation. Directly relevant to a structural-signature hypothesis.
10.1080/17538947.2022.2059114,2022,Health assessment of plantations based on LiDAR canopy spatial structure parameters,International Journal of Digital Earth,RQ3,"forest health indicators built from lidar canopy spatial structure parameters (Weibull alpha, VCI, sdCC, H99, cvLAD)",airborne lidar,dieback of unstated agent,"Robinia pseudoacacia plantation, Yellow River Delta",stand and canopy,not stated in abstract,no,not stated in abstract,not stated in abstract,Structure-only health grading built precisely because a spectral canopy vigour grade did not correlate with field biomass.
10.3390/rs14071545,2022,Quantifying Post-Fire Changes in the Aboveground Biomass of an Amazonian Forest Based on Field and Remote Sensing Data,Remote Sensing,RQ3,random forest models of post-fire biomass loss using spectral change indices with permanent plot measurements,"Landsat-8, field permanent plots",fire,Amazonian forest,permanent plot,permanent plots as reference,no,not stated in abstract,not stated in abstract,Links canopy structural damage to spectral change over time for one agent.
10.1007/s00468-021-02255-z,2022,Assessment of defoliation and subsequent growth losses caused by Lymantria dispar using terrestrial laser scanning (TLS),Trees,RQ3,"three terrestrial laser scanning surveys before, during and after outbreak, tracking foliation and growth at individual tree level",terrestrial laser scanning,gypsy moth (Lymantria dispar),"oak and mixed oak forest, Germany",individual tree,large-scale field experiment with two defoliation risk levels,no,not stated in abstract,not stated in abstract,"Direct evidence that lidar structure tracks insect defoliation and subsequent growth loss at tree level. One insect agent, experimentally contrasted risk levels."
10.3390/atmos13010112,2022,Identifying Conifer Tree vs. Deciduous Shrub and Tree Regeneration Trajectories in a Space-for-Time Boreal Peatland Fire Chronosequence Using Multispectral Lidar,Atmosphere,RQ3,lidar point cloud metrics with multispectral lidar to separate conifer from deciduous regeneration in a fire chronosequence,multispectral lidar,wildfire and anthropogenic disturbance,"boreal peatland, Fort McMurray",point cloud and site,space-for-time chronosequence,no,not stated in abstract,not stated in abstract,"Multispectral lidar discriminates vegetation type, not disturbance agent."
10.3390/rs14195012,2022,Monitoring Damage Caused by Pantana phyllostachysae Chao to Moso Bamboo Forests Using Sentinel-1 and Sentinel-2 Images,Remote Sensing,RQ2;RQ3,"XGBoost models on combined optical and radar features, single-date and multi-date variants","Sentinel-1 SAR, Sentinel-2, field inventory",Pantana phyllostachysae Chao,Moso bamboo,not stated,not stated in abstract,no,not stated in abstract,single-date model using October imagery outperformed the alternatives,"The confound is directly analogous to this project's: off-year bamboo looks spectrally like damaged on-year bamboo, so a non-agent factor mimics the damage class."
10.3389/fpls.2022.991720,2022,Unexpected resilience in relict Abies pinsapo Boiss forests to dieback and mortality induced by climate change,Frontiers in Plant Science,RQ3,dynamic factor analysis on end-of-dry-season NDVI time series with orthoimage and field survey of canopy structure,"Landsat 5 and 7, orthoimages, field survey",drought-induced dieback,"Abies pinsapo, southern Spain",stand across altitudinal bands,field surveys in 2003 and 2020,no,not stated in abstract,not stated in abstract,"36-year record of decline in a relict fir, a useful analogue for a slow non-stand-replacing signal."
10.1080/07038992.2022.2145460,2022,"Multi-Source Mapping of Forest Susceptibility to Spruce Budworm Defoliation Based on Stand Age and Composition across a Complex Landscape in Maine, USA",Canadian journal of remote sensing,RQ3,"random forest and multi-layer perceptron mapping of host species and stand impact type from radar, optical and site variables","Sentinel-1 C-band SAR, PALSAR L-band SAR, Sentinel-2",spruce budworm (Choristoneura fumiferana),"Picea sp. and Abies balsamea, Maine",stand,not stated in abstract,no,overall accuracy,83.4% for the best model using site variables and Sentinel-2,"Radar is tested alongside optical for host mapping; the best model came from optical plus terrain, not radar."
10.1088/2515-7620/ac9664,2022,A comparison of radar and optical remote sensing to detect cyclone-induced canopy disturbance in two subtropical forest landscapes,Environmental Research Communications,RQ3,comparison of change in two optical indices against three radar metrics for four cyclone events at two sites,"Landsat 8, Sentinel-1 C-band SAR",cyclone canopy disturbance,"subtropical forest, Taiwan and Puerto Rico",not stated,four events across two landscapes,no,not stated in abstract,not stated in abstract,Head-to-head radar versus optical for one agent across two independent landscapes.
10.1080/07038992.2022.2110463,2022,SAR Polarimetric Phase Differences in Wetlands: Information and Mis-Information,Canadian journal of remote sensing,RQ3,physical backscatter model of an emergent cylinder over a water plane with polarimetric RADARSAT-2 observations,RADARSAT-2 polarimetric SAR,"tree mortality in swamps, cause not stated",wetland and swamp trees,pixel,model against extensive observation set,no,not stated in abstract,not stated in abstract,Mechanistic radar work showing co-polarised phase difference responds to standing dead trunks. Relevant to whether radar can carry a structural signature of mortality.
10.1016/j.rse.2021.112313,2021,"Multi-sensor remote sensing for drought characterization: current status, opportunities and a roadmap for the future",not stated,RQ2,systematic review of multi-sensor remote sensing drought studies,multiple (review),drought,multiple,not applicable,"not applicable, review",no,not applicable,not applicable,Reference point for the abiotic competitor agent in any attribution design.
10.1016/j.rse.2020.112240,2021,"Early detection of forest stress from European spruce bark beetle attack, and a new vegetation index: Normalized distance red & SWIR (NDRS)",not stated,RQ3,"comparison of radar and spectral signals of healthy versus stressed trees across a full vegetation season, and a new index NDRS",radar and multispectral satellite data,European spruce bark beetle (Ips typographus),Norway spruce,tree crown,seasonal comparison across attack stages,no,not stated in abstract,not stated in abstract,Tests radar and spectral signals side by side across green-attack through late-stage infestation. A key precedent for a radar predictor in an insect attribution design.
10.1038/s41598-020-80809-w,2021,Large-scale variations in the dynamics of Amazon forest canopy gaps from airborne lidar data and opportunities for tree mortality estimates,Scientific Reports,RQ3,"gap delineation by fixed and relative height methods on five multitemporal and 610 single-date lidar datasets, generalized linear models of drivers",airborne lidar,"tree mortality, agent not identified",Amazon forest,"gap object, 181 field plots for cross-reference",cross-related to mortality estimates from 181 field plots,no,not stated in abstract,not stated in abstract,Large-sample evidence that static gap structure informs about dynamic mortality.
10.1016/j.isprsjprs.2020.11.023,2021,Spruce budworm tree host species distribution and abundance mapping using multi-temporal Sentinel-1 and Sentinel-2 satellite imagery,not stated,RQ3,"random forest on 191 variables from multi-temporal radar, optical and site data to map host species distribution and abundance","Sentinel-1 SAR, Sentinel-2","spruce budworm (host mapping, not damage)","Picea sp. and Abies balsamea, New Brunswick",20 m pixel,not stated in abstract,no,not stated in abstract,Sentinel-2 multi-temporal single spectral bands performed best,Radar tested as a host-mapping predictor rather than a damage predictor.
10.1016/j.rse.2020.112159,2021,SAR data for tropical forest disturbance alerts in French Guiana: Benefit over optical imagery,not stated,RQ3,SAR-based disturbance alert system compared against optical alerts,"Sentinel-1 SAR, optical","gold mining, smallholder agriculture, forest exploitation",French Guiana tropical forest,small-scale disturbance patch,not stated in abstract,no,not stated in abstract,not stated in abstract,Quantifies the benefit of radar over optical for small disturbances under persistent cloud.
10.1007/s10021-021-00688-8,2021,Tracking the Rates and Mechanisms of Canopy Damage and Recovery Following Hurricane Maria Using Multitemporal Lidar Data,Ecosystems,RQ3,canopy height change from lidar acquired before and twice after the storm along an elevational gradient,"airborne lidar 2017, 2018, 2020",Hurricane Maria,"Luquillo Experimental Forest, Puerto Rico","landscape, 439 ha",not stated in abstract,no,proportion of area losing canopy height,"73% of the study area lost at least 1 m of canopy height, mean -7.1 m; only 13.5% fell to 2 m or below","Structural damage magnitude for one agent, with an explicit recovery trajectory."
10.1016/j.isprsjprs.2021.06.016,2021,Instance segmentation of fallen trees in aerial color infrared imagery using active multi-contour evolution with fully convolutional network-based intensity priors,Isprs Journal of Photogrammetry and Remote Sensing,RQ3,active multi-contour evolution over fully convolutional network semantic segmentation to segment individual fallen stems,high-resolution aerial colour infrared imagery,bark beetle infestation causing stem fall,"Bavarian Forest National Park, spruce",individual fallen stem,three real-world scenes of varying complexity,no,not stated in abstract,not stated in abstract,Individual-stem instance segmentation of the structural end state of an insect outbreak.
10.3390/rs13234877,2021,"Continuous Detection of Forest Loss in Vietnam, Laos, and Cambodia Using Sentinel-1 Data",Remote Sensing,RQ3,"shadow-based forest loss detection from radar, weekly maps over 750,000 km2",Sentinel-1 SAR,"forest loss, agent not identified","Vietnam, Laos, Cambodia forest",minimum mapping unit 0.1 ha,estimated accuracies with a stated minimum mapping unit,no,user's and producer's accuracy,user's accuracy 0.95 disturbance and 0.99 intact; producer's accuracy 0.90 disturbance and 0.99 intact,"Best-documented radar disturbance accuracies in the set, but the class is loss, not agent."
10.1109/jstars.2021.3069159,2021,Multisensor Data Fusion for Improved Segmentation of Individual Tree Crowns in Dense Tropical Forests,IEEE Journal of Selected Topics in Applied Earth Observations and Remote Sensing,RQ3,"ALS point cloud clustering combined with a spectral deep learning model for crown segmentation, then repeat-survey mortality mapping","airborne laser scanning, multispectral and hyperspectral","tree mortality, agent not identified","dense tropical forest, French Guiana",individual tree crown,"manually segmented reference crowns, congruence threshold 0.5",no,crown recognition accuracy,83%,"Fusing structure with spectra improved crown segmentation over structure alone, which bounds mortality tracking accuracy."
10.1111/2041-210x.13726,2021,Tracking the temporal dynamics of insect defoliation by high‐resolution radar satellite data,Methods in Ecology and Evolution,RQ3,"canopy development index from the ratio of backscatter intensity between two polarisations, validated against optical and terrestrial measurements","Sentinel-1 radar, Sentinel-2 for validation","gypsy moth (Lymantria dispar), densities experimentally manipulated",mixed-oak forest,"stand, replicated experimental units","replicated field experiment manipulating insect densities, radar validated against optical and terrestrial data",no,not stated in abstract,not stated in abstract,"The strongest radar-and-insect record in the set. Radar tracks the defoliation-refoliation trajectory of one insect under experimental density manipulation. Still one agent, so it does not attribute between agents."
10.3390/f12091145,2021,Mapping Boreal Forest Spruce Beetle Health Status at the Individual Crown Scale Using Fused Spectral and Structural Data,Forests,RQ2;RQ3,"fusion of UAV multispectral with structure-from-motion point clouds and G-LiHT hyperspectral and lidar, discriminating three health statuses","UAV multispectral 6 cm plus SfM point cloud, G-LiHT hyperspectral and lidar",spruce bark beetle,"boreal spruce, Alaska",individual crown,not stated in abstract,no,not stated in abstract,not stated in abstract,"Three-class health status, non-infested, green attack and dead, from fused spectral and structural data. Closest published design to a structure-plus-spectra classifier on one host, but the classes are attack stages of one agent, not two agents."
10.3390/rs13030383,2021,Detection of Forest Windstorm Damages with Multitemporal SAR Data - A Case Study: Finland,Remote Sensing,RQ3,"three candidate methods for localising damage, assessing severity and estimating damaged area from multitemporal SAR",spaceborne C-band SAR,windstorm,Finnish forest,not stated,not stated in abstract,no,not stated in abstract,not stated in abstract,"States the core confusion problem for radar: severe windthrow can affect backscatter similarly to clear cutting, while small damage can raise neighbouring backscatter. That is a direct warning about radar-based agent attribution."
10.3390/rs13142773,2021,Measuring the Contribution of Leaves to the Structural Complexity of Urban Tree Crowns with Terrestrial Laser Scanning,Remote Sensing,RQ3,"box-dimension from TLS point clouds in leaf-on and leaf-off conditions, plus algorithmic defoliation of leaf-on clouds",terrestrial laser scanning,"defoliation, imposed algorithmically","Gleditsia triacanthos, Quercus macrocarpa, Metasequoia glyptostroboides, 45 trees on a university campus",individual tree,paired leaf-on and leaf-off scans of the same trees,"yes, 45 trees across three species",box-dimension difference,leaf-on box-dimension significantly greater than leaf-off across all species,"Mechanistic evidence that foliage loss changes a lidar structural complexity metric. Trees are urban campus specimens, not stand-grown."
10.1038/s41598-021-90576-x,2021,Impact of a tropical forest blowdown on aboveground carbon balance,Scientific Reports,RQ3,ultra-high-density drone lidar quantifying aboveground carbon density and gap size-frequency change,drone lidar,blowdown,"lowland rain forest, Costa Rica","landscape, canopy-height transition matrix",not stated in abstract,no,aboveground carbon density change,blowdown decreased ACD by at least 17.6%,Structural fingerprint of a single wind event including a change in the gap size distribution.
10.3390/rs13153042,2021,Use of TanDEM-X and SRTM-C Data for Detection of Deforestation Caused by Bark Beetle in Central European Mountains,Remote Sensing,RQ3,"differencing of two global DEMs to detect canopy height loss, validated against a lidar-derived DSM","TanDEM-X and SRTM-C interferometric DEMs, lidar DSM as reference",bark beetle,"Central European mountain spruce, Bohemian Forest, Erzgebirge, Giant Mountains",30 m and 90 m pixel,lidar-derived digital surface model as reference,no,vertical bias,"not extracted, reported as vertical bias relative to canopy height","Radar interferometric canopy height, not backscatter, used to detect insect-caused deforestation. A distinct radar route to a structural signal."
10.3390/rs13030436,2021,Stand Delineation of Pinus sylvestris L. Plantations Suffering Decline Processes Based on Biophysical Tree Crown Variables: A Necessary Tool for Adaptive Silviculture,Remote Sensing,RQ3,"random forest with Gini selection over vegetation indices and ALS metrics to map crown pigment and leaf area index, then stand delineation","WorldView-2 multispectral, airborne laser scanning",pests and drought causing defoliation and mortality,"Pinus sylvestris plantation, southern Spain",tree crown and stand,not stated in abstract,no,not stated in abstract,chlorophyll a and b significantly higher in non-defoliated and moderately defoliated trees,Structure and spectra combined for a defoliation gradient. Agents are named jointly and not separated.
10.3390/f12091188,2021,Analysis of Forest Stand Resistance to Insect Attack According to Remote Sensing Data,Forests,RQ2,spectral transfer function of NDVI response to land surface temperature as a resistance indicator,TERRA and AQUA MODIS NDVI and land surface temperature,Siberian silk moth (Dendrolimus sibiricus),"fir stands, Krasnoyarsk taiga",test site,adjacent intact fir stands as comparison,no,not stated in abstract,not stated in abstract,"Damaged and intact stands of one host compared, one insect agent."
10.1016/j.jag.2021.102624,2021,"Prediction of butt rot volume in Norway spruce forest stands using harvester, remotely sensed and environmental data",International Journal of Applied Earth Observation and Geoinformation,RQ2,"random forest models with pre-harvest and post-harvest predictor sets over 186,026 harvested stems","remote sensing derived height, environmental and climate data, harvester records","butt rot, a fungal pathogen","Picea abies, Norway",stand,"two predictor scenarios, theoretical and mapping case",no,not stated in abstract,remote sensing-based height and harvested volume among the most important predictors,"Uses an operational record as the label source at stand support, a close design analogue to using aerial overview survey polygons."
10.3390/rs13173387,2021,Elevation and Distribution of Freshwater and Sewage Canals Regulate Canopy Structure and Differentiate Hurricane Damages to a Basin Mangrove Forest,Remote Sensing,RQ3,spatial regression of hurricane-induced canopy height reduction on pre-hurricane structure and hydrological setting,airborne lidar before and after,"two consecutive hurricanes, 2017","basin mangrove forest, Puerto Rico",landscape pixel,not stated in abstract,no,not stated in abstract,not stated in abstract,Structure both predicts and records damage from one agent.
10.14214/sf.10600,2021,Contribution of woody elements to tree level reflectance in boreal forests,Silva Fennica,RQ3,"spectral mixture analysis with a physically-based forest reflectance model, using measured bark, needle and leaf spectra","airborne hyperspectral, airborne laser scanning, field spectroscopy","insect defoliation, discussed as an application","Scots pine, Norway spruce and birch plots, Finland",individual tree and plot,field and laboratory spectral measurements,no,not stated in abstract,not stated in abstract,"Quantifies how much of a crown's reflectance comes from woody rather than foliar elements, which bounds how far a spectral defoliation signal can be pushed."
10.1109/tgrs.2021.3090831,2021,Guided Nonlocal Means Estimation of Polarimetric Covariance for Canopy State Classification,IEEE Transactions on Geoscience and Remote Sensing,RQ3,guided nonlocal means estimation of polarimetric covariance matrices at single-look complex resolution,polarimetric SAR with a coregistered optical image as guide,"defoliation and tree death, agent not named","forest, not stated",single-look complex pixel,not stated in abstract,no,"class separation, described qualitatively",improved separation of live from defoliated and dead forest,"Radar canopy state classification into live, defoliated and dead. Three condition classes, no agent labels."
10.1080/22797254.2021.1982407,2021,Application of Sentinel-1 radar data for mapping ice disturbance in a forested area,European Journal of Remote Sensing,RQ3,"eXtreme Gradient Boosting on four combinations of backscatter, polarimetric descriptors, interferometric coherence and optical variables","Sentinel-1 SAR, optical imagery, orthophoto reference","ice storm, 2014","Borzsony Mountains forest, Hungary",damaged patch,three types of field-based reference data plus manual delineation from pre and post-event orthophotos,no,under and over-estimation of damage class area,uprooted trees identified with 1 to 11% underestimation; crown loss with 55 to 58% overestimation,"Sharpest available result on what radar can and cannot resolve within one agent: uprooting yes, crown loss no. Directly bears on whether a radar predictor could separate defoliation-type from mortality-type damage."
10.1109/ingarss51564.2021.9792116,2021,Identification of Bark Beetle Infestation in Part of Bohemian Forest using Sentinel-1 Time Series Insar,2021 IEEE International India Geoscience and Remote Sensing Symposium (InGARSS),RQ3,time series SAR interferometric coherence compared between infested and non-infested forest,Sentinel-1 InSAR coherence,bark beetle,Bohemian Forest spruce,not stated,not stated,no,none reported,"lower coherence in infested regions, no accuracy figure",Two-page conference paper. Directional result only.
10.5194/egusphere-egu21-11046,2021,Mind the gap: New insights on large-scale forest dynamics over Amazonian forests from airborne lidar and canopy gap data,not stated,RQ2;RQ3,multi-temporal airborne lidar with a link between canopy gaps and canopy mortality,airborne lidar,"tree mortality, agent not identified",Amazonian tropical forest,gap object,not stated,no,not stated,not stated,Conference abstract. States that detection and attribution of tree mortality by remote sensing has developed in temperate forests but not tropical ones.
10.5194/egusphere-egu21-4365,2021,Tracking tree mortality across sites with repeat LiDAR data,not stated,RQ3,canopy height maps from repeat lidar to detect structural change and large-tree mortality,repeat airborne lidar,"tree mortality, agent not identified",multiple countries and forest types,landscape,"explicitly identified as a challenge, standing dead trees may be missed",no,not stated,not stated,Conference abstract. Names validation of repeat-lidar mortality as an unsolved problem.
10.3390/rs12213634,2020,Monitoring Bark Beetle Forest Damage in Central Europe. A Remote Sensing Approach Validated with Field Data,Remote Sensing,RQ1;RQ3,"two change-detection models for damage and severity, requiring a prior forest mask and dominant species map",Sentinel-2,spruce bark beetle (Ips typographus),"Norway spruce, Czech Republic",pixel,validated with field data,no,not stated in abstract,not stated in abstract,"Requires a species mask before damage mapping, the same sequencing this project needs to hold host constant."
10.3390/rs12213570,2020,Earth Observation Based Monitoring of Forests in Germany: A Review,Remote Sensing,RQ2,review of Earth observation based forest monitoring in Germany,multiple (review),"storm, drought, heat, bark beetle mass reproduction",German forest,not applicable,"not applicable, review",no,not applicable,not applicable,Frames drought and bark beetle as a cascade rather than as competing agents.
10.1088/1748-9326/aba136,2020,Aboveground carbon loss associated with the spread of ghost forests as sea levels rise,Environmental Research Letters,RQ3,repeat lidar with multi-temporal satellite imagery and field biomass to map ghost forest spread and carbon change,"repeat airborne lidar, satellite imagery, field biomass",saltwater intrusion from sea level rise,"coastal forest, North Carolina",landscape,field measurements of aboveground biomass,no,area converted,15% (167 km2) of unmanaged public land changed from coastal forest to transition ghost forest between 2001 and 2014,"Repeat lidar tracks a slow, non-stand-replacing mortality process, the regime an adelgid signal sits in."
10.1002/ecs2.3156,2020,Application of multidimensional structural characterization to detect and describe moderate forest disturbance,not stated,RQ1;RQ3,lidar-derived canopy structural traits within a machine learning framework to detect and describe structural change by agent,terrestrial lidar,"moderate severity fire, ice storm damage, age-related senescence, hemlock woolly adelgid, beech bark disease, chronic acidification","multiple, one host per agent",plot and canopy,"no replication among disturbances, stated by the authors as a limitation",no,"none reported, described structurally",no classification accuracy reported; two of six agents significantly reduced leaf area,"CENTRAL RECORD FOR RQ3. Six named disturbance agents, including two biotic pests, characterised structurally from lidar. Abstract states verbatim that fire and ice storms primarily affected the amount and position of vegetation within canopies, while acidification, senescence, pathogen, and insect infestation altered canopy arrangement and complexity, and that findings are limited in their generalizability due to lack of replication among disturbances. Each agent sits on a different host, and no classifier accuracy is reported, so it is a descriptive multi-agent structural comparison rather than an attribution model. The 2019 preprint of the same study, doi 10.20944/preprints201911.0082.v1, is titled 'Multidimensional Structural Characterization is Required to Detect and Differentiate Among Moderate Disturbance Agents' and its abstract states verbatim that the authors used lidar-derived canopy structural measured within a machine learning framework to detect and differentiate among various disturbance agents, and that standard disturbance detection methods, such as optical based remote sensing platforms, may currently be limited in their ability to detect, differentiate, and characterize disturbance."
10.1016/j.rse.2020.111853,2020,"A multi-sensor, multi-scale approach to mapping tree mortality in woodland ecosystems",not stated,RQ1;RQ3,"multi-scale fusion, UAV imagery for tree-level mortality, airborne lidar for crown mapping and percent canopy mortality, Landsat for regional upscaling","UAV centimetre imagery, airborne lidar, Landsat","drought, invasive insect outbreaks, pathogens, not separated","pinon-juniper woodland, southeastern Utah","individual tree, crown, Landsat pixel",not stated in abstract,no,mortality extent,"39% of pinon-juniper in the region showed some level of mortality, patches exceeding 50%",Same region and label environment as Campbell et al. 2023. States that the explanatory power of the mortality driver model was low.
10.5194/isprs-annals-v-2-2020-203-2020,2020,CLASSIFICATION OF TREE SPECIES AND STANDING DEAD TREES BY FUSING UAV-BASED LIDAR DATA AND MULTISPECTRAL IMAGERY IN THE 3D DEEP NEURAL NETWORK POINTNET++,"ISPRS Annals of the Photogrammetry, Remote Sensing and Spatial Information Sciences",RQ3,"PointNet++ 3D deep neural network on fused lidar geometry, echo pulse width and multispectral features","UAV lidar, multispectral imagery",pest infestation causing standing dead trees,"pine, birch, alder",individual tree,not stated in abstract,no,not stated in abstract,not stated in abstract,Standing dead trees classified alongside species from fused structure and spectra.
10.1016/j.foreco.2019.117826,2020,Influence of selected habitat and stand factors on bark beetle Ips typographus (L.) outbreak in the Białowieża Forest,not stated,RQ2;RQ3,"individual dead tree detection from ALS and multispectral imagery, then analysis of habitat and stand factors on infestation","airborne laser scanning, multispectral imagery, digital forest maps",Ips typographus,"Picea abies, Bialowieza Forest, 62,000 ha",individual tree,not stated in abstract,no,not stated in abstract,not stated in abstract,"Large-area individual-tree detection using lidar plus spectra, then stand-factor modelling of which trees were attacked."
10.1016/j.jag.2020.102206,2020,Mapping forest windthrows using high spatial resolution multispectral satellite images,International Journal of Applied Earth Observation and Geoinformation,RQ3,comparison of two multispectral constellations for windthrow mapping across acquisition timings,"Sentinel-2, PlanetScope",windthrow,European forest,not stated,not stated in abstract,no,not stated in abstract,not stated in abstract,"Notes that wind damage acts indirectly through secondary insect outbreaks and fires, a compound-agent problem."
10.1093/forestry/cpaa043,2020,Satellite open data to monitor forest damage caused by extreme climate-induced events: a case study of the Vaia storm in Northern Italy,Forestry: An International Journal of Forest Research,RQ3,classification of storm damage from optical and radar open data,"Sentinel-1 SAR, Sentinel-2",Vaia storm 2018,Northern Italian forest,not stated,not stated in abstract,no,overall accuracy,up to 86 percent with Sentinel-2; optical use hampered by persistent cloud,"Optical wins on accuracy but loses on availability, the standard trade-off that motivates radar."
10.3390/rs12183061,2020,Continuous Forest Monitoring Using Cumulative Sums of Sentinel-1 Timeseries,Remote Sensing,RQ3,cumulative sums applied to Sentinel-1 time series for continuous change detection,Sentinel-1 SAR,"forest degradation and destruction, agent not identified",not stated,pixel,not stated in abstract,no,not stated in abstract,not stated in abstract,Radar analogue of the optical continuous change detection family.
10.3390/rs12081304,2020,Detecting Change in Forest Structure with Simulated GEDI Lidar Waveforms: A Case Study of the Hemlock Woolly Adelgid (HWA; Adelges tsugae) Infestation,Remote Sensing,RQ1;RQ3,"GEDI waveforms simulated from two airborne lidar acquisitions, waveform metric change regressed on field hemlock mortality","airborne lidar (NASA G-LiHT and NEON AOP), simulated GEDI spaceborne lidar",hemlock woolly adelgid (Adelges tsugae),"eastern hemlock (Tsuga canadensis), Harvard Forest ForestGEO","plot, GEDI footprint",field-derived hemlock mortality as reference; robustness tested with added noise and sparse coverage,no,variance explained in a logistic regression,changes in midstory plant area (PAI 11 to 12 m) and canopy permeability (RH10) accounted for 60% of the variation in hemlock mortality,"CENTRAL RECORD FOR RQ1 AND RQ3. The abstract states verbatim that the insect often causes its host species to defoliate in the midstory and understory before showing impacts in the overstory, and that active sensing can address this by penetrating canopy gaps and recording lower canopy structural changes. This is the published rationale for a structural adelgid signal, on the eastern adelgid, and it is not in references.bib."
10.3390/rs12152435,2020,Urban Tree Health Classification Across Tree Species by Combining Airborne Laser Scanning and Imaging Spectroscopy,Remote Sensing,RQ3,"random forest classification of field-assessed defoliation and discoloration classes from fused structure and spectra, several scenarios compared","airborne laser scanning, hyperspectral imagery","declining tree health, agent not identified",multiple urban tree species,individual tree,"field-assessed health indicators, scenario comparison",no,not stated in abstract,not stated in abstract,"Tests whether structure adds to spectra for health classification across heterogeneous species, the same ablation this project plans."
10.1016/j.rse.2019.111482,2020,eDaRT: The Ecosystem Disturbance and Recovery Tracker system for monitoring landscape disturbances and their cumulative effects,not stated,RQ2,"automated Landsat-based disturbance and recovery tracking system, operational since 2012",Landsat,"landscape disturbances, cumulative effects",USDA Forest Service Pacific Southwest Region,Landsat pixel,not stated in abstract,no,not stated in abstract,not stated in abstract,"An operational agency system, the class of prior art a management-facing claim has to sit against."
10.1002/jbio.202000420,2020,Bark beetles as lidar targets and prospects of photonic surveillance,Journal of Biophotonics,RQ3,"laboratory characterisation of beetle light scattering, wing thickness and wingbeat frequency, then field entomological lidar with a controlled release",entomological lidar,Ips typographus,"spruce forest, Sweden",individual insect in flight,controlled bark beetle release event,no,not stated in abstract,not stated in abstract,"Lidar detects the insect itself rather than the damage, and the abstract states that the measured parameters can infer target identity in lidar data. A different route to agent identity from canopy structure."
10.3390/rs12213554,2020,Postfire Tree Structure from High-Resolution LiDAR and RBR Sentinel 2A Fire Severity Metrics in a Pinus halepensis-Dominated Burned Stand,Remote Sensing,RQ3,"UAV lidar tree structure measured six months post-fire, compared against a Sentinel-2 relativized burn ratio severity metric","UAV lidar, Sentinel-2",wildfire,"Pinus halepensis, southeast Spain",individual tree and stand,not stated in abstract,no,not stated in abstract,not stated in abstract,"States the core structural argument, that optical sensors have limited ability to penetrate the canopy down to the ground and lidar can overcome this."
10.1038/s41467-020-17214-4,2020,Reply to “Height-related changes in forest composition explain increasing tree mortality with height during an extreme drought”,Nature Communications,RQ3,"re-analysis of tree-level mortality for about 1.8 million trees, controlling for forest type and topographic position",airborne remote sensing derived tree heights and mortality,extreme drought,"Sierra Nevada, ten forest types","individual tree over 40,000 ha",stratified re-analysis across ten topographic positions and ten forest types,no,height-mortality trend,consistent upward trend in mortality rate with increasing tree height in all strata,"Structure predicts which trees die under one agent, at very large sample size. Also warns that plot-based sampling undersamples tall trees."
10.1016/j.rse.2020.111729,2020,Allometry and structural volume change of standing dead southern pine trees using non-destructive terrestrial LiDAR,not stated,RQ3,non-destructive terrestrial lidar quantification of standing dead tree structural volume by decay class,terrestrial laser scanning,"disturbance-caused mortality, agent not identified",southern pine,individual standing dead tree,not stated in abstract,no,not stated in abstract,not stated in abstract,"Structural decay trajectory of dead trees, which determines how long a mortality signal persists in a structural predictor."
10.3390/rs12121906,2020,Stress Detection in New Zealand Kauri Canopies with WorldView-2 Satellite and LiDAR Data,Remote Sensing,RQ3,crown-level stress grading from pan-sharpened satellite multispectral with lidar crown height model for crown delineation,"WorldView-2, airborne lidar",kauri dieback (Phytophthora agathidicida),New Zealand kauri (Agathis australis),"individual crown, 1089 reference crowns",fieldwork and aerial image interpretation of 1089 crowns,no,effect of crown size on classification,excluding crowns under 4 m diameter increased performance; crowns under 4 m caused most outliers at 1.8 m pixel size,"Quantifies how crown size relative to pixel size limits stress detection, directly relevant to small adelgid polygons."
10.3390/f11121239,2020,A Deep Learning Approach for Calamity Assessment Using Sentinel-2 Data,not stated,RQ3,convolutional neural networks with GIS for calamity assessment against forest department storm damage labels,"Sentinel-2, twelve scenes","storm (Friedericke, January 2018), with subsequent bark beetle degradation noted","Hessen forest, Germany",pixel,labels provided by the state forest service,no,not stated in abstract,not stated in abstract,"Uses an agency damage layer as ground truth, the same label-provenance issue this project carries."
10.3390/rs12081341,2020,"Ash Presence and Abundance Derived from Composite Landsat and Sentinel-2 Time Series and Lidar Surface Models in Minnesota, USA",Remote Sensing,RQ3,Landsat and Sentinel-2 phenological time series with lidar-derived topographic position to classify host species presence and abundance,"Landsat, Sentinel-2, lidar surface models","emerald ash borer (Agrilus planipennis), as the threat motivating host mapping","Fraxinus spp., Minnesota",pixel,not stated in abstract,no,not stated in abstract,not stated in abstract,Lidar topographic position improves host mapping rather than damage mapping.
10.5194/isprs-annals-v-3-2020-525-2020,2020,SPATIAL PROCESSING OF SENTINEL IMAGERY FOR MONITORING OF ACACIA FOREST DEGRADATION IN LAKE NAKURU RIPARIAN RESERVE,"ISPRS Annals of the Photogrammetry, Remote Sensing and Spatial Information Sciences",RQ3,correlation of optical vegetation indices with radar backscatter indices for degradation classification,"Sentinel-1 GRD dual polarised, Sentinel-2 MSI","tree degradation, agent not identified","acacia, Lake Nakuru riparian reserve",not stated,not stated in abstract,no,not stated in abstract,not stated in abstract,Optical and radar treated as correlated rather than complementary.
10.1109/igarss39084.2020.9323599,2020,Polarimetric Guided Nonlocal Means Covariance Matrix Estimation for Defoliation Mapping,IEEE International Geoscience and Remote Sensing Symposium,RQ3,"guided nonlocal means polarimetric covariance estimation preserving single-look complex resolution, then random forest classification","RADARSAT-2 quad-polarimetric SAR, aerial photographs for reference",defoliation and tree death in the tundra-forest ecotone,"tundra-forest ecotone trees, species not stated",single-look complex pixel,four live-forest and four dead-tree areas identified from aerial photographs,"yes, four areas per class",classification accuracy,over 99.7%,"Highest reported radar accuracy in the set for a live versus dead canopy state, on sparse trees with strong ground contrast. Not an agent classification and the class geometry is extreme."
10.5194/egusphere-egu2020-19901,2020,Mapping forest natural disturbances dynamics in the Aosta Valley (Italy) through long-term trends derived from Landsat time series and innovative statistical approaches,not stated,RQ2;RQ3,"long-term Landsat time series trends with geometric median annual composites and spectral index trajectories, agents assigned","Landsat TM, ETM+ and OLI, 1985 to 2019","wildfires, windthrows, snow avalanches, landslides and insect outbreaks","Aosta Valley forest, Italy",pixel,not stated,no,not stated,not stated,"Conference abstract. Five-agent optical attribution, but the agents differ in season, spatial pattern and terrain position."
10.3390/rs11192326,2019,A Convolutional Neural Network Classifier Identifies Tree Species in Mixed-Conifer Forest from Hyperspectral Imagery,Remote Sensing,RQ3,pixel-based convolutional neural network on hyperspectral imagery with three-dimensional structural information from lidar,"airborne hyperspectral, airborne lidar","mortality, agent not identified","seven conifer species plus dead standing trees, Sierra Nevada",pixel,"spatially explicit transects and plots split into training, validation and testing",no,not stated in abstract,not stated in abstract,"Includes a spatially explicit train, validate and test split, an unusually careful design in this set."
10.1016/j.scitotenv.2018.12.208,2019,Massive tree mortality from flood pulse disturbances in Amazonian floodplain forests: The collateral effects of hydropower production.,Science of the Total Environment,RQ3,object-based image analysis with random forest supervised classification of 56 SAR scenes at different flood levels,ALOS PALSAR L-band SAR,flood pulse alteration from hydropower damming,"igapo black-water floodplain forest, Central Amazon","object, 9800 km2 mapped",not stated in abstract,no,overall accuracy,87.2%,"One of the few radar mortality mapping studies with a stated overall accuracy. L-band, not C-band."
10.3390/rs11020115,2019,Rapid Detection of Windthrows Using Sentinel-1 C-Band SAR Data,Remote Sensing,RQ3,composite of pre and post-storm terrain-corrected SAR acquisitions then windthrow detection,Sentinel-1 C-band VV and VH,storm windthrow,"mixed temperate forest, Switzerland and northern Germany",not stated,two independent study areas,no,not stated in abstract,not stated in abstract,"Rapid-response radar windthrow detection, the standard C-band use case."
10.3390/rs11161899,2019,Detecting Forest Changes Using Dense Landsat 8 and Sentinel-1 Time Series Data in Tropical Seasonal Forests,Remote Sensing,RQ3,random forest predicting per-observation disturbance probability from harmonic regression residuals of optical and radar time series,"Landsat 8, Sentinel-1","forest disturbance, various",tropical seasonal forest,observation and pixel,not stated in abstract,no,not stated in abstract,not stated in abstract,"Hybrid optical and radar time series with a machine learning fusion, the design family this project would sit in."
10.1016/j.rse.2019.111233,2019,Remote sensing of forest die-off in the Anthropocene: From plant ecophysiology to canopy structure,Remote Sensing of Environment,RQ2;RQ3,"review linking drought-induced changes in plant physiology, chemistry and structure to remote sensing observables","multiple, including structural sensors (review)","drought, insect and pathogen outbreaks",multiple,not applicable,"not applicable, review",no,not applicable,not applicable,"The most relevant review for the mechanism this project proposes, spanning ecophysiology through to canopy structure."
10.1016/j.rse.2019.01.029,2019,Comparison and integration of lidar and photogrammetric point clouds for mapping pre-fire forest structure,Remote Sensing of Environment,RQ3,"photogrammetric point cloud from pre-fire imagery combined with a post-fire lidar terrain model, correlation structure between the two sources examined","aerial photogrammetry, airborne lidar",wildfire (2012 High Park fire),Colorado forest,pixel and stand,cross-source comparison,no,not stated in abstract,not stated in abstract,"Practical route to pre-event structure where lidar predates or postdates the disturbance, the exact timing problem a lidar-based attribution design faces."
10.1016/j.rse.2019.111264,2019,The potential of dual-wavelength terrestrial lidar in early detection of Ips typographus (L.) infestation – Leaf water content as a proxy,Remote Sensing of Environment,RQ3,dual-wavelength terrestrial lidar with leaf water content as a proxy for infestation status,dual-wavelength terrestrial lidar,Ips typographus,Norway spruce,individual tree,not stated in abstract,no,not stated in abstract,not stated in abstract,"Already cited in the survey as Junttila 2019. Lidar detects a physiological rather than a geometric change, using two wavelengths."
10.3390/rs11060709,2019,Long-Term Impacts of Selective Logging on Amazon Forest Dynamics from Multi-Temporal Airborne LiDAR,Remote Sensing,RQ3,"multi-temporal ALS estimating canopy and understory structural change, plus a binary classifier for intact versus logged",airborne laser scanning 2012 and 2014,reduced-impact selective logging,Eastern Amazon forest,"canopy and understory, plot",not stated in abstract,no,classification of intact versus logged,canopy gap frequency significantly higher in logged forests after 8 years; understory of logged areas could not be distinguished from intact,Explicit finding on which structural strata retain a disturbance signature and which do not.
10.1016/j.scitotenv.2019.06.494,2019,Synthetic aperture radar sensitivity to forest changes: A simulations-based study for the Romanian forests.,Science of the Total Environment,RQ3,"electromagnetic simulation of C-, L- and P-band SAR response to vegetation water content, leaf area index and disturbance","simulated C-, L- and P-band SAR",natural and anthropogenic disturbance including defoliation and drought,"beech, oak and coniferous forest, Romania",simulated stand,simulation study,no,modulation of the SAR signal in dB,"C-band largely influenced by foliage volume and therefore possibly useful for monitoring defoliation; water content changes modulated the C-band signal by less than 1 dB, which may be insufficient for meaningful retrieval","The strongest physical bound in the set on what a C-band predictor can carry. Says defoliation yes, water content no, and separates behaviour by wavelength."
10.1016/j.foreco.2019.03.064,2019,Intra-annual Ips typographus outbreak monitoring using a multi-temporal GIS analysis based on hyperspectral and ALS data in the Białowieża Forests,Forest Ecology and Management,RQ3,"multi-temporal GIS workflow mapping dead trees at single-tree level from hyperspectral and ALS, with timber loss estimation","airborne hyperspectral, airborne laser scanning, field inventory",Ips typographus,"Picea abies, Bialowieza Forest",individual tree,field inventories,no,not stated in abstract,not stated in abstract,Intra-annual outbreak tracking at tree level from fused structure and spectra.
10.1016/j.rse.2019.05.013,2019,Mapping forest successional stages in the Brazilian Amazon using forest heights derived from TanDEM-X SAR interferometry,Remote Sensing of Environment,RQ3,forest top height from interferometric SAR used to discriminate successional stages,TanDEM-X InSAR,natural and anthropogenic disturbance history,Brazilian Amazon forest,pixel,not stated in abstract,no,not stated in abstract,not stated in abstract,"Radar-derived height, not backscatter, discriminates disturbance-history classes. The nearest radar analogue to a structural attribution predictor."
10.1016/j.foreco.2018.12.005,2019,Combined use of spectral and structural characteristics for improved red band needle blight detection in pine plantation stands,Forest Ecology and Management,RQ2;RQ3,"comparison of spectral signatures and individual-tree lidar metrics, singly and combined, for infection detection","hyperspectral imagery, airborne lidar, leaf spectroscopy",red band needle blight (Dothistroma septosporum),lodgepole pine plantation,"individual tree, two plots",comparative study across two plots,no,separability between stands,good separation between the two pine stands using several spectral indices; combined result not extracted from abstract,"Explicitly tests whether adding structural metrics to spectra improves detection of a single pathogen on one host. The design is the ablation this project plans, with one agent instead of two."
10.1007/s40725-019-00098-z,2019,Radar Satellite Imagery for Detecting Bark Beetle Outbreaks in Forests,Current Forestry Reports,RQ3,structured review of radar for bark beetle detection with a theoretical account of radar-canopy interaction,Sentinel-1 and other radar systems (review),bark beetle,"forest, species not stated",not applicable,"not applicable, review",no,not applicable,not applicable,Already cited as Hollaus 2019. Verbatim conclusions worth quoting: mono-temporal radar data are of limited use; shorter wavelength (e.g. C-band; X-band) have a higher potential than longer wavelength such as L-band; optimal acquisition is April to June pre-event and August to October post-event.
10.20944/preprints201910.0145.v1,2019,Assessing Legacy Effects of Wildfires on the Crown Structure of Fire-Tolerant Eucalypt Trees Using Airborne LiDAR Data,Remote Sensing,RQ3,"individual tree crown metrics from airborne lidar across four wildfire severity classes, validated with field measurements","airborne lidar, field measurements","wildfire, 2009","fire-tolerant eucalypt, temperate Australia","individual tree crown, 51 plots of 0.05 ha","field-validated across unburnt, low, moderate and high severity","yes, four severity types across 51 plots",significance of structural differences,significant differences in field-assessed and lidar crown attributes across severity types,"Structural legacy still detectable 8.5 years after the event, which sets a persistence expectation for a structural signal."
10.1016/j.rse.2019.02.005,2019,Estimating prescribed fire impacts and post-fire tree survival in eucalyptus forests of Western Australia with L-band SAR data,Remote Sensing of Environment,RQ3,multi-temporal Radar Burn Ratio relating backscatter change to burn outcome and post-fire tree survival,PALSAR-2 L-band SAR,prescribed fire,"eucalypt forest, Western Australia",not stated,not stated in abstract,no,not stated in abstract,not stated in abstract,"Radar index tuned to understorey and surface fuel change, a lower-canopy signal that optical sensors miss."
10.1016/j.foreco.2019.117564,2019,Integration of WorldView-2 and airborne laser scanning data to classify defoliation levels in Quercus ilex L. Dehesas affected by root rot mortality: Management implications,Forest Ecology and Management,RQ3,"random forest on combined WorldView-2 bands, vegetation indices and ALS structural metrics to classify two defoliation levels at a 30% crown threshold","WorldView-2 multispectral, airborne laser scanning",Phytophthora root rot,"Quercus ilex dehesa, Spain",individual tree,not stated in abstract,no,not stated in abstract,"seven predictors selected from ALS metrics, WorldView-2 bands and indices","An ALS height percentile was retained alongside spectral predictors for defoliation classification in a low-density open canopy, the structural setting most like an open fir stand."
10.1016/j.foreco.2018.12.052,2019,Forest dieback processes in the Central European Mountains in the context of terrain topography and selected stand attributes,Forest Ecology and Management,RQ3,lidar and aerial imagery with terrain and stand attributes to characterise dieback patterns,"airborne lidar, aerial imagery","climate change, insect pests or pollution, explicitly not separated",Central European mountain forest,stand,not stated in abstract,no,not stated in abstract,not stated in abstract,"States plainly that dieback is characterised by high variability and is independent of whether it is caused by climate, insects or pollution, which is the null this project is testing against."
10.3390/rs11040384,2019,Boreal Forest Snow Damage Mapping Using Multi-Temporal Sentinel-1 Data,Remote Sensing,RQ3,"improved k nearest neighbour, logistic regression and support vector machine on Sentinel-1 time series",Sentinel-1 C-band SAR,"snow load damage, late 2018 event","boreal forest, northern Finland",not stated,official snow damage recordings from a large event,no,not stated in abstract,not stated in abstract,"Radar mapping of one of the least-studied abiotic agents, using an operational damage record as reference."
10.1016/j.isprsjprs.2019.03.018,2019,A new method of equiangular sectorial voxelization of single-scan terrestrial laser scanning data and its applications in forest defoliation estimation,Isprs Journal of Photogrammetry and Remote Sensing,RQ2;RQ3,equiangular sectorial voxelization of single-scan TLS with point density metrics regressed on defoliation,single-scan terrestrial laser scanning,"defoliation, agent not identified",48 plots and 1098 individual trees,individual tree and plot,linear regression against measured defoliation,no,R squared and RMSE,"R squared 0.89, RMSE 12 percent of defoliation","Among the strongest structure-to-defoliation relationships in the set, from a single scan with no multitemporal requirement."
10.1016/j.ecolind.2019.03.036,2019,Tree defoliation classification based on point distribution features derived from single-scan terrestrial laser scanning data,Ecological Indicators,RQ3,sixty point-distribution features from single-scan TLS classified into three defoliation classes at tree and plot scale,"single-scan terrestrial laser scanning, mono-temporal",pest insects in plantations,"plantation trees, species not stated",individual tree and plot,not stated in abstract,no,not stated in abstract,"three classes: healthy or slightly, moderately, and severely defoliated","Structure alone grades insect defoliation severity from a single date, which removes the need for a pre-disturbance acquisition."
10.1016/j.foreco.2019.117586,2019,Structural development following stand-replacing disturbance in a boreal mixedwood forest,not stated,RQ3,"about 7000 ALS-derived stem size distributions over a 50-year disturbance chronosequence, compared by disturbance type and species group",airborne laser scanning,"stand-replacing disturbance types, including harvest and fire","boreal mixedwood, Alberta","stand, about 7000 distributions",chronosequence,no,not stated in abstract,not stated in abstract,"Compares structural development pathways between disturbance types at large sample size. It describes differences, it does not classify agent."
10.1088/1755-1315/237/5/052004,2019,Monitoring Broadleaf Forest Pest Based on L-Band SAR Tomography,IOP Conference Series: Earth and Environment,RQ3,"simulation of L-band tomographic SAR echoes for normal and pest-affected forest, then 3D structure extraction",simulated L-band tomographic SAR (PolSAR Pro),broadleaf forest pest,"broadleaf forest, simulated",simulated 3D scene,"simulation only, no field validation",no,none reported,differences between normal and pest forest demonstrated qualitatively,Explicitly proposes monitoring forest pest by extracting 3D structural information from radar tomography. The idea exists; the demonstration is simulated only.
10.1109/igarss.2019.8900522,2019,Assessing Post-Fire Tree Mortality and Biomass Change by Integrating Lidar and Hyperspectral data,IEEE International Geoscience and Remote Sensing Symposium,RQ2;RQ3,fusion of lidar and hyperspectral with field observations across a burn severity gradient,"airborne lidar, hyperspectral, field observations",wildfire,"Pine Barrens mixed forest, eastern USA",not stated,field observations across a burn gradient,no,not stated in abstract,not stated in abstract,Structure and spectra fused for mortality and biomass change under one agent.
10.14214/df.277,2019,Utilizing multispectral lidar in the detection of declined trees,Dissertationes Forestales,RQ3,multispectral terrestrial lidar for detection and assessment of tree decline caused by different stressors,multispectral terrestrial lidar,"multiple stressors, insects and pathogens and heat",not stated in the abstract,individual tree,not stated in abstract,no,not stated in abstract,not stated in abstract,Doctoral thesis. Explicitly frames multispectral lidar as giving three-dimensional and spectral information simultaneously for decline caused by different stressors. Flagged for full-text check on whether stressors are separated.
10.1016/j.rse.2018.07.024,2018,Three decades of forest structural dynamics over Canada's forested ecosystems using Landsat time-series and lidar plots,Remote Sensing of Environment,RQ2;RQ3,lidar plot data combined with Landsat pixel composites to produce annual structure maps over three decades,"airborne lidar transect plots, Landsat time series","forest disturbance, general",Canada's forested ecosystems,"pixel, national",lidar plots as calibration and validation,no,not stated in abstract,not stated in abstract,The national Canadian structure product a British Columbia design would sit against.
10.1111/1365-2745.13076,2018,"Fire, fragmentation, and windstorms: A recipe for tropical forest degradation",Journal of Ecology,RQ3,pre and post-windstorm field mortality with airborne lidar tree heights and canopy gap metrics across a replicated burn experiment,"airborne lidar, field plots","windstorm, fire, and edge effects, interacting","southeastern Amazonian forest, three 50 ha plots","plot, individual tree over 10 cm DBH",replicated fire experiment with control and two burn frequencies,"yes, three treatment plots stated",mortality rate and mode of death,"greater windstorm damage in burned plots than control, exact figures not extracted from abstract","Rare experimental test of interaction between two disturbance agents on the same forest. Agents are wind and fire, both abiotic."
10.1088/1748-9326/aac331,2018,Quantifying long-term changes in carbon stocks and forest structure from Amazon forest degradation,Environmental Research Letters,RQ3,annual Landsat time series combined with high-density airborne lidar to quantify carbon and structural change by degradation type,"Landsat, airborne lidar","selective logging, understorey fire",Amazon frontier forest,landscape,not stated in abstract,no,carbon retention,"degraded forests contained 45.1% of the carbon stocks of intact forests, with differences persisting after 15 years of regrowth",Compares logging against fire as degradation pathways with different structural consequences.
10.1016/j.rse.2018.03.019,2018,Measuring short-term post-fire forest recovery across a burn severity gradient in a mixed pine-oak forest using multi-sensor remote sensing techniques,Remote Sensing of Environment,RQ2;RQ3,1 m simultaneous airborne imaging spectroscopy and lidar with 2 m satellite imagery to separate canopy from understory recovery,"airborne imaging spectroscopy and lidar at 1 m, satellite multispectral at 2 m","wildfire, across a burn severity gradient",mixed pine-oak forest,1 m pixel and canopy layer,not stated in abstract,no,not stated in abstract,not stated in abstract,"Uses structure specifically to remove understory contamination from a spectral recovery signal, a confound that also afflicts open fir stands."
10.1016/j.jag.2018.05.021,2018,Urban tree health assessment using airborne hyperspectral and LiDAR imagery,International Journal of Applied Earth Observation and Geoinformation,RQ3,"lidar-based tree detection and segmentation then PLSR models of chlorophyll and leaf area index from canopy spectra, with structural metrics","airborne hyperspectral, airborne lidar","declining tree health, agent not identified","broadleaved urban trees, Brussels",individual tree,field-assessed defoliation and discoloration,no,"segmentation accuracy, RMSE and R squared",tree delineation average accuracy 91%; chlorophyll RMSE 2.8 micrograms per cm2 R2 0.77; LAI RMSE 0.5 R2 0.66,Well-reported fusion workflow with explicit accuracies at each step.
10.1002/ece3.4485,2018,"The extent of mangrove change and potential for recovery following severe Tropical Cyclone Yasi, Hinchinbrook Island, Queensland, Australia",Ecology and Evolution,RQ3,foliage projective cover from Landsat with aerial and RapidEye imagery to map severe windthrow and recovery,"Landsat, RapidEye, aerial imagery","Tropical Cyclone Yasi, 2011","mangrove, Hinchinbrook Island, Queensland","landscape, 13,795 ha",not stated in abstract,no,area affected,"16% of 13,795 ha experienced severe windthrow","Damage varied by dominant species and structure, which is a host-effect confound of the type this design removes."
10.1016/j.rse.2018.03.009,2018,Detection of windthrows and insect outbreaks by L-band SAR: A case study in the Bavarian Forest National Park,not stated,RQ2;RQ3,"change detection on L-band spaceborne SAR backscatter, applied separately to wind-damaged and insect-damaged areas",L-band spaceborne SAR,windthrow and insect outbreak (bark beetle),"Bavarian Forest National Park, Norway spruce dominated",delineated damage area,not stated in abstract; accuracy ranges given by acquisition date and environmental condition,no,overall accuracy,wind damage 69 to 84%; insect outbreaks 65 to 88%; susceptible or initial green-attack areas 64 to 74%,"CENTRAL RECORD FOR RQ3, already cited as Tanase 2018. Two agents in one park on one dominant host, but the abstract reports delineation of each agent's areas separately rather than a classifier that decides between them, and one agent is abiotic. It is the closest published approach to the target design and its green-attack accuracy of 64 to 74% is the realistic ceiling for early insect detection from radar."
10.1016/j.rse.2018.06.008,2018,Mapping canopy defoliation by herbivorous insects at the individual tree level using bi-temporal airborne imaging spectroscopy and LiDAR measurements,Remote Sensing of Environment,RQ2;RQ3,"bi-temporal airborne imaging spectroscopy and lidar at 1 m, ordinary least squares models fitted from each sensor alone and combined","airborne imaging spectroscopy (hyperspectral), airborne lidar",gypsy moth (Lymantria dispar),"mixed oak-pine forest, Long Island, New York",individual tree crown,"bi-temporal, model comparison; split design not stated in abstract",no,adjusted R squared and RMSE for defoliation severity,lidar only adj. R2 0.77 RMSE 15.37%; imaging spectroscopy only adj. R2 0.63 RMSE 19.11%; combined adj. R2 0.81 RMSE 14.46%,"CENTRAL RECORD FOR RQ3. The lidar-only model outperformed the hyperspectral-only model for mapping insect defoliation at individual tree level, and the combination beat both. This establishes that structure carries insect damage information at least as well as spectra, so that part of the project's hypothesis is supported rather than novel. Named lidar metrics were B70, intensity skewness and kurtosis."
10.3390/rs10050777,2018,Characterizing Tropical Forest Cover Loss Using Dense Sentinel-1 Data and Active Fire Alerts,Remote Sensing,RQ2,"near real-time radar forest cover loss combined with active fire alerts, separating fires that predate, coincide with and postdate loss","Sentinel-1 C-band SAR, VIIRS active fire alerts",fire versus other causes of forest cover loss,"natural and plantation forest, Riau, Indonesia","medium spatial scale, high temporal detail",not stated in abstract,no,not stated in abstract,not stated in abstract,Attribution of loss to fire by relative timing rather than by signal shape. A useful precedent for using an independent agent-specific data stream as the attribution key.
10.1016/j.jag.2017.09.016,2018,Ensemble classification of individual Pinus crowns from multispectral satellite imagery and airborne LiDAR,International Journal of Applied Earth Observation and Geoinformation,RQ3,"ensemble classification of individual crowns under three schemes: lidar alone, WorldView-2 alone, and both combined","high-density airborne lidar at 160 returns per m2, WorldView-2",none; species discrimination,"Pinus sylvestris and Pinus uncinata, Barcelonnette","individual tree crown, 1.3 km2",not stated in abstract,no,classification performance across three schemes,not extracted from abstract,Closest available test of whether crown structure separates two congeneric conifers. Relevant because this project must hold host constant and needs to know how much structure varies by species alone.
10.3390/ijerph15061257,2018,Impacts of Water Stress on Forest Recovery and Its Interaction with Canopy Height,International Journal of Environmental Research and Public Health,RQ3,regional analysis of post-drought recovery paths stratified by lidar-derived canopy height and water availability,"lidar-derived canopy height, satellite vegetation records",extreme drought,"Yunnan Province forest, China",regional pixel,not stated in abstract,no,not stated in abstract,not stated in abstract,"Canopy height modifies the recovery signal after an agent, so structure is a covariate of damage response as well as a predictor of it."
10.3390/rs10020164,2018,Fusion of NASA Airborne Snow Observatory (ASO) Lidar Time Series over Mountain Forest Landscapes,Remote Sensing,RQ3,coherent merging of weekly snow-survey lidar acquisitions to build a dense multi-year point cloud time series,NASA Airborne Snow Observatory lidar,"fire, insect damage and drought, named as targets",mountain forest landscape,fine spatial scale point cloud,not stated in abstract,no,point density achieved,weekly acquisitions at about 1 point per m2 merged to about 12 points per m2,"Shows how repeat lidar can be assembled opportunistically from acquisitions flown for another purpose, which is the situation with provincial lidar coverage."
10.1088/1755-1315/169/1/012066,2018,Classification for non infected and infected ganoderma boninense of oil palm trees using ALOS PALSAR-2 backscattering coefficient,IOP Conference Series: Earth and Environment,RQ3,decision tree classification of infected versus non-infected trees from HH and HV backscatter,ALOS PALSAR-2 L-band SAR,Ganoderma boninense basal stem rot,"oil palm plantation, Malaysia",individual tree,not stated in abstract,no,not stated in abstract,not stated in abstract,"Radar backscatter alone used to classify infection status of a single host. Plantation, and the disease attacks the stem base rather than the canopy."
10.3390/f9120781,2018,Assessing the Trade-Offs of SPOT7 Imagery for Monitoring Natural Forest Canopy Intactness,Forests,RQ3,"comparison of canopy gap detection accuracy between two pan-sharpening resolutions, with NDVI and SAR tested as accuracy enhancers","SPOT7 at 5 m and 1.5 m, SAR",natural and human-induced disturbance,subtropical forest,canopy gap,not stated in abstract,no,gap detection accuracy,not extracted from abstract,Tests whether adding radar improves an optical gap product.
10.1186/s13021-017-0078-9,2017,"Current remote sensing approaches to monitoring forest degradation in support of countries measurement, reporting and verification (MRV) systems for REDD+",Carbon Balance and Management,RQ2,"review of degradation monitoring approaches, split between canopy cover change detection and biomass loss quantification","multi-resolution optical, SAR, lidar (review)",forest degradation processes,multiple,not applicable,"not applicable, review",no,not applicable,not applicable,States that no single method can monitor degradation because the answer depends on the degradation type and the observation window.
10.1016/j.jag.2017.04.004,2017,Remote sensing of forest insect disturbances: Current state and future directions,International Journal of Applied Earth Observation and Geoinformation,RQ1;RQ2;RQ3,"systematic review grouping studies into bark beetles, broadleaved defoliators and coniferous defoliators, comparing sensors and methods within and across types",multiple (review),"forest insects, three functional groups",multiple,not applicable,"not applicable, review",no,not applicable,not applicable,"CENTRAL RECORD. Senf et al. 2017. Its first stated future research direction is verbatim 'Separate insect disturbances from other agents', which is an explicit statement that the separation problem was open at that date. It also finds substantial differences between methods used for mapping bark beetles and defoliators. Not in references.bib."
10.3390/rs9121229,2017,Monitoring of Forest Structure Dynamics by Means of L-Band SAR Tomography,Remote Sensing,RQ3,"compressive sensing tomographic reconstruction of 3D reflectivity profiles, with horizontal and vertical structure indices from local maxima","L-band tomographic SAR, simulated and experimental","forest structural change, types simulated","forest, simulated and experimental site",3D voxel profile,simulated and real scenarios compared,no,index sensitivity and consistency,not extracted from abstract,"Radar tomography producing explicit horizontal and vertical structure indices, the closest radar analogue to lidar structural metrics."
10.3390/f8070251,2017,Using Intra-Annual Landsat Time Series for Attributing Forest Disturbance Agents in Central Europe,not stated,RQ2,"breakpoint detection on all available Landsat observations 1984 to 2016, then classification of four disturbance classes from spectral, temporal and topographic metrics",Landsat intra-annual time series,"windthrow, cleared windthrow, bark beetles, other harvest","Central European forest, three sites, managed and protected",pixel and patch,"three sites, design not further stated in abstract",no,overall accuracy,76 to 86%,"Seed study, cited as Oeser 2017. Two of the four classes are the same agent in different management states. The abstract states verbatim that temporal proximity to storm events was among the most important predictors and that elevation information was very effective for discriminating disturbance agents, so a substantial part of the discrimination comes from site and timing rather than from the damage signature itself."
10.3390/rs9030231,2017,Individual Tree Crown Delineation from Airborne Laser Scanning for Diseased Larch Forest Stands,Remote Sensing,RQ3,comparison of marker-controlled watershed and region growing crown segmentation across infection levels,airborne laser scanning canopy height models,Phytophthora ramorum,"larch, Wales",individual tree crown,sample plots at two sites across a range of infection levels,no,segmentation performance,not extracted from abstract,Shows that disease-induced canopy irregularity degrades the crown segmentation that a tree-level structural analysis depends on. A methodological warning for this project.
10.3390/f8090322,2017,Prediction of Forest Canopy and Surface Fuels from Lidar and Satellite Time Series Data in a Bark Beetle-Affected Forest,not stated,RQ3,"random forest predicting field-measured canopy and surface fuels from lidar and Landsat time series, with correlation against mortality severity","airborne lidar, Landsat time series","mountain pine beetle (Dendroctonus ponderosae), six years post-outbreak","coniferous montane forest, Colorado",field plot and pixel,not stated in abstract,no,variance explained,"59% available canopy fuel, 48% canopy bulk density, 35% canopy base height, 70% for the fourth attribute","Quantifies how much structural variation lidar plus optical explains six years after an insect outbreak, which is a realistic expectation for a lagged structural signal."
10.3389/fpls.2017.01256,2017,Episodic Canopy Structural Transformations and Biological Invasion in a Hawaiian Forest,Frontiers in Plant Science,RQ3,multi-temporal high-resolution lidar quantifying near-decadal net change in canopy height and gap distribution,"airborne lidar, multi-temporal","drought, host-specific insect outbreak (Scotorythra paludicola), invasive species","Hawaiian sub-montane native forest, Mauna Kea",landscape,not stated in abstract,no,net canopy height change,"net loss in average canopy height, exact value not extracted from abstract","Three interacting drivers including a host-specific insect, observed structurally. The drivers are described together, not separated."
10.5194/isprs-archives-xlii-3-w3-81-2017,2017,Measuring leaf water content using multispectral terrestrial laser scanning,not stated,RQ3,multispectral terrestrial laser scanning intensity ratios regressed on measured leaf water content,"multispectral terrestrial laser scanning at 690, 905 and 1550 nm","tree stress preceding drought, insect and pathogen damage","Norway spruce seedlings, greenhouse",seedling,controlled greenhouse conditions,no,variance explained and prediction accuracy,"a ratio of 905 nm and 1550 nm explained 84% of variation in leaf water content, prediction accuracy 0.0041 g per cm2",Establishes the physical mechanism behind dual-wavelength lidar stress detection under controlled conditions.
10.1002/ecs2.1366,2016,Remote sensing of seasonal changes and disturbances in mangrove forest: a case study from South Florida,not stated,RQ3,"four vegetation indices from 150 Landsat scenes with lidar, separating seasonal variation from episodic disturbance","Landsat TM 1985 to 2011, lidar",hurricanes and chilling events,"mangrove, South Florida",landscape,not stated in abstract,no,index performance,normalized difference moisture index performed best; chilling and hurricane damage showed distinct spatial patterns,"Two abiotic agents on one forest type distinguished by spatial pattern rather than by spectral signature, and separated from a seasonal cycle. The spatial-pattern route is a viable alternative to a signature-based route."
10.3390/rs8030217,2016,"Forest Disturbances and Regrowth Assessment Using ALOS PALSAR Data from 2007 to 2010 in Vietnam, Cambodia and Lao PDR",Remote Sensing,RQ3,expectation maximisation change detection on L-band SAR mosaics for disturbance and regrowth,ALOS PALSAR L-band mosaic 2007 to 2010,deforestation and degradation,"tropical forest, Vietnam, Cambodia, Lao PDR",mosaic pixel,"training and testing database, described as reliable",no,not extracted from abstract,not extracted from abstract,"L-band chosen because intensity is sensitive to biomass loss, the opposite trade-off from C-band foliage sensitivity."
10.3390/rs8100839,2016,Post-Fire Changes in Forest Biomass Retrieved by Airborne LiDAR in Amazonia,Remote Sensing,RQ3,airborne lidar quantification of post-fire canopy height and biomass change with 25 inventory plots,"airborne lidar, field inventory","understorey fire, 2005 and 2010 events","western Amazonia forest, Acre","0.25 ha plot, 25 plots",field inventory in 2014,no,not extracted from abstract,not extracted from abstract,Fire histories five years apart give a structural recovery gradient from a single agent.
10.1371/journal.pone.0152883,2016,The Impact of Fine-Scale Disturbances on the Predictability of Vegetation Dynamics and Carbon Flux,PLoS ONE,RQ3,repeat lidar used to test the effect of fine-scale disturbance on the predictability of vegetation dynamics and carbon flux,repeat lidar,"fine-scale disturbance, plus cyclones, fire and pest outbreaks as contrast",not stated,landscape,not stated in abstract,no,not stated in abstract,not stated in abstract,"Argues that small frequent disturbances may matter as much as large extreme events, which is the severity regime of the adelgid record."
10.14358/pers.82.8.645,2016,"Remote Sensing of Tamarisk Biomass, Insect Herbivory, and Defoliation: Novel Methods in the Grand Canyon Region, Arizona",not stated,RQ3,"classification of host distribution and beetle defoliation from 0.2 m airborne multispectral, with lidar biomass estimation","airborne multispectral at 0.2 m, airborne lidar at 100 points per m2","northern tamarisk beetle (Diorhabda carinulata), a deliberately introduced biocontrol agent","tamarisk (Tamarix spp.), Glen Canyon",individual shrub and area,not stated in abstract,no,overall accuracy of defoliation estimate,"86 percent; mean leaf biomass loss 0.52 kg per m2, 25,692 kg across the study area",Combines a spectral defoliation map with a lidar biomass model to convert defoliation into mass loss.
10.3832/ifor1712-008,2016,Development of monitoring methods for Hemlock Woolly Adelgid induced tree mortality within a Southern Appalachian landscape with inhibited access,not stated,RQ1;RQ3,semi-automatic mapping of conifer patches including living hemlock and adelgid-caused mortality from aerial data,"aerial imagery, further sensors not stated in abstract",hemlock woolly adelgid (Adelges tsugae),eastern hemlock (Tsuga canadensis) and Carolina hemlock (Tsuga caroliniana),patch,not stated in abstract,no,not stated in abstract,not stated in abstract,"Directly relevant to RQ1. Emphasises that the landscape carries several other conifer species, so the host must be isolated before the agent can be mapped, the same sequencing this project requires."
10.1088/1748-9326/10/3/034014,2015,Mapping dynamics of deforestation and forest degradation in tropical forests using radar satellite data,not stated,RQ3,detection algorithm on L-band backscatter allowing repeated disturbance on the same land and separating slow from fast recovery,ALOS PALSAR L-band SAR,"deforestation, degradation from selective logging, successional dynamics","tropical forest, Madre de Dios, Peru",pixel,false positive rate reported,no,area disturbed and false positive rate,2.3% of land disturbed over three years with a false positive rate of 0.3% of area; low but significant detection rate for sparse small-scale selective logging,"One of the few radar studies that reports a false positive rate as area, which is the honest way to report a rare-class detector."
10.1890/es14-00384.1,2015,Discriminating disturbance from natural variation with LiDAR in semi-arid forests in the southwestern USA,not stated,RQ3,local indicators of spatial association applied to airborne lidar tree structure to separate disturbance from background variation,airborne lidar,previously recorded but poorly defined forest disturbances,"semi-arid forest, southwestern USA",individual tree,not stated in abstract,no,not stated in abstract,not stated in abstract,"Addresses the prior question this project must answer first, whether a structural anomaly is a disturbance at all before asking which agent caused it."
10.1109/jstars.2015.2420596,2015,Spatial Wavelet Statistics of SAR Backscatter for Characterizing Degraded Forest: A Case Study From Cameroon,IEEE Journal of Selected Topics in Applied Earth Observations and Remote Sensing,RQ3,"supervised analysis of SAR backscatter spatial statistics via wavelet frames, wavelet variance scaling signatures","ENVISAT ASAR, ALOS PALSAR",forest degradation,"closed semideciduous forest, Cameroon",space-scale wavelet domain,supervised classification of intact versus degraded forest,no,class differentiation,not extracted from abstract,Radar texture rather than radar amplitude as the structural descriptor. A route to structure from radar that does not need tomography or interferometry.
none,2015,Estimation of Vertical Structure of Forests fromMultibaseline SAR data: A Performance Analysis,not stated,RQ3,performance analysis of multibaseline SAR tomography for estimating vertical forest structure,"multibaseline SAR, tomographic","disturbance regime, as a motivating application","forest, general",3D vertical profile,performance analysis,no,not stated in abstract,not stated in abstract,Names disturbance regime assessment as a target of radar vertical structure retrieval.
10.3390/rs6031954,2014,Classification of Plot-Level Fire-Caused Tree Mortality in a Redwood Forest Using Digital Orthophotography and LiDAR,Remote Sensing,RQ3,classification of plot percent mortality from colour-infrared imagery with post-fire lidar and with differenced pre and post-fire lidar,"colour-infrared aerial imagery, airborne lidar",wildfire,"second-growth coast redwood, Santa Cruz California","0.08 ha plot, 47 permanent plots",47 permanent plots with field-measured mortality,"yes, mortality categorised into ordered classes",classification accuracy of plot mortality class,not extracted from abstract,"Directly compares imagery alone, imagery plus single-date lidar, and imagery plus differenced lidar. The ablation design this project needs."
10.3390/rs5041912,2013,Early Detection of Bark Beetle Green Attack Using TerraSAR-X and RapidEye Data,Remote Sensing,RQ2;RQ3,three statistical approaches applied to radar and optical data separately and combined to separate healthy from green-attack areas,"TerraSAR-X X-band SAR, RapidEye multispectral",bark beetle green attack,"coniferous forest, southwest Germany",area,field-based monitoring programme as reference,no,not extracted from abstract,not extracted from abstract,"One of the earliest tests of high-resolution X-band radar for the hardest insect detection case, green attack, with optical as a comparator."
10.3390/rs5031220,2013,Area-Based Mapping of Defoliation of Scots Pine Stands Using Airborne Scanning LiDAR,Remote Sensing,RQ3,lidar canopy mask then plot-level defoliation prediction from above-mask returns,"airborne scanning lidar, plot training data",common pine sawfly (Diprion pini),Scots pine (Pinus sylvestris),"plot, area-based",plot-level training data,no,not extracted from abstract,not extracted from abstract,"Area-based lidar defoliation mapping for one insect, integrable with standard area-based forest inventory."
10.3390/f4020386,2013,Classification of Needle Loss of Individual Scots Pine Trees by Means of Airborne Laser Scanning,not stated,RQ3,classification of individual tree needle loss from airborne laser scanning features,airborne laser scanning,common pine sawfly (Diprion pini),"Scots pine (Pinus sylvestris), Finland",individual tree,not extracted from abstract,no,not extracted from abstract,not extracted from abstract,Tree-level structural classification of insect needle loss.
10.1088/1748-9326/7/4/045702,2012,Landscape-scale analysis of aboveground tree carbon stocks affected by mountain pine beetles in Idaho,not stated,RQ3,"multispectral classification of green, red and grey attack stages with lidar-based aboveground carbon models","multispectral imagery, airborne lidar, field observations",mountain pine beetle,"Idaho conifer forest, 5054 ha",landscape and plot,field observations of aboveground carbon,no,proportion killed and carbon share,39% of the forested area killed by beetles; 40 to 50% of aboveground carbon in beetle-killed trees,"Lidar supplies carbon, spectra supply attack stage. The two sensors do different jobs rather than competing."
10.1016/j.rse.2010.07.008,2010,Detecting trends in forest disturbance and recovery using yearly Landsat time series: 1. LandTrendr — Temporal segmentation algorithms,not stated,RQ1;RQ2;RQ3,temporal segmentation of yearly Landsat time series stacks to extract disturbance and recovery trajectories,Landsat annual time series,"disturbance and recovery, agent agnostic",Pacific Northwest forest,pixel,described in the companion TimeSync paper,no,not stated in the resolved record,not stated in the resolved record,"Kennedy et al. 2010, 1762 citations in this dataset. The base algorithm on which most subsequent optical agent-attribution work rests, including Oeser 2017 and Morin-Bernard 2023. Absent from references.bib. Only the Semantic Scholar TLDR was retrieved, not the publisher abstract, so no verbatim quotation from the paper is offered here."
10.1016/j.rse.2010.07.010,2010,Detecting trends in forest disturbance and recovery using yearly Landsat time series: 2. TimeSync — Tools for calibration and validation,not stated,RQ2,human interpretation tool for calibrating and validating Landsat time series segmentation against plot chronologies,Landsat time series with high-resolution imagery for interpretation,"disturbance, agent assigned by interpreter",Oregon and Washington forest plots,plot,interpreter-assigned reference chronologies,no,not stated in the resolved record,not stated in the resolved record,"Cohen et al. 2010. The reference-data protocol that most optical attribution studies use for validation, and a template for how this project should build its reference set. Absent from references.bib."
10.3390/rs2122665,2010,Classification of Defoliated Trees Using Tree-Level Airborne Laser Scanning Data Combined with Aerial Images,Remote Sensing,RQ3,"logistic LASSO regression, random forest and most similar neighbour predicting individual tree defoliation level from ALS features and aerial image features, singly and combined","airborne laser scanning, aerial images",common pine sawfly (Diprion pini),Scots pine (Pinus sylvestris),individual tree,not stated in abstract,no,classification accuracy and kappa,83.7% (kappa 0.67) to 88.1% (kappa 0.76) depending on method; the most accurate result came from random forest with both sensors combined,"CENTRAL RECORD FOR RQ3. Tree-level insect defoliation classified from structure plus imagery, with the combined model beating either sensor alone. The sensor-ablation result this project's H1 predicts, already published for one agent."
10.1093/jof/108.3.111,2010,Integration of LIDAR and Digital Aerial Imagery for Detailed Estimates of Lodgepole Pine (Pinus contorta) Volume Killed by Mountain Pine Beetle (Dendroctonus ponderosae),Journal of Forests,RQ2;RQ3,sample-based plot estimation combining lidar dominant heights with photo-interpreted attack status on 55 photo-plots,"airborne lidar, digital aerial imagery",mountain pine beetle (Dendroctonus ponderosae),"lodgepole pine (Pinus contorta), British Columbia","0.25 ha photo-plot, 55 plots",sampling approach with photo-plots,no,not extracted from abstract,not extracted from abstract,"The closest prior work geographically. British Columbia, lidar plus imagery, insect-killed volume at plot support, using attack stage from photo interpretation. Establishes that the lidar-plus-imagery route has been taken in this province for a different insect."
10.1029/2008jg000911,2009,Forest disturbance and recovery: A general review in the context of spaceborne remote sensing of impacts on aboveground biomass and canopy structure,not stated,RQ3,general review of spaceborne remote sensing of disturbance impacts on aboveground biomass and canopy structure,"passive optical and near-infrared, high-resolution imagery, small-footprint lidar (review)","fire, windstorms, logging, shifting cultivation, land conversion, flooding, landslides, avalanches",global forest,not applicable,"not applicable, review",no,disturbed area,abrupt disturbances generating gaps over 0.001 km2 affect roughly 0.4 to 0.7 million km2 per year,"Frolking et al. 2009. Notes that high-resolution and small-footprint lidar can map crown geometry and gaps but has rarely been applied at the scale needed, which is still true for agent attribution."
10.3390/s8042262,2008,"Airborne Laser Scanning Quantification of Disturbances from Hurricanes and Lightning Strikes to Mangrove Forests in Everglades National Park, USA",Italian National Conference on Sensors,RQ3,pre and post-event airborne lidar comparison of canopy height distribution and gap counts at two sites,airborne lidar before and after the 2005 hurricane season,hurricanes (Katrina and Wilma) and lightning strikes,"mangrove forest, Everglades National Park","landscape, 61 and 68 ha",paired pre and post-event acquisitions at two sites,no,change in canopy proportion and gap density,gaps per square kilometre increased from about 400 to 500 up to 4000 after the hurricanes,"Two biotic-free agents of different spatial grain, hurricanes and lightning strikes, distinguished structurally within one forest. Lightning gaps are small and isolated, hurricane damage is diffuse, so the separation rests on spatial pattern rather than on the damage signature."
10.5194/bg-23-1291-2026,2026,Evaluating the consistency of forest disturbance datasets in continental USA,Biogeosciences,RQ2,"cross-comparison of five disturbance datasets for spatial extent, timing and causal agent",multiple products (Landsat-based and survey-based),"multiple, as labelled by each product",conterminous United States forest,pixel and polygon,inter-product consistency assessment,no,consistency between products,not extracted from abstract,"Directly relevant to label quality. Compares causal agent assignment across products where available, which is the closest published check on how much agent labels disagree."
10.1002/widm.70096,2026,Deep Learning for Satellite‐Based Forest Disturbance Monitoring: Recent Advances and Challenges,WIREs Data Mining and Knowledge Discovery,RQ2,"review of deep learning for satellite-based disturbance detection, mapping and attribution",satellite (review),"pests, fire, logging, drought",multiple,not applicable,"not applicable, review",no,not applicable,not applicable,"Describes classifying disturbances into different agents as the complex end of the task spectrum, above mapping logging or burned area."
10.3390/rs18050792,2026,"Assessing Drought-Induced Tree Mortality in Open Mediterranean Forests Integrating Landsat Time Series, Spectral Unmixing, and UAS Validation",Remote Sensing,RQ2,"LandTrendr applied to NDVI, NDWI and spectral unmixing vegetation cover, validated against UAS imagery","Landsat time series, UAS imagery",drought,"open Mediterranean forest, Crete",pixel,UAS imagery validated against field data,no,agreement with field data,UAS to field agreement R2 0.95,"Open canopies and mixed pixels named as the core obstacle, the same geometry as open fir stands."
10.3390/rs18081260,2026,Identifying the Impact of Leaf-Miner Complex Insects on Nothofagus obliqua Forests by Assessing Changes in Land Surface Phenology,Remote Sensing,RQ2,seasonal-trend decomposition of MODIS EVI 2003 to 2024 with an EVI condition index against a historical baseline,MODIS EVI time series,leaf-miner complex dominated by Heterobathmia pseuderiocrania,"Nothofagus obliqua, south-central Chile",MODIS pixel,historical baseline comparison,no,not extracted from abstract,not extracted from abstract,Names signal attribution as the explicit problem: attributing phenological anomalies to biotic disturbance rather than to climate.
10.3390/drones10040250,2026,Spectral Responses to Larval and Artificial Defoliation in Eucalyptus dunnii: Implications for UAV-Based Detection of Gonipterus Damage,Drones,RQ2,"randomised complete block experiment with five replicates and four treatments, UAV 10-band multispectral over 16 days","UAV multispectral, 10 bands",Gonipterus sp. n. 2 larval feeding versus artificial defoliation,"Eucalyptus dunnii, 20 potted trees",individual tree,"randomised complete block, five replicates, controlled inoculation levels","yes, four treatments with five replicates each",reflectance change,reduction in visible and near-infrared reflectance in both larval and artificial treatments,"CENTRAL FOR THE ATTRIBUTION PROBLEM. Explicitly contrasts insect-caused defoliation with mechanically imposed defoliation of the same magnitude on the same host, which is the cleanest available test of whether a spectral signature is agent-specific or merely damage-specific. The abstract states verbatim that distinguishing insect-specific damage from general canopy stress remains challenging due to overlapping spectral signatures."
10.1111/1365-2664.70344,2026,Unravelling the spatial and temporal variability of natural disturbances in European forests,Journal of Applied Ecology,RQ2,"Gaussian finite mixture models characterising disturbance regimes by causal agent from size, severity and frequency","Landsat-derived disturbance dataset, over 3.8 million events 1985 to 2023","fire, wind and bark beetle","European forest across boreal, temperate and Mediterranean biomes","disturbance patch, 50 km grid cell",not stated in abstract,no,regime parameters,not extracted from abstract,"Shows that the three agents differ systematically in patch size, severity and frequency, which is why size and pattern predictors carry agent information in existing studies."
10.3390/f17060640,2026,Discrimination of Bark Beetle-Damaged Forest Stands Using Vegetation Indices Derived from Landsat 8,Forests,RQ2,statistical discrimination test of five vegetation indices between damaged and undamaged stands,Landsat 8 OLI,Ips sexdentatus,"coniferous stands, Arac Forest Directorate, Kastamonu","stand, 80 stands","fieldwork-selected stands, 40 damaged and 40 undamaged","yes, 40 damaged and 40 undamaged",index separability,not extracted from abstract,One of the few records in the set with a deliberately balanced two-class design at stand support.
10.3390/rs18071038,2026,"A Two-Step Framework for Mapping, Classification, and Area Estimation of Stand- and Non-Stand-Replacing Forest Disturbances",Remote Sensing,RQ2,"two-step framework, binary change detection with the Three Indices Three Dimensions algorithm then classification of disturbance type, with design-based area estimation",Sentinel-2,stand-replacing and non-stand-replacing disturbance types,inland Spain forest,pixel with official area estimates,area estimation suitable for national statistics,no,not extracted from abstract,not extracted from abstract,"Separates change detection from agent classification into two explicit steps, which is a defensible structure for this project's pipeline."
10.1088/1748-9326/add606,2025,Global drivers of forest loss at 1 km resolution,Environmental Research Letters,RQ2,classification of dominant driver of forest loss into seven classes at 1 km from satellite and ancillary data,"Landsat, Sentinel, biophysical and population data","seven drivers including permanent agriculture, wildfire and logging",global forest,1 km pixel,not stated in abstract,no,not extracted from abstract,not extracted from abstract,Global driver attribution at coarse support. None of the seven classes is an insect.
10.5194/essd-17-2373-2025,2025,The European Forest Disturbance Atlas: a forest disturbance monitoring system using the Landsat archive,Earth System Science Data,RQ2,"classification-based annual disturbance detection on a Landsat data cube, with layers for occurrence, severity and agent",Landsat archive 1985 to 2023,"agent layer included, classes not enumerated in abstract",continental European forest,pixel,compiled reference data on forest land use and disturbances,no,disturbed area,"total forest disturbed area of 439,000 km2 over 1985 to 2023",The current continental-scale product carrying an agent attribute. Sets the operational baseline any new attribution claim is measured against.
10.3390/drones9050337,2025,Evaluation of Temporal Trends in Forest Health Status Using Precise Remote Sensing,Drones,RQ2,YOLO deep learning object detection on UAV RGB imagery over four years,UAV RGB,bark beetle,"fir-dominated forest, Zao Mountains, Japan",individual tree,four-year repeat acquisition,no,not extracted from abstract,not extracted from abstract,"Fir host and bark beetle agent, the same pairing as the western balsam bark beetle class in this project."
10.1007/s10980-025-02111-2,2025,Post-fire delayed tree mortality in mesic coniferous forests reduces fire refugia and seed sources,Landscape Ecology,RQ2,annual mapping of live tree cover from 3 m satellite imagery up to three years post-fire,3 m high-resolution satellite imagery,high-severity wildfire and subsequent delayed mortality,"mesic coniferous forest, Oregon western Cascades","3 m pixel, patch",not stated in abstract,no,change in live cover,delayed mortality decreased live forest cover by 8.5% between one month and three years post-fire,"Quantifies the lag between an agent acting and the damage becoming visible, which is the timing problem in matching survey year to imagery year."
10.1093/forestry/cpaf043,2025,Assessment of regional scale-based bark beetle disturbance predisposition in complex terrain with earth observations,Forestry: An International Journal of Forest Research,RQ2,earth observation predictors of stand predisposition to infestation at 30 m in complex terrain,"satellite earth observation, sensors not enumerated in abstract","bark beetle, with wind as the co-dominant agent",European Alps forest,30 m cell,not stated in abstract,no,not extracted from abstract,not extracted from abstract,"Predisposition rather than damage, and it names wind and bark beetle as the two dominant agents in the same landscape."
10.3390/rs17193274,2025,"Detection of Larch Caterpillar Infestation in Typical Forest Areas of Changbai Mountain, China, Based on Integrated Satellite Hyperspectral and Multispectral Data",Remote Sensing,RQ2,"genetic algorithm feature selection over spectral indices, texture and fraction features from fused hyperspectral and multispectral imagery","Zhuhai-1 hyperspectral, Sentinel-2 multispectral",larch caterpillar (Dendrolimus superans),"larch, Changbai Mountain",pixel,not stated in abstract,no,not extracted from abstract,not extracted from abstract,Argues that single data sources give insufficient spectral information for accurate insect detection.
10.1002/ecog.07680,2025,Patterns and drivers of biotic disturbance hotspots in western United States coniferous forests,Ecography,RQ2,Bayesian spatio-temporal models of the occurrence of areas where two or more biotic agents co-occur,"aerial survey based biotic disturbance records, 2000 to 2020","multiple herbivorous insects and plant pathogens, co-occurring","coniferous forest, Southern Rockies, Middle Rockies and Cascades",survey polygon,not stated in abstract,no,not extracted from abstract,not extracted from abstract,"CENTRAL FOR THE CO-OCCURRENCE PROBLEM. Establishes that two or more biotic agents overlapping in space and time is a documented phenomenon in exactly the aerial survey records this project uses, and names it a biotic disturbance hotspot. It models where hotspots occur; it does not separate the agents from imagery."
10.3390/f16030403,2025,Where is the Eastern Larch Beetle? An Exploration of Different Detection Methods in Northern Wisconsin,Forests,RQ2;RQ4,"field survey of 50 stands or aerial detection polygons, comparing aerial sketch map polygons, a satellite algorithm and field observation","aerial sketch map survey, Astrape satellite algorithm, field survey",eastern larch beetle (Dendroctonus simplex),"tamarack (Larix laricina), northern Wisconsin","stand and survey polygon, 50 units",field verification of 20 aerial survey polygons and 20 satellite-flagged stands,"yes, 20 and 20 plus a third group stated",agreement between detection methods and field observation,not extracted from abstract,"CENTRAL RECORD FOR RQ4. Field-verifies aerial sketch map polygons against ground truth for a specific insect on a specific host, which is precisely the label-accuracy question this project's ceiling depends on."
10.48550/arxiv.2512.13104,2025,FID-Net: A Feature-Enhanced Deep Learning Network for Forest Infestation Detection,arXiv.org,RQ2,YOLOv8n-based detector with feature enhancement and multi-scale fusion modules on UAV visible-light imagery,UAV RGB,"forest pests, not named in abstract",not stated,individual tree,not stated in abstract,no,not extracted from abstract,not extracted from abstract,Preprint. Detection plus spatial pattern metrics.
10.35595/2414-9179-2025-2-31-154-163,2025,Application of the meanshift segmentation method for tree crown delineation from UAV imagery using Orfeo ToolBox,InterCarto. InterGIS,RQ2;RQ4,MeanShift segmentation of crowns into three sanitary condition categories,UAV imagery,Ussuri bark beetle (Polygraphus proximus),"fir (Abies), Perm Krai",individual crown,not stated in abstract,no,recognition accuracy by condition category,not extracted from abstract,Fir host and bark beetle agent with condition classes matching the survey severity vocabulary.
10.1093/forestry/cpaf078,2025,Climate-linked cascading disturbances drive conifer forest decline in a boreal–temperate ecotone: evidence from Kunashir Island (Northwest Pacific),Forestry: An International Journal of Forest Research,RQ2,convolutional neural networks on very high resolution satellite imagery to map windthrow then subsequent beetle outbreak,very high resolution satellite imagery,extratropical cyclone followed by Japanese spruce bark beetle,"Abies sachalinensis, Picea jezoensis, Picea glehnii, Kunashir Island",patch,not stated in abstract,no,disturbed area,"windthrow patches covered 21.73 km2, 1.83% of island forest area, 97% in dark coniferous and mixed forests","Two agents in sequence on the same conifer hosts, separated by timing and by the causal chain rather than by a classifier."
10.1186/s42408-025-00382-3,2025,Has the tortoise scale exacerbated fire severity in Mediterranean stone pine forests?,Fire Ecology,RQ2,fire behaviour simulation coupled with Landsat reflectance sensitivity analysis to insect abundance,Landsat 8,Toumeyella parvicornis (tortoise scale) interacting with wildfire,"Pinus pinea, Mediterranean",stand,"two experimental designs, described in the abstract",no,band sensitivity and fire type proportions,"only NIR, green and SWIR 2 were sensitive to T. parvicornis abundance; 62.7% surface fires in unthinned stands versus 37.3% conditional fire types","An insect agent modifying the severity of a second agent, which is a different kind of interaction from co-occurrence."
10.1038/s41467-024-49116-0,2024,Changes in planned and unplanned canopy openings are linked in Europe’s forests,Nature Communications,RQ2,"attribution of the root cause of all stand-replacing canopy disturbances identified from Landsat, split into planned and unplanned",Landsat 1986 to 2020,"human land use versus wind, bark beetles and wildfire","European forest, 417,000 km2",disturbance patch,not stated in abstract,no,share of disturbed area by cause,human canopy openings account for 82% of the area disturbed; planned openings increased 24% and unplanned 30% relative to the late twentieth century,"Continental attribution, but the binary is human versus natural, with wind, beetle and fire grouped together as unplanned."
10.1101/2024.11.10.622853,2024,Large-scale remote sensing reveals that tree mortality in Germany appears to be greater than previously expected,bioRxiv,RQ2,"random forest regression of standing deadwood maps at 10 m on biotic and abiotic environmental drivers, with drone-image reference","Sentinel 10 m maps of standing deadwood, drone imagery as reference","biotic and abiotic drivers, analysed jointly",German forest,10 m pixel,hundreds of drone images as the reference for mortality,no,not extracted from abstract,not extracted from abstract,"Preprint. Drone imagery as a scalable reference source, an alternative to the aerial survey polygons this project relies on."
10.1101/2024.10.18.619094,2024,deadtrees.earth - An Open-Access and Interactive Database for Centimeter-Scale Aerial Imagery to Uncover Global Tree Mortality Dynamics,bioRxiv,RQ2,open database of centimetre-resolution drone orthophotos of tree mortality for training supervised models,drone orthophotos at sub-centimetre to centimetre resolution,"tree mortality, multiple causes","global, multiple forest types",individual tree,"not applicable, data resource",no,not applicable,"more than a thousand orthophotos covering more than 300,000 units as stated",Preprint. A reference-data resource that could supply independent validation for mortality but not for agent identity.
10.1109/jstars.2024.3460981,2024,A Deep Semantic Segmentation Approach to Map Forest Tree Dieback in Sentinel-2 Data,IEEE Journal of Selected Topics in Applied Earth Observations and Remote Sensing,RQ2,U-Net semantic segmentation with attention and self-distillation on Sentinel-2,Sentinel-2,"insect outbreaks, pests, fires and windstorms named collectively","forest, two case studies",pixel,two case studies,no,not extracted from abstract,not extracted from abstract,Dieback segmentation with agents named but not separated.
10.3390/rs16224166,2024,Combining Sentinel-2 Data and Risk Maps to Detect Trees Predisposed to and Attacked by European Spruce Bark Beetle,Remote Sensing,RQ2,"random forest on Sentinel-2 pixels combined with a geodata and forestry risk map, fitted per date across two seasons","Sentinel-2, geodata risk map",European spruce bark beetle,"Norway spruce, southern Sweden, two 90 by 90 km tiles",pixel,per-date models across May to September in 2017 and 2018,no,detection accuracy as a function of time since swarming,not extracted from abstract,"Combines a susceptibility prior with a spectral detector, which is the same structure as combining abiotic covariates with spectra in Campbell et al. 2023."
10.3390/rs16203840,2024,Early Detection of Dendroctonus valens Infestation with UAV-Based Thermal and Hyperspectral Images,Remote Sensing,RQ2,random forest on four spectral datasets and one temperature dataset to classify three tree states,"UAV thermal infrared, UAV hyperspectral",Dendroctonus valens,Pinus sylvestris var. mongolica,individual tree,not stated in abstract,no,not extracted from abstract,differences between healthy and early-infested trees occur mainly in the near-infrared,"Three states, healthy, early-infested and dead, from spectra plus canopy temperature."
10.1145/3605098.3635908,2024,Leveraging Sentinel-2 time series for bark beetle-induced forest dieback inventory,ACM Symposium on Applied Computing,RQ2,"random forest, XGBoost and U-Net compared on Sentinel-2 bands and indices, with and without temporal information",Sentinel-2 time series,bark beetle,European coniferous forest,pixel,not stated in abstract,no,not extracted from abstract,not extracted from abstract,Isolates the contribution of temporal information to detection performance.
10.1080/01431161.2024.2399327,2024,Towards scalable wide area UAS monitoring of forest disturbance using hydrogen powered airships,International Journal of Remote Sensing,RQ2,beyond visual line of sight hydrogen-powered airship UAS monitoring flights in three seasons,"airship-borne UAS sensors, not enumerated in abstract",bark beetles and other disturbance agents,"conserved forest, North Karelia, Finland",1.3 km2 area,not stated in abstract,no,not extracted from abstract,not extracted from abstract,Platform paper. Relevant only to acquisition logistics.
10.3389/ffgc.2024.1445094,2024,Bark beetle detection method using electronic nose sensors. A possible improvement of early forest disturbance detection?,Frontiers in Forests and Global Change,RQ2,electronic nose sensors detecting volatile compounds with microclimate signs in stands,"electronic nose gas sensors, in-stand rather than remote",bark beetle,"coniferous forest, Europe",stand,not stated in abstract,no,not extracted from abstract,not extracted from abstract,"Included because of its verbatim statement of the limit of spectral detection: in some cases, the attacked trees do not change their appearance, and based on calculations of vegetation indices from remote sensing data, the attack cannot be mapped. Not a remote sensing method."
10.2478/forj-2024-0013,2024,Identification of drought-induced forest damage in 2022 and of its key site condition drivers through satellite imagery,Central European Forestry Journal,RQ2,image classification of a drought year against a reference year without drought,Sentinel-2,drought causing discoloration and defoliation,Slovak forest,stand,"reference year comparison, 2020 against 2022",no,proportion of stands by damage class,"stands with defoliation over 50% doubled to 19.3%, 417,000 ha; 223,000 ha increased defoliation by 30% or more","Uses a clean reference year rather than a within-year control, an approach available where a pre-outbreak epoch exists."
10.3390/f15030470,2024,Characterization of Change in Tree Cover State and Condition over the Conterminous United States,Forests,RQ2,annual land cover and change time series with map validation reference plots to characterise tree cover change processes,Landsat 1985 to 2018 (LCMAP Collection 1.2),"disturbance and extreme climate events, processes not individually named",conterminous United States,pixel with validation reference plots,map validation reference plots,no,not extracted from abstract,not extracted from abstract,Operational product with a documented reference-plot validation design.
10.3390/f17040419,2026,Land Surface Phenology Reveals Region-Specific Hurricane Impacts Across the North Atlantic Basin (2001–2022),Forests,RQ2,"pre and post-hurricane land surface phenology from EVI for 44 hurricanes over 22 years, storms grouped by climate attributes",MODIS-class EVI time series,"hurricanes, 44 moderate and strong events","North Atlantic Basin forest, six subregions",subregional,comparison across six subregions and wind speed classes,no,EVI response,Southeast US showed EVI decline in the first winter and first year; four other regions showed no increased impact with wind speed,A negative result on transferability: the same agent produces a detectable phenological signal in some regions and none in others.
10.1016/j.rse.2022.113416,2023,Automated attribution of forest disturbance types from remote sensing data: A synthesis,Remote Sensing of Environment,RQ2;RQ3,"systematic synthesis of 34 studies that automated the attribution of two or more forest disturbance types, with metrics on context, method and outcome",Landsat in 33 of 34 studies (review),"eight disturbance categories: harvest, land-use change, wildfire, context-specific change, biotic disturbances or other stress, infrastructure, weather, hydrologic processes","multiple, global","pixel, approximated as 900 m2 Landsat or 1 km2 MODIS","30 of 34 studies reported overall accuracy; evaluation data were on-screen interpretation, field data, or inventory and disturbance datasets",no,overall accuracy of attribution,about 80% for up to eight disturbance types across local (500 km2) to continental (6.5 x 10^6 km2) extents; insect damage studies at local extents as low as about 23%,"DECISIVE RECORD FOR THE RQ3 ADJUDICATION. Stahl et al. 2023, full text read. This is a complete synthesis of the automated attribution literature to April 2022. Three findings bear directly on the novelty claim. First, all biotic agents collapse into a single attribution category, described verbatim as 'biotic disturbances or other stress, referring to degradation of the forest canopy due to insect damage, disease, or unspecified stress (which can include abiotic or anthropogenic drivers such as drought or acidification)', so no reviewed study separated one insect from another. Second, the words lidar and LiDAR do not appear anywhere in the paper. Third, radar appears once, prospectively: 'The addition of Sentinel data (including Sentinel-1 radar data) to attribution algorithms may help foster additional advances in research and monitoring of forest disturbance and recovery... potentially providing greater sensitivity for earlier detection of tree stress.' Absent from references.bib."
10.5564/mjgg.v59i43.2529,2022,Estimation of leaf loss rate in pest damaged larch forests using Sentinel-2 satellite data,Mongolian Journal of Geography and Geoecology,RQ2,"spectral index and spectral derivative features from simulated and non-simulated Sentinel-2A reflectance, SPA feature selection, random forest discrimination model of pest type, FCM clustering for severity","Sentinel-2A, plus ground spectroscopy for the simulation model","Erannis jacobsoni Djak and Dendrolimus sibiricus Tschtv, two insect defoliators","larch, Mongolia",tree and plot within two study areas,"cross-validated (mR2cv, rR2cv reported), no spatial blocking stated",no,cross-validated R squared and RMSE for leaf loss rate by pest and feature set,"simulated Sentinel-2A: EJD spectral index mR2cv 0.8771, PST spectral index mR2cv 0.8900; non-simulated: EJD 0.7907, PST 0.8094","NEAREST MISS FOR THE TWO-INSECT CLAIM, full text read. Ariunaa et al. 2022. It does build a random forest discrimination model of different pest types, and both agents are defoliators of larch. But the two agents occupy two separate study areas, Binder for Erannis jacobsoni and Baruunburen for Dendrolimus sibiricus, several hundred kilometres apart, so agent is fully confounded with site, climate and stand. The paper reports leaf loss rate accuracy per pest, not a confusion matrix between the two pests. It therefore does not refute a claim about separating two insect agents attacking the same host in the same place."
10.3390/f15091650,2024,Changes in Spatiotemporal Pattern and Its Driving Factors of Suburban Forest Defoliating Pest Disasters,Forests,RQ1;RQ2,"leaf area index time series from Sentinel-2A across a full 3 to 5 year disaster cycle, with geographical detector analysis of driving factors",Sentinel-2A LAI,Dendrolimus superans,"forest of the Changbai Mountain region, multiple forest types",pixel,not stated in abstract,no,not extracted from abstract,not extracted from abstract,"Covers a complete outbreak cycle rather than a single epoch, and separates driver contributions by growth stage."
10.3390/rs15020407,2023,Early Detection of Dendroctonus valens Infestation at Tree Level with a Hyperspectral UAV Image,Remote Sensing,RQ2,"random forest and convolutional neural network on reflectance, derivatives and spectral vegetation indices, three tree states",UAV hyperspectral,Dendroctonus valens,Pinus tabuliformis,individual tree,not stated in abstract,no,not extracted from abstract,dead trees separated accurately by all models; infested-tree change confined mainly to the visible region,"Dead trees are easy and infested trees are hard, the same asymmetry that governs whether the adelgid class is detectable at all."
10.1007/s41064-023-00240-4,2023,Uncovering Early Traces of Bark Beetle Induced Forest Stress via Semantically Enriched Sentinel-2 Data and Spectral Indices,PFG – Journal of Photogrammetry Remote Sensing and Geoinformation Science,RQ2,"stratified hierarchical hybrid image understanding system pre-selecting candidate pixels, then spectral vegetation indices to confirm or reject",Sentinel-2 time series,bark beetle green attack,"Berchtesgaden National Park, Norway spruce",pixel,not stated in abstract,no,not extracted from abstract,not extracted from abstract,"States the general contrast that matters here: unlike sudden agents such as wind, avalanche and fire, bark beetle infestation progresses gradually. The same gradualness applies to adelgid damage."
10.1080/22797254.2023.2260549,2023,Detecting semi-arid forest decline using time series of Landsat data,European Journal of Remote Sensing,RQ2,"three Landsat time series approaches compared, random forest, anomaly detection and Sen's slope",Landsat time series,"forest decline, drought and defoliation","Zagros semi-arid forest, Iran",forest patch,not stated in abstract,no,overall accuracy and kappa,"random forest 0.75 (kappa 0.50), anomaly detection 0.65 (kappa 0.30), Sen's slope 0.64 (kappa 0.30)","Sparse open canopies again, and a candid set of low kappa values for a two-class decline problem."
10.3390/insects14120955,2023,Monitoring and Prediction of Siberian Silk Moth Dendrolimus sibiricus Tschetv. (Lepidoptera: Lasiocampidae) Outbreaks Using Remote Sensing Techniques,Insects,RQ2,"construction of remote indicators based on stand response to weather conditions, aimed at detecting loss of resistance before damage appears","satellite remote sensing, sensors not enumerated in abstract",Siberian silk moth (Dendrolimus sibiricus),Siberian forest,stand,not stated in abstract,no,not extracted from abstract,not extracted from abstract,"States plainly that many remote indicators only change after significant damage has occurred, which is the timing problem in matching a survey polygon to imagery."
10.5194/agile-giss-4-35-2023,2023,Exploring the potential to use in-between pixel variability for early detection of bark beetle attacked trees,AGILE Conf.,RQ2,"coefficient of variation of four vegetation indices computed in 3x3, 4x4 and 5x5 pixel windows through a time series",Sentinel-2,Ips typographus green attack,Norway spruce,pixel window,not stated in abstract,no,not extracted from abstract,not extracted from abstract,"Uses within-neighbourhood spectral variability rather than mean reflectance, a texture route to a subtle signal."
10.3390/rs14236105,2022,A Sentinel-2 Based Multi-Temporal Monitoring Framework for Wind and Bark Beetle Detection and Damage Mapping,Remote Sensing,RQ2,multi-temporal Sentinel-2 time series framework for detecting and mapping both windthrow and subsequent bark beetle damage,Sentinel-2,windstorm and spruce bark beetle,"coniferous forest, Friulian Dolomites, Carnic and Julian Alps",management unit to region,not stated in abstract,no,not extracted from abstract,not extracted from abstract,"Sets out to distinguish the cause of forest damage between an abiotic and a biotic agent that are causally linked, the wind-then-beetle cascade."
10.3390/rs14071758,2022,Agents of Forest Disturbance in the Argentine Dry Chaco,Remote Sensing,RQ2,random forest classification of disturbance patches on spectral characteristics and patch shape metrics,Landsat image time series,"logging, fire, partial clearing, riparian change and drought","Argentine Dry Chaco dry forest, 489,000 km2",disturbance patch,not stated in abstract,no,not extracted from abstract,partial clearing was the most widespread type,"Five-class attribution using patch shape as well as spectra. The classes differ in geometry, which is what makes shape metrics work."
10.3390/fire5030068,2022,Characterization of Wildfires and Harvesting Forest Disturbances and Recovery Using Landsat Time Series: A Case Study in Mediterranean Forests in Central Italy,Fire,RQ2,"pixel-level spectral trajectory extraction over 20 years with short and long-term recovery metrics, by disturbance type",Landsat time series 1999 to 2018,harvesting and forest fire,"Mediterranean forest, Tuscany",pixel,not stated in abstract,no,not extracted from abstract,not extracted from abstract,"Separates two agents by their distinct pre and post-event temporal behaviour, which is the mechanism this project cannot rely on because both its agents are chronic."
10.3389/fpls.2022.863116,2022,Distinguishing Abrupt and Gradual Forest Disturbances With MODIS-Based Phenological Anomaly Series,Frontiers in Plant Science,RQ2,phenological anomaly series from MODIS to distinguish abrupt from gradual disturbance,MODIS time series,"abrupt versus gradual disturbance, agents not individually named","forest, extent not stated in abstract",MODIS pixel,not stated in abstract,no,not extracted from abstract,not extracted from abstract,"Splits disturbance by temporal form rather than by agent, which is the axis on which most optical attribution actually operates."
10.3390/rs14122750,2022,Mapping Cork Oak Mortality Using Multitemporal High-Resolution Satellite Imagery,Remote Sensing,RQ2,change detection with an unsupervised classifier on three vegetation indices between dates,Pleiades high resolution multispectral,drought-related mortality,cork oak (Quercus suber) in a pasture with multiple species,individual tree,not stated in abstract,no,not extracted from abstract,not extracted from abstract,"Open pasture-woodland with mixed species, the hardest optical background, addressed at individual tree support."
10.1111/gcb.15679,2021,Storm and fire disturbances in Europe: Distribution and trends,Global Change Biology,RQ2,"random forest classifier assigning 27 million satellite-mapped disturbance patches to storm or fire, using a large reference dataset of true occurrences","Landsat-derived disturbance patches, 1986 to 2016","storm and fire, against a background of biotic and human agents",European forest,"disturbance patch, 27 million patches",large reference dataset of true disturbance occurrences,no,agent prevalence share,not extracted from abstract,The largest patch-level agent classification in the set by sample size. Its two positive classes are both abiotic and everything else is residual.
10.1016/j.jag.2021.102335,2021,Early detection of bark beetle infestation in Norway spruce forests of Central Europe using Sentinel-2,International Journal of Applied Earth Observation and Geoinformation,RQ2,seasonal trajectories of Sentinel-2 bands and vegetation indices tested for green-attack detection at stand rather than tree level,Sentinel-2,Ips spp. bark beetle green attack,"Norway spruce monoculture, Czech Republic","forest stand, explicitly not individual tree",not stated in abstract,no,not extracted from abstract,not extracted from abstract,"States explicitly that Sentinel-2 does not allow individual tree detection, which fixes the support at which a Sentinel-based design can operate."
10.1002/rse2.194,2021,Extending deep learning approaches for forest disturbance segmentation on very high‐resolution satellite images,Remote Sensing in Ecology and Conservation,RQ2,deep convolutional neural networks for segmentation of damage on very high resolution imagery,very high resolution satellite imagery,windthrow and bark beetle,"forest, Russia",segment,not stated in abstract,no,not extracted from abstract,not extracted from abstract,"Recognises damage from two agents, one abiotic and one biotic, in a single segmentation framework."
10.1016/j.rse.2021.112560,2021,Detecting subtle change from dense Landsat time series: Case studies of mountain pine beetle and spruce beetle disturbance,not stated,RQ2,dense Landsat time series change detection applied to two insect case studies,dense Landsat time series,mountain pine beetle and spruce beetle,lodgepole pine and Engelmann spruce respectively,pixel,"not stated, abstract not retrievable",not stated,"not stated, abstract not retrievable","not stated, abstract not retrievable","Identity resolved by title only. No abstract was retrievable from Semantic Scholar or Crossref and the full text was not opened, so nothing about its method or results is asserted here. Flagged as a priority full-text read: it is the only record in the set whose title names two insect agents in one study, although the two agents attack different hosts."
10.1016/j.rse.2020.112244,2021,"Disturbance detection in landsat time series is influenced by tree mortality agent and severity, not by prior disturbance",not stated,RQ1;RQ2,"comparison of LandTrendr products against a field dataset and against alternative mapping methods, on a landscape with both wildfire and spruce beetle",Landsat time series (LandTrendr),wildfire and spruce beetle (Dendroctonus rufipennis),"spruce forest, landscape disturbed since about 2000","pixel, with field reference",unique field dataset from a landscape with a known history of both agents,no,"relative detectability by agent and severity, and area predicted",LandTrendr more accurately detected wildfire than spruce beetle-induced mortality; both were more easily detected at high severity; LandTrendr predicted about 40% lower affected area than alternative approaches,"CENTRAL RECORD FOR OMISSION BIAS. Demonstrates that detection probability itself depends on which agent caused the mortality, so an attribution model trained on optically detected disturbance inherits an agent-dependent sampling bias. Also finds that prior spruce beetle outbreaks did not influence detectability of subsequent wildfire."
10.1016/j.rse.2021.112502,2021,Human or natural? Landscape context improves the attribution of forest disturbances mapped from Landsat in Central Europe,not stated,RQ2,"causal attribution using a novel indicator class characterising landscape context, applied to 1.01 million disturbance patches",Landsat 1986 to 2016,human versus natural causes,Austrian forest,"disturbance patch, 1.01 million patches",reference data on 2620 patches from targeted field observations and structured interviews with 21 forest managers,no,not extracted from abstract,not extracted from abstract,"Already cited as Sebald 2021. Its reference-data protocol, field observation plus manager interview on 2620 patches, is the most careful in the set. Its key predictor is landscape context, which is site information rather than damage signature."
10.3390/rs13234768,2021,Detection of Bark Beetle Disturbance at Tree Level Using UAS Multispectral Imagery and Deep Learning,Remote Sensing,RQ2,"three CNN architectures and random forest classifying four categories including green attack, from UAS multispectral","UAS multispectral, RGB bands sufficient for the best models","bark beetle, green attack and later stages",pine,individual tree,not stated in abstract,no,kappa,best kappa 0.80 (Nez4c3b CNN) and 0.76 (Safaugu4c3b CNN) using RGB bands only,"States verbatim that the main misclassifications were between the two infestation stages because of the similar spectral responses, and that merging them made the model type less important. A direct warning about class definition."
10.1186/s40663-021-00352-6,2021,Forest disturbances and the attribution derived from yearly Landsat time series over 1990–2020 in the Hengduan Mountains Region of Southwest China,Forest Ecosystems,RQ2,"LandTrendr on Google Earth Engine for detection, then random forest attribution using disturbance properties with spectral and topographic variables","Landsat 30 m, 1990 to 2020","fire, logging, road construction and insects","Hengduan Mountains natural forest, southwest China",pixel,area-adjusted accuracy reported,no,"overall accuracy, conventional and area-adjusted",disturbance map 92.3% conventional and 97.70% +/- 0.06% area-adjusted; agent attribution 85.80%,"Four-agent attribution including an insect class, at 85.80% overall. Insects are a single undivided class and topography contributes to the discrimination."
10.3390/rs13224659,2021,Mapping European Spruce Bark Beetle Infestation at Its Early Phase Using Gyrocopter-Mounted Hyperspectral Data and Field Measurements,Remote Sensing,RQ2,"new hyperspectral index defined from 0.3 m airborne data, compared with common indices and validated against field spectrometry and a second study area","gyrocopter-mounted hyperspectral at 0.3 m, field spectrometer",Ips typographus green attack,"Norway spruce, Germany",individual tree,field data validation plus long-term validation in a second study area for transferability,no,overall accuracy,98.84% validated with field data,"Highest reported accuracy for green attack in the set, at 0.3 m from an airborne platform with an independent transferability test. Sets the practical ceiling that satellite-scale work is measured against."
10.1002/ecs2.3558,2021,"Detection of drought‐induced blue oak mortality in the Sierra Nevada Mountains, California",Ecosphere,RQ2,"identification of the most predictive wavelength regions from airborne hyperspectral, then mapping",airborne hyperspectral,drought,"blue oak (Quercus douglasii) woodland, Sierra Nevada foothills",individual tree and canopy,not stated in abstract,no,correlation with tree mortality,a normalized ratio of 937.53 and 1100.08 nm correlated with mortality at R2 0.83,"Open savanna-like woodland, and the stated difficulty is discriminating dead from live in arid deciduous canopies."
10.1002/eap.2519,2021,Early detection of a tree pathogen using airborne remote sensing.,Ecological Applications,RQ2,"repeat laser-guided imaging spectroscopy in two years, mapping foliar trait indices distinguishing infected from healthy trees","Global Airborne Observatory laser-guided imaging spectroscopy, 2018 and 2019",Rapid Ohia Death (Ceratocystis spp.),"Metrosideros polymorpha, Hawaii Island",individual tree,"repeat acquisition, further design not stated in abstract",no,not extracted from abstract,not extracted from abstract,"Laser-guided spectroscopy, so structure informs the spectral retrieval, for early detection of a pathogen on one host."
10.3390/rs12121914,2020,Sentinel-2 Data in an Evaluation of the Impact of the Disturbances on Forest Vegetation,Remote Sensing,RQ2,"time series analysis of vegetation and tasseled cap indices across five areas of contrasting degradation type, validated with in situ data and aerial photographs","Sentinel-2, 2017 to 2019","bark beetle calamity, plus recovery and undisturbed controls","Low Tatras and Sumava National Parks, spruce",area,in situ data and aerial photographs across five contrasting case areas,"yes, five areas by degradation type stated",index trajectory behaviour,not extracted from abstract,"Includes undisturbed control areas as well as disturbed ones, which most detection studies omit."
10.3390/rs12223722,2020,Tree Species Classification and Health Status Assessment for a Mixed Broadleaf-Conifer Forest with UAS Multispectral Imaging,Remote Sensing,RQ2,"two-step classification, first broadleaf versus conifer, then health status within tree type, from bi-temporal 5-band UAS imagery with structure from motion",UAS 5-band multispectral with structure-from-motion terrain models,bark beetle,"mixed broadleaf-conifer forest, Czech Republic",individual tree,not stated in abstract,no,not extracted from abstract,not extracted from abstract,"Classifies host type first and health second, the same ordering this project needs in order to hold host constant."
10.1016/j.foreco.2020.118370,2020,Change in forest condition: Characterizing non-stand replacing disturbances using time series satellite imagery,not stated,RQ2,"time series satellite imagery characterising non-stand-replacing disturbances by extent, severity and persistence","time series satellite imagery, Landsat family",drought stress and insect infestation as non-stand-replacing agents,"forest, extent not stated in abstract",pixel,not stated in abstract,no,not extracted from abstract,not extracted from abstract,Names the non-stand-replacing class as the underserved case and attributes the neglect to subtle alterations to forest canopies and structure. The adelgid signal in British Columbia is in this class.
10.33904/ejfe.1320121,2023,Image Processing Techniques based Feature Extraction for Insect Damage Areas,European Journal of Forest Engineering,RQ2,grey-level co-occurrence matrix texture feature extraction for segmenting damaged from healthy areas,UAV imagery,"insect damage, agent not named",not stated,image region,not stated in abstract,no,not extracted from abstract,not extracted from abstract,Texture rather than spectral mean as the discriminating feature.
10.4236/ars.2021.102002,2021,Determining the Drying Out of Coniferous Trees Using Airborne and Satellite Data,not stated,RQ2,linear discriminant analysis supervised classification of satellite imagery calibrated against airborne photo-spectral measurements,"TripleSat multispectral, airborne spectrometers 400 to 900 nm",bark beetle causing conifer drying out,"coniferous forest, Belarus",stand,airborne measurements as reference for satellite classification,no,accuracy by drying-out stage,27% to 74% for the airborne data across drying-out stages,"Honest reporting of very low accuracy at early stages, which most studies do not show."
10.5194/egusphere-egu21-8297,2021,Automatic Tree Crown Feature Extraction from UAS Multispectral Imagery for the Detection of Bark Beetle Disturbance in an Urban Forest,not stated,RQ2,individual tree crown delineation followed by crown feature extraction,UAS multispectral,bark beetle,"urban forest, species not stated",individual crown,not stated,no,not stated,not stated,Conference abstract. Notes that urban stressors change the baseline against which infestation is detected.
10.1016/j.rse.2020.112026,2020,Threshold- and trend-based vegetation change monitoring algorithm based on the inter-annual multi-temporal normalized difference moisture index series: A case study of the Tatra Mountains,not stated,RQ2,threshold- and trend-based vegetation change monitoring algorithm on an inter-annual normalized difference moisture index series,"Landsat TM, ETM+ and OLI, 51 images 1984 to 2016",strong winds and bark beetle outbreaks,Tatra Mountains forest,pixel,not stated in abstract,no,not extracted from abstract,not extracted from abstract,"Designed to catch gradual as well as abrupt change, which most algorithms cannot."
10.3390/rs12244081,2020,Automatic Tree Crown Extraction from UAS Multispectral Imagery for the Detection of Bark Beetle Disturbance in Mixed Forests,Remote Sensing,RQ1;RQ2,"excess green index masking to isolate conifers, then individual tree crown delineation and crown feature extraction","UAS multispectral orthomosaic, photogrammetric point cloud",bark beetle,"mixed urban forest, conifers among deciduous",individual crown,not stated in abstract,no,not extracted from abstract,not extracted from abstract,"Uses a spectral mask to isolate the host before detecting the agent, and uses a photogrammetric point cloud rather than lidar for the structural component."
10.3390/rs12101655,2020,Mapping Multiple Insect Outbreaks across Large Regions Annually Using Landsat Time Series Data,Remote Sensing,RQ1;RQ2;RQ4,"tree-level mortality maps from high-resolution imagery used as reference to train Landsat classification and random forest percent-mortality regression, applied on Google Earth Engine","high-resolution multispectral imagery, Landsat time series 1984 to 2018","insect-caused tree mortality, a variety of agents","three coniferous forests, western United States",30 m pixel and individual tree,"cross-validated random forest, high-resolution reference imagery from three years",no,"overall accuracy for disturbed versus undisturbed, and variance explained for percent mortality",74% to 80% overall accuracy for disturbed versus undisturbed; cross-validated random forest explained 61% to 68% of variation in percent mortality within disturbed 30 m pixels,"Already cited as Bright 2020. Its comparison against vector aerial survey data is directly relevant to RQ4, and the abstract records that low-level tree mortality was not always detected."
10.3390/rs12081298,2020,Continuous Detection of Small-Scale Changes in Scots Pine Dominated Stands Using Dense Sentinel-2 Time Series,Remote Sensing,RQ2,"continuous change detection on a dense Sentinel-2 time series, 49 images","Sentinel-2, 2015 to 2019",drought and disturbance in pine and spruce stands,"Scots pine dominated stands, Poland",10 to 20 m pixel,not stated in abstract,no,not extracted from abstract,not extracted from abstract,"Aimed at small-scale change, the size class most aerial survey polygons fall into."
10.5194/essd-12-3489-2020,2020,A satellite-derived database for stand-replacing windthrow events in boreal forests of European Russia in 1986–2017,Earth System Science Data,RQ2,"delineation from the full Landsat archive plus two forest change products, then manual verification of each event to assign storm type and date",Landsat archive 1986 to 2017,windthrow from convective and non-convective storms,"boreal forest, European Russia","damage patch, 102,747 elementary areas in 700 events",manual verification of every event,no,"not applicable, database","102,747 damaged areas combined into 700 windthrow events caused by 486 storms",Rare case where every mapped event was manually verified and attributed to a named meteorological cause.
10.3390/f11050579,2020,"Forest Disturbances in Polish Tatra Mountains for 1985–2016 in Relation to Topography, Stand Features, and Protection Zone",Forests,RQ2,"analysis of disturbance frequency against topography, stand features and protection zone",Landsat 1985 to 2016,"windthrow, snow avalanche and bark beetle outbreak",Polish Tatra Mountains forest,pixel,not stated in abstract,no,not extracted from abstract,not extracted from abstract,"Quantifies how much of the disturbance pattern is explained by elevation, aspect, slope and stand age, which is the site confound in agent attribution."
10.1101/2020.11.23.394221,2020,An Examination of an Enhanced Remote Sensing Method for Agent Attribution of Forest Disturbance,bioRxiv,RQ2,"random forest attribution of three agents from Landsat temporal segmentation, patch geometry and grey-level co-occurrence matrix texture metrics, with and without texture","Landsat 1999 to 2015, digital elevation model","fire, harvest and drought","Stanislaus National Forest, California",disturbance patch,"out-of-bag accuracy, models compared statistically",no,overall out-of-bag accuracy,"72.0% texture-free and 72.2% texture-dependent, with no significant difference between them","A clean negative result: adding landscape texture metrics did not improve agent attribution. Worth citing before adding texture predictors here. The abstract also notes that harvest concentrated at mid-elevations and fire and stress at lower elevations, again showing elevation carrying the discrimination."
10.3390/rs11060643,2019,Detection of Fir Trees (Abies sibirica) Damaged by the Bark Beetle in Unmanned Aerial Vehicle Images with Deep Learning,Remote Sensing,RQ2,"two-stage deep learning, region proposal then crown classification by damage stage",UAV RGB imagery,Polygraphus proximus,"Abies sibirica, Central Siberia",individual crown,not stated in abstract,no,not extracted from abstract,not extracted from abstract,"Fir host with a bark beetle agent, and states that trees at different damage stages coexist and overlap in the canopy, which is the mixed-severity polygon problem."
10.3390/rs11131561,2019,The Use of UAV Mounted Sensors for Precise Detection of Bark Beetle Infestation,Remote Sensing,RQ2,evaluation of UAV-mounted low-cost sensors in an unmanaged zone where infested trees are not removed,UAV multispectral,Ips typographus,"Norway spruce, Krkonose Mountains National Park",individual tree,unmanaged zone allowing continuous monitoring of infested trees that are not salvaged,no,not extracted from abstract,not extracted from abstract,Rare design in which salvage logging does not remove the signal before it can be observed.
10.1016/j.jag.2019.101900,2019,"Timing of red-edge and shortwave infrared reflectance critical for early stress detection induced by bark beetle (Ips typographus, L.) attack",International Journal of Applied Earth Observation and Geoinformation,RQ2,temporal analysis of leaf traits and reflectance from high-resolution satellite time series with field data through the attack sequence,"RapidEye, SPOT-5, field measurements",Ips typographus green attack,Norway spruce,plot,parallel field data collection,no,not extracted from abstract,red-edge and shortwave infrared timing identified as critical,"Identifies which spectral regions carry the early signal and when, which constrains the imagery epoch a design can use."
10.1016/j.isprsjprs.2019.10.004,2019,"A comprehensive evaluation of disturbance agent classification approaches: Strengths of ensemble classification, multiple indices, spatio-temporal variables, and direct prediction",not stated,RQ2,"six approaches compared, two-stage and direct prediction of agent from trajectory-based temporal segmentation of five spectral indices, with and without spatio-temporal variables",annual Landsat time series 2000 to 2018,"disturbance agents, classes not enumerated in abstract","forest, region not stated in abstract",pixel and patch,comparative accuracy evaluation across six approaches,no,overall accuracy,"92.4% for direct prediction with spatio-temporal variables, significantly higher than 90.9% for two-stage prediction",The most careful published comparison of attribution architectures. Finds that spatial variables help pixel-based direct prediction but are redundant in patch-based two-stage prediction because the patch already carries the spatial information.
10.3390/drones3040080,2019,Estimating the Threshold of Detection on Tree Crown Defoliation Using Vegetation Indices from UAS Multispectral Imagery,Drones,RQ2,"nested histogram thresholding on four UAS vegetation indices to detect defoliation and distinguish pine species, offered as an alternative to random forest",UAS multispectral,Thaumetopoea pityocampa,"pine-oak mixed stands, Catalonia",tree crown,"four study areas, classification accuracy evaluated",no,classification accuracy and a detection threshold on defoliation,NDVI and NDVI red edge performed best; threshold value not extracted from abstract,"Explicitly estimates the defoliation level below which detection fails, which is the quantity a severity-limited design most needs."
10.3390/rs11050477,2019,Object-Based Classification of Forest Disturbance Types in the Conterminous United States,Remote Sensing,RQ2,"segmentation of forest cover loss into objects then random forest attribution trained on expert-interpreted high-resolution imagery, applied to all 15,179,430 loss objects","Landsat-based Global Forest Change product and Web-Enabled Landsat Data, 2003 to 2011","stress, fire and stem removal",conterminous United States forest,forest loss object,independent dataset of 4156 forest loss objects,no,"overall accuracy, omission and commission error by class","overall accuracy 88.1%; highest omission error for fire at 32.8% and highest commission error for stress at 31.9%; 83.75% of loss attributed to stem removal, 10.92% fire, 5.33% stress","Only high-magnitude loss over 50% cover is attributed, and all biotic and abiotic decline collapses into a single 'stress' class with the worst commission error of the three."
10.3390/s19183965,2019,Climate-Triggered Insect Defoliators and Forest Fires Using Multitemporal Landsat and TerraClimate Data in NE Iran: An Application of GEOBIA TreeNet and Panel Data Analysis,Italian National Conference on Sensors,RQ1;RQ2,"object-based image analysis with TreeNet boosted trees, then panel data models linking defoliation intensity to fire severity under climate variables","Landsat 8 OLI, TerraClimate",insect defoliators and forest fire,"broadleaved mixed Hyrcanian forest, northeast Iran",image object,"333 trees built, sensitivity reported",no,sensitivity,93.7% sensitivity for detecting insect-infested objects,"Two agents present, but the second agent is modelled as a consequence of the first rather than as a competing explanation."
10.1016/j.foreco.2018.08.020,2018,Accuracy of aerial detection surveys for mapping insect and disease disturbances in the United States,Forest Ecology and Management,RQ1;RQ2;RQ4,"error matrices comparing aerial detection survey observations against ground-collected data, in a stepdown from broad categories to specific damage agents, plus a repeatability test among surveyors",operational aerial detection survey (sketch mapping) against ground observation,"insects, diseases and abiotic events, from feeding guild down to species",United States forest across multiple ecological regions,"survey polygon, with a small-polygon subset analysed separately","independent ground observation, error matrices, plus repeated observation by different surveyors",no,"overall accuracy, commission error by category",overall accuracy above 70% in all error matrices; commission error 2% for tree mortality and 5% for defoliation as damage types; 9% commission error for bark beetle-caused mortality; accuracy declined as specificity went from genus to species for both tree species and damaging agent,"CENTRAL RECORD FOR RQ4, already cited as Coleman 2018. The finding that accuracy declines from genus to species level is the direct constraint on this project, because balsam woolly adelgid and western balsam bark beetle are both species-level attributions on the same host genus."
10.1016/j.rse.2018.07.004,2018,Confirmation of post-harvest spectral recovery from Landsat time series using measures of forest cover and height derived from airborne laser scanning data,Remote Sensing of Environment,RQ2,spectral years-to-recovery metric from Landsat compared against ALS-derived cover and height in regenerating stands,"Landsat time series, airborne laser scanning",clearcut harvest,"regenerating stands, Canada",pixel,ALS structure as independent corroboration of a spectral metric,no,not extracted from abstract,not extracted from abstract,"Exactly the cross-check this project needs in reverse: it uses structure to verify what a spectral index claims, rather than using structure as the predictor."
10.1111/gcb.13897,2017,Natural disturbances are spatially diverse but temporally synchronized across temperate forest landscapes in Europe,Global Change Biology,RQ2,"landscape analysis of Landsat-based disturbance maps across five unmanaged forest landscapes, testing topographic and climatic drivers",Landsat 1986 to 2016,"natural disturbance, agents not individually named","temperate European forest, five unmanaged landscapes",disturbance patch,comparison across five landscapes,no,not extracted from abstract,not extracted from abstract,"Finds disturbance spatially diverse but temporally synchronised, which is why survey year is a confound rather than a neutral covariate."
10.3390/rs8080687,2016,Landsat Imagery Spectral Trajectories - Important Variables for Spatially Predicting the Risks of Bark Beetle Disturbance,Remote Sensing,RQ2,pre-disturbance Landsat spectral trajectories introduced as a long-term stress indicator into infestation risk models with environmental predictors,"Landsat Thematic Mapper, aerial photographs 1991 and 1994 to 2000 as reference",bark beetle,"Sumava Mountains spruce, Czech and German border",pixel,annual aerial photograph delineations as reference,no,not extracted from abstract,not extracted from abstract,"Uses the history of a pixel before the disturbance as a predictor, which is available here because the aerial overview survey archive is long."
10.3390/f8010015,2016,Differentiation of Alternate Harvesting Practices Using Annual Time Series of Landsat Data,not stated,RQ2,annual Landsat time series with spectral metrics and attributed change products to distinguish harvest prescriptions by canopy cover removed,annual Landsat time series,"clearcut, clearcut with residual, partial and selective cutting",Canadian managed forest,pixel and patch,not stated in abstract,no,not extracted from abstract,not extracted from abstract,"Separates classes that differ only in severity within one agent, which is closer to the adelgid-versus-beetle problem than most wind-versus-beetle work, though the agent is human and the timing is instantaneous."
10.31803/tg-20171219085721,2018,Satellite-based hyperspectral imaging and cartographic visualization of bark beetle forest damage for the city of Čabar,not stated,RQ2,semi-automatic classification of satellite hyperspectral imagery to map bark beetle spread following ice damage,Copernicus satellite land monitoring imagery,ice rain damage followed by bark beetle spread,"forest of the city of Cabar, Croatia",not stated,not stated,no,not stated,not stated,Short paper. Another instance of an abiotic event followed by a biotic agent on the same stands.
10.1093/forestscience/34.2.259,1988,Classification of Airborne Multispectral Scanner Data for Mapping Current Defoliation Caused by the Spruce Budworm,Forestry sciences,RQ2,"classification of airborne multispectral scanner bands, ratios, differences and principal components into three current-defoliation levels",airborne multispectral scanner,spruce budworm (Choristoneura fumiferana),mixed fir and spruce forest,pixel,not stated in abstract,no,classifiability of defoliation levels,"three levels of current defoliation classified (heavy, light, healthy); little advantage beyond four bands","1988. States that cumulative defoliation and mixed-wood areas caused confusions in the classifications, which is the same confusion this project faces between chronic adelgid damage and mixed stand composition."
10.3390/f17010108,2026,Application of CNN and Vision Transformer Models for Classifying Crowns in Pine Plantations Affected by Diplodia Shoot Blight,Forests,RQ4,convolutional neural network and vision transformer models detecting and classifying infected crowns across five sites and two acquisition years,high spatial resolution aerial imagery,Diplodia shoot blight (Diplodia sapinea),Pinus radiata plantation,individual crown,"five geographically dispersed sites with varying topography, two years",no,not extracted from abstract,not extracted from abstract,"States explicitly that aerial sketch-mapping and manual photo interpretation for tree health surveys are labour-intensive and subjective, and offers deep learning as the replacement."
10.1038/s41597-025-06269-x,2025,Historical insect disturbance maps from 1985 onwards for Canadian forests derived using earth observation data,Scientific Data,RQ4,"Landsat-based annual mapping of severe insect defoliation, evaluated against aerial survey classes","Landsat at 30 m, 1985 to 2024",boreal forest insect pests causing severe canopy loss,Canadian boreal coniferous forest,30 m pixel,evaluated against aggregated moderate and severe pest classes,no,overall prediction accuracy,90% between the aggregated moderate-and-severe pest class and the non-pest class,"CENTRAL FOR RQ4 AND FOR CANADA. States that current monitoring relies on costly and subjective aerial survey interpretations, and that no consistent long-term satellite dataset previously existed for severe canopy loss in coniferous forests. Its 90% figure applies only to a two-class aggregation, not to agent identity."
10.3390/jimaging11110413,2025,Sentinel-2-Based Forest Health Survey of ICP Forests Level I and II Plots in Hungary,Journal of Imaging,RQ4,standardised NDVI anomaly maps compared against ground-based ICP Forests plot assessments,"Sentinel-2, 2017 to 2023",drought-driven forest damage,"Hungarian forest, 7 Level II and 78 Level I plots",plot,agreement between satellite damage categories and ground plot assessments,no,agreement between satellite and ground damage classes,"agreement reported between Level II plots and the five severity categories, figures not extracted from abstract","Ground plot network as the reference for a satellite damage classification, the same validation structure this project needs."
10.1101/2025.11.19.689366,2025,"Spatially explicit forest mortality forecasts are driven by autocorrelation, not ecological context",bioRxiv,RQ4,"gradient-boosted regression compared against naive autocorrelation models at continental and local scale, with an assessment of bias and variability among aerial survey observers","aerial detection surveys, satellite imagery change, high-resolution individual dead tree mapping",drought and insect-induced mortality,western United States forest,"survey polygon, pixel and individual tree","comparison of models trained on different mortality data sources, plus an observer bias assessment",no,predictive skill against autocorrelation baselines,not extracted from abstract,"CENTRAL FOR RQ4. Preprint. Directly evaluates bias and variability among aerial survey observers, and reports that spatially explicit mortality forecasts are driven by autocorrelation rather than by ecological context, which is a warning about spatially unblocked validation."
10.3390/plants12040798,2023,Precision Detection and Assessment of Ash Death and Decline Caused by the Emerald Ash Borer Using Drones and Deep Learning,Plants,RQ4,deep learning model trained on 6174 drone aerial images of ash decline,drone aerial imagery,emerald ash borer (Agrilus planipennis),"Fraxinus spp., West Virginia and Pennsylvania",individual tree in image,not stated in abstract,no,not extracted from abstract,not extracted from abstract,States that visual ground and aerial surveys are generally effective but inefficient for precisely locating declining trees in large or hard-to-access areas.
10.1186/s13595-023-01192-w,2023,Wall-to-wall mapping of carbon loss within the Chornobyl Exclusion Zone after the 2020 catastrophic wildfire,Annals of Forest Science,RQ4,"radar backscatter delta before and after fire, and a radar-based change model, predicting carbon loss from stand-wise inventory and local combustion factors",Sentinel-1 SAR and Sentinel-2 optical,"catastrophic wildfire, 2020",planted forest of the Chornobyl Exclusion Zone,stand,stand-wise inventory data where field observation is impossible,no,"predictive reliability, described qualitatively",both the standalone Sentinel-1 backscatter delta and the radar-based change model reliably predicted carbon loss,"Radar carries a damage magnitude where no field access is possible, which is the operational argument for radar in inaccessible coastal British Columbia."
10.3390/s22197440,2022,Detecting Pest-Infested Forest Damage through Multispectral Satellite Imagery and Improved UNet++,Italian National Conference on Sensors,RQ4,"UNet++ with an attention module, combining multispectral bands, vegetation indices and RGB",multispectral satellite imagery,bark beetle,"forest, region not stated in abstract",pixel segment,not stated in abstract,no,not extracted from abstract,not extracted from abstract,Tests whether adding non-visible bands and indices to RGB improves segmentation of pest damage.
10.1080/07038992.2021.2023317,2022,Detecting White Pine Needle Damage through Satellite Remote Sensing,Canadian journal of remote sensing,RQ4,random forest feature selection then binary and severity classification from Sentinel-2 spectral vegetation indices,Sentinel-2,"White Pine Needle Damage, a fungal disease complex","Pinus strobus, New England",pixel,aerial detection survey outbreak records as reference,no,binary detection accuracy and severity classification accuracy,70% for binary WPND versus non-WPND detection; severity accuracy not extracted from abstract,Explicitly positioned as complementing field and aerial detection surveys rather than replacing them. 70% is a realistic figure for a subtle needle-damage signal at Sentinel-2 support.
10.3390/f13071120,2022,"Accuracy of Defoliation Estimates from Aerial and Ground Surveys in a Boreal Forest during an Outbreak of the Hemlock Looper, Lambdina fiscellaria (Guenée)",Forests,RQ4,aerial survey defoliation classes compared with ground-based Fettes-method estimates on current-year and four preceding years of foliage,operational aerial survey against ground estimation,hemlock looper (Lambdina fiscellaria),boreal conifers,survey class and tree,paired aerial and ground estimates through an outbreak,no,accuracy of aerial defoliation classes against ground estimates,accurate for light and moderate defoliation in the first outbreak year; lower accuracy at both ends of the defoliation gradient and much less reliable after the first year,"CENTRAL RECORD FOR RQ4. Shows that aerial survey severity accuracy is not stable across the outbreak, and that it degrades exactly where the gradient is extreme. Directly relevant to why severity was excluded as a response in this project."
10.3390/f11050529,2020,"Using Satellite Imagery to Evaluate Bark Beetle-Caused Tree Mortality Reported in Aerial Surveys in a Mixed Conifer Forest in Northern Idaho, USA",Forests,RQ4,"beetle-caused mortality mapped from two WorldView-2 images, then used to evaluate Insect and Disease Survey severity estimates",WorldView-2 fine-resolution satellite imagery against operational aerial survey,bark beetles,"mixed conifer forest, northern Idaho",damage polygon,independent satellite-derived mortality used as reference for survey polygons,no,agreement between survey severity estimates and satellite-derived mortality,not extracted from abstract,"CENTRAL RECORD FOR RQ4. Names the subjective nature of aerial surveys as the reason accuracy evaluation matters, and records the change in the reported severity metric from killed trees per acre to percent mortality within damage polygons, which is a direct warning about comparing survey years."
10.1016/j.rse.2020.112204,2020,Evaluating annual spruce budworm defoliation using change detection of vegetation indices calculated from satellite hyperspectral imagery,not stated,RQ4,change detection of vegetation indices from satellite hyperspectral imagery against ground-verified annual defoliation,satellite hyperspectral imagery,spruce budworm (Choristoneura fumiferana),Picea spp. and Abies balsamea,pixel,"ground verification data, scarce by the authors' account",no,not extracted from abstract,not extracted from abstract,"States that current operational annual defoliation estimates come from visual observation from small aircraft, defining broad defoliation classes which are subjective and spatially can be inaccurate. That is the label source this project uses."
10.3390/f11121258,2020,Discriminant Analysis of the Damage Degree Caused by Pine Shoot Beetle to Yunnan Pine Using UAV-Based Hyperspectral Images,Forests,RQ4,"one-way ANOVA, Pearson correlation and stepwise discriminant analysis to build a damage-degree diagnostic model",UAV hyperspectral,Tomicus spp. pine shoot beetle,"Pinus yunnanensis, 80 trees in four plots","individual tree, 80 trees","four sample plots, discriminant model validated internally",no,discriminant accuracy,not extracted from abstract,Small but fully ground-referenced sample with an explicit damage-degree gradient.
10.3390/rs10081184,2018,An Evaluation of Forest Health Insect and Disease Survey Data and Satellite-Based Remote Sensing Forest Change Detection Methods: Case Studies in the United States,Remote Sensing,RQ4,"three change-detection algorithms on Landsat and MODIS producing forest change products, assessed against TimeSync reference data and compared with the Insect and Disease Survey","Landsat, MODIS, against Insect and Disease Survey polygons",insect and disease disturbance,Southern New England and Rio Grande National Forest,pixel and polygon,independent accuracy assessment using TimeSync reference data,no,not extracted from abstract,not extracted from abstract,"CENTRAL FOR RQ4. The operational programme explicitly designed to supplement, not replace, aerial insect and disease survey data, with an independent reference-based accuracy assessment."
10.1117/1.jrs.12.046030,2018,Time-series approach for mapping mountain pine beetle infestation extent and severity in the U.S. Central Rocky Mountains,Journal of Applied Remote Sensing,RQ4,"time-series regression mapping infestation severity as within-pixel percentage, using Landsat, topography and aerial detection survey polygons as covariates","Landsat, digital elevation model, USFS aerial detection survey polygons",mountain pine beetle,US Central Rocky Mountains pine,"Landsat pixel, within-pixel percentage","validation against a randomly selected subset, reference from interpreted NAIP imagery",no,difference between predicted and reference severity,"no statistical difference between predictions and validation subset, as stated in the abstract","Uses aerial survey polygons as a model covariate rather than as ground truth, which is one way to use an imperfect label source honestly."
10.3390/rs9090929,2017,Detecting Drought-Induced Tree Mortality in Sierra Nevada Forests with Time Series of Satellite Data,Remote Sensing,RQ4,two-stage random forest trained with forest aerial detection survey data on MODIS index metrics and topographic variables,"MODIS, aerial detection survey data as training labels",drought-induced mortality,Sierra Nevada forest,MODIS pixel,not stated in abstract,no,not extracted from abstract,not extracted from abstract,"Trains directly on aerial survey labels, the same dependency this project has, at coarse support."
10.1016/j.jfe.2017.02.002,2017,Forest pests and home values: The importance of accuracy in damage assessment and geocoding of properties,not stated,RQ4,matching estimator with Bayesian regression adjustment quantifying the effect of geocoding and damage assessment error on estimated losses,USFS Aerial Detection Survey polygons,mountain pine beetle,Colorado front range wildland-urban interface,property location and survey polygon,comparison of estimates under different error assumptions,no,bias in estimated losses,both geocoding and damage assessment errors led to substantial biases,States verbatim that the Forest Service's Aerial Detection Survey is generally too coarse to be informative for property valuation that depends on highly localized spatial data. A blunt independent verdict on survey polygon positional quality.
10.3832/ifor1035-006,2014,Detecting mistletoe infestation on Silver fir using hyperspectral images,not stated,RQ4,hyperspectral image classification of infested versus non-infested fir,hyperspectral imagery,"white mistletoe (Viscum album), a parasitic plant","silver fir (Abies alba), Croatia",individual tree,not stated in abstract,no,not extracted from abstract,not extracted from abstract,"Silver fir host with a non-insect biotic agent that produces a physiologically similar water-stress signature to an adelgid, and is therefore a candidate confusing agent."
10.5070/v426110603,2014,Estimating the Total Economic Impact of Black Bear Peeling in Western Oregon Using GIS and REMI,not stated,RQ4,GIS and economic modelling of damage detected in annual aerial forest health surveys,annual aerial forest health survey,black bear bark peeling,"managed conifers, western Oregon",survey polygon,landowner survey data as an alternative estimate,no,detection completeness,"trees that scar over peeling are not detected by aerial surveys, as stated in the abstract","A clean statement of aerial survey omission: damage that heals is invisible to the survey, so the survey systematically undercounts sublethal damage."
10.1080/00049158.2013.799055,2013,Aerial mapping canopy damage by the aphid Essigella californica in a Pinus radiata plantation in southern New South Wales: what are the challenges?,not stated,RQ4,"aerial mapping of canopy damage, with an explicit discussion of the challenges",aerial survey,"Essigella californica, an aphid","Pinus radiata plantation, southern New South Wales",survey polygon,"not retrievable, abstract unavailable",not stated,not retrievable,not retrievable,"Identity resolved by title only, abstract not retrieved. Retained because it is the only record in the set on aerial survey mapping of an adelgid-adjacent sap-feeding aphid, whose damage is chronic and diffuse like the adelgid's. Priority full-text read."
10.1155/2010/498189,2010,Identifying Subalpine Fir (Abies lasiocarpa) Attacked by the Balsam Woolly Adelgid (Adelges piceae) Using Spectral Measurements of the Foliage,not stated,RQ1;RQ4,"stepwise discriminant analysis on branch-level high spectral resolution foliage measurements, then integration across wavebands to simulate SPOT5-HRVIR","field spectroscopy at branch level, simulated SPOT5-HRVIR",balsam woolly adelgid (Adelges piceae),subalpine fir (Abies lasiocarpa),branch,"stepwise discriminant analysis, cross-validation not stated in abstract",no,classification accuracy of infested versus non-infested,"94% with a three-variable model using the red-green index, 670 nm and 1912 nm; 83% with a single-variable model","CENTRAL RECORD FOR RQ1, already cited as Cook 2010. The 94% figure is at branch support under field spectroscopy, not at polygon support from satellite, and the comparison is infested versus non-infested on one host, not adelgid versus a second insect. The abstract also states that aerial surveys are conducted for detection of adelgid infestations, which is the label provenance this project inherits."
10.14358/pers.69.3.283,2003,"Mountain Pine Beetle Red-Attack Forest Damage Classification Using Stratified Landsat TM Data in British Columbia, Canada",not stated,RQ4,"classification of red-attack damage from Landsat TM stratified by GIS forest inventory, trained with field and aerial survey point data","Landsat TM 1999, aerial and field survey points, GIS forest inventory",mountain pine beetle (Dendroctonus ponderosae),"mature lodgepole pine (Pinus contorta), Fort St James Forest District, British Columbia",pixel within inventory strata,field and aerial survey point data,no,not extracted from abstract,not extracted from abstract,"British Columbia, aerial survey point data as reference, stratified by the provincial forest inventory. The direct methodological ancestor of what this project proposes, for a different insect."
10.1111/1365-2745.14145,2023,Short‐term effects of moderate severity disturbances on forest canopy structure,Journal of Ecology,RQ1;RQ3,"mixed-effects models with a non-linear time term applied to repeat NEON lidar canopy structure metrics, across six named moderate-severity agents",repeat airborne lidar (NEON),"press disturbances: beech bark disease, hemlock woolly adelgid, emerald ash borer. Pulse disturbances: spring cankerworm moth, spongy moth, ground fire","temperate forest of the eastern United States, one host per agent",plot,"longitudinal NEON plots, mixed-effects framework",no,"model-estimated change in structural metrics, no classification accuracy",high intensity press and pulse disturbances both inhibited canopy height growth; low intensity pulse disturbances facilitated it; high intensity pulse disturbances increased canopy complexity over time,"CENTRAL RECORD FOR RQ3 AND A NEGATIVE RESULT FOR H1. Six agents including hemlock woolly adelgid, examined structurally from repeat lidar. The abstract states verbatim that while the impact of press disturbances on other dimensions of canopy structure could not be clearly detected, likely because of compensatory growth, the impact of pulse disturbances over time was more readily apparent using multi-temporal LiDAR data. Adelgid damage is a press disturbance, so this is direct published evidence that the structural signal for the agent class of interest is weak. It compares agents rather than classifying them, and each agent sits on a different host. Not in references.bib."
10.3390/f14071357,2023,"Using Remote Sensing and Climate Data to Map the Extent and Severity of Balsam Woolly Adelgid Infestation in Northern Utah, USA",Forests,RQ1,"comparison of three model families, spectral only, terrain and climate only, and combined, for infestation severity","moderate-resolution multispectral satellite imagery, terrain and climate data",balsam woolly adelgid (Adelges piceae),"subalpine fir (Abies lasiocarpa), northern Utah",not stated in abstract,"not stated in abstract, mean R squared reported across runs",no,mean R squared and mean RMSE for severity,spectral only R2mean 0.482 RMSEmean 0.112; terrain and climate R2mean 0.746 RMSEmean 0.078; combined R2mean 0.836 RMSEmean 0.065,"CENTRAL RECORD FOR RQ1, already cited as Campbell 2023 and named as this project's exemplar. Its own abstract states the gap verbatim: while the spectral data successfully detected forest degradation, they failed to distinguish between causal agents of change. That sentence is the strongest published statement in the whole set that agent discrimination for this specific insect is unsolved by spectra alone."
10.1093/jofore/fvab001,2021,Spatial Distribution of Chesapeake Bay Riparian Hemlock Forests Threatened by Hemlock Woolly Adelgid,Journal of Forests,RQ1,thresholding of existing basal area raster layers to identify subwatersheds and riparian buffers with high host density,existing basal area raster products,hemlock woolly adelgid,"eastern hemlock (Tsuga canadensis), Chesapeake Bay",pixel within fixed-width riparian buffers,"not applicable, mapping exercise",no,not applicable,not applicable,"Host mapping as a precursor to damage mapping, again showing the host-first sequence."
10.1016/j.foreco.2020.118402,2020,Characterizing recent bark beetle-caused tree mortality in the western United States from aerial surveys,not stated,RQ1;RQ4,"compilation and analysis of the aerial survey record 1997 to 2018, converting affected area into mortality area, the canopy area of beetle-killed trees",USFS aerial detection survey,"bark beetles (Curculionidae, Scolytinae), by beetle and tree species",western United States conifers,survey polygon,"not applicable, dataset characterisation",no,mortality area and number of killed trees,not extracted from abstract,"CENTRAL FOR RQ4. Records that the US Forest Service changed survey approaches during the record, creating challenges for comparison across years, and that affected area overstates impact relative to mortality area. Both problems apply to the British Columbia archive."
10.1016/j.foreco.2020.118133,2020,"Subalpine fir mortality in Colorado is associated with stand density, warming climates and interactions among fungal diseases and the western balsam bark beetle",Forest Ecology and Management,RQ1;RQ4,"two field survey designs, statewide characterisation plots compared against aerial surveys, and stand health monitoring plots measuring biotic and abiotic factors directly",field survey compared against aerial survey,"western balsam bark beetle (Dryocoetes confusus), Armillaria root disease, black stain fungus (Ophiostoma dryocoetidis), spruce beetle (Dendroctonus rufipennis)","subalpine fir (Abies lasiocarpa) and Engelmann spruce (Picea engelmannii), Colorado",field plot and survey polygon,statewide characterisation plots explicitly compared to aerial surveys,no,association between ground-observed and aerially estimated mortality,not extracted from abstract,"CENTRAL RECORD FOR THIS PROJECT'S CONFOUNDS. The comparison class in this project, western balsam bark beetle, is shown here to act inside a mortality complex with two fungi and a second beetle on subalpine fir. Its first research question is whether spruce-fir mortality observed at ground level is similar to that estimated through aerial surveys, which is the RQ4 question in the exact host system. Not in references.bib."
10.3390/f11111167,2020,Ability of Remote Sensing Systems to Detect Bark Beetle Spots in the Southeastern US,not stated,RQ1,comparison of Sentinel-2 and MODIS NDVI products for detecting small bark beetle spots,"Sentinel-2, MODIS (ForWarn)",bark beetles,southeastern United States forest,pixel,not stated in abstract,no,relative detection potential,Sentinel-2 NDVI shows greater potential than MODIS; MODIS resolution prevents deployment given high spatiotemporal heterogeneity,"A clean statement that spatial resolution, not algorithm, is the binding constraint in fragmented forest, which is the situation on coastal British Columbia."
10.3390/rs12152412,2020,Monitoring Forest Infestation and Fire Disturbance in the Southern Appalachian Using a Time Series Analysis of Landsat Imagery,Remote Sensing,RQ1,"comparison of tasseled cap indices, NDVI, EVI and a disturbance index in Landsat time series for capturing infestation and fire",all available Landsat imagery,hemlock woolly adelgid and wildfire,"Tsuga canadensis and Tsuga caroliniana, southern Appalachians",pixel,not stated in abstract,no,index performance comparison,not extracted from abstract,"Two agents in one landscape, an insect and a fire, compared through index performance rather than classified against each other."
10.1093/jofore/fvz021,2019,Combined Effects of Hemlock Woolly Adelgid (Adelges tsugae) Infestation and Treatment with Imidacloprid on Eastern Hemlock (Tsuga canadensis) Leaf Radiometry,Journal of Forests,RQ1,leaf-level radiometry under a factorial of adelgid presence or absence and imidacloprid treatment,leaf-level radiometry,"hemlock woolly adelgid, with an insecticide treatment as a second factor",eastern hemlock (Tsuga canadensis),leaf,factorial presence-absence and treatment design,no,leaf optical properties,adelgid presence changed lower canopy leaf optical properties indicative of reduced photosynthetic potential and efficiency,"Locates the adelgid's optical signal in the lower canopy, which is exactly where passive overhead sensors cannot see and where lidar can."
10.1098/rsfs.2017.0044,2018,"The potential to characterize ecological data with terrestrial laser scanning in Harvard Forest, MA",Interface Focus,RQ1,"review of terrestrial laser scanning applications at a long-term ecological research site, including dual-wavelength instruments","terrestrial laser scanning, including the Dual-Wavelength Echidna Lidar, with airborne laser scanning and forest census data",not the focus; the site carries hemlock and hemlock woolly adelgid history,"Harvard Forest, Massachusetts","plot and individual tree, 35 ha ForestGEO plot","not applicable, review",no,not applicable,not applicable,"The instrument and site context behind the simulated-GEDI adelgid study, so it establishes what structural data exist for the eastern adelgid system."
10.3390/rs9050407,2017,"Spring and Autumn Phenological Variability across Environmental Gradients of Great Smoky Mountains National Park, USA",Remote Sensing,RQ1,"MODIS NDVI time series filtered by cover type, topography and disturbance history to isolate phenological variation","MODIS NDVI, 2000 to 2015",disturbance history used as a filter rather than a response,Great Smoky Mountains National Park,MODIS pixel,not stated in abstract,no,not extracted from abstract,elevational effects were greatest in spring and more important than site moisture effects,"Quantifies how much phenological signal elevation alone produces, which is the background against which any damage anomaly must be measured in mountainous terrain."
10.1111/mec.13589,2016,"Ancient and modern colonization of North America by hemlock woolly adelgid, Adelges tsugae (Hemiptera: Adelgidae), an invasive insect from East Asia",Molecular Ecology,RQ1,14 microsatellites and mitochondrial COI sequencing to reconstruct lineage structure and colonization history,"not applicable, molecular",hemlock woolly adelgid (Adelges tsugae),"Tsuga spp., worldwide",individual insect,"not applicable, molecular phylogeography",no,not applicable,"eight endemic lineages identified, including a western North American lineage with very high microsatellite heterozygosity suggesting ancient asexuality","Not a remote sensing study. Retained for RQ1 because it independently corroborates the western North American adelgid as a distinct endemic lineage, which is the finding that reorganised this project."
10.1093/jee/tou015,2015,A 10-Year Assessment of Hemlock Decline in the Catskill Mountain Region of New York State using Hyperspectral Remote Sensing Techniques,Journal of Economic Entomology,RQ1,"hyperspectral collections in 2001 and 2012 with concurrent ground truthing, compared against a ten-year field metric survey",airborne hyperspectral,hemlock woolly adelgid,"eastern and Carolina hemlock, Catskill Mountains",stand and tree,two hyperspectral epochs with concurrent ground truthing over a ten-year field survey,no,change in field condition metrics,fine twig dieback increased from 9% to 15%; live crown ratio decreased from 67% to 56%; healthy hemlock fell from 59% in 2001,"Ten-year repeat with matched ground truth. Quantifies how slow and small the adelgid's canopy change is, which bounds what any single-epoch classifier can see."
10.1890/es11-0277.1,2012,A foundation tree at the precipice: Tsuga canadensis health after the arrival of Adelges tsugae in central New England,not stated,RQ1,aerial photograph mapping of hemlock distribution with a 123-stand subsample examining spatial pattern of infestation and impact,aerial photographs,"hemlock woolly adelgid, since arrival in 1989","Tsuga canadensis, central Massachusetts","stand, 5127 stands mapped and 123 subsampled",stratified subsample of mapped stands,no,area and stand counts,"over 86,000 ha of hemlock forest mapped in 5127 stands","Landscape and stand factors influencing spread and impact for the eastern adelgid, at the scale this project works at."
10.1093/forestscience/56.6.529,2010,Property Value Impacts of Hemlock Woolly Adelgid in Residential Forests,Forestry sciences,RQ1,hedonic price models on a decade of property transactions with hemlock health measured biannually by image differencing,"satellite imagery, image differencing",hemlock woolly adelgid,"naturally regenerated hemlock stands, West Milford, New Jersey",stand and parcel,spatial error and fixed-effects panel models,no,"not applicable, economic estimate",hemlock decline consistently caused statistically significant reductions in property values,"Uses a remote sensing health series as an economic covariate, an example of the downstream use that makes label accuracy consequential."
10.1093/forestscience/43.3.327,1997,Monitoring Hemlock Forest Health in New Jersey Using Landsat TM Data and Change Detection Techniques,Forestry sciences,RQ1,"regression relating canopy condition to the temporal difference in near infrared over red reflectance between anniversary Landsat dates, predicting four condition classes","Landsat Thematic Mapper, anniversary dates 1984 and 1994",hemlock woolly adelgid,"eastern hemlock (Tsuga canadensis), New Jersey Highlands, 1267 km2",90 m diameter ground plot and pixel,"105 plots for model development, 50 plots reserved for accuracy assessment",no,correlation with ground-measured damage,R2 0.73 between the vegetative index difference and ground-measured hemlock damage,"CENTRAL RECORD FOR RQ1. States verbatim that lightly defoliated hemlock canopy did not differ spectrally from healthy hemlock. That is the detection floor for adelgid damage from moderate-resolution optical imagery, established in 1997 and never overturned in this set."
10.1002/ecs2.1467,2016,Are U.S. national parks in the Upper Midwest acting as refugia? Inside vs. outside park disturbance regimes,not stated,RQ2,"LandTrendr automated change detection across 1.5 million ha, with agents assigned inside and outside park boundaries",Landsat,"beaver, blowdown, development, fire, flooding, insect or disease, and forest harvest","Upper Midwest United States forest, eight national parks",patch,not stated in abstract,no,not extracted from abstract,not extracted from abstract,"Seven agent classes, one of the widest in the set, yet all insects and all diseases share a single class."
10.3390/f6030594,2015,Analysis of Unmanned Aerial System-Based CIR Images in Forestry—A New Perspective to Monitor Pest Infestation Levels,not stated,RQ2,colour-infrared UAS imagery from a calibrated modified compact camera at crown and branch level,UAS colour-infrared imagery,oak splendour beetle (Agrilus biguttatus),"Quercus spp., western Germany",individual crown and branch,"two study sites, design not stated in abstract",no,not extracted from abstract,not extracted from abstract,Early UAS work at the crown and branch level for a stem-boring beetle.
10.1186/s13021-015-0041-6,2015,Choice of satellite imagery and attribution of changes to disturbance type strongly affects forest carbon balance estimates,Carbon Balance and Management,RQ2,"carbon budget modelling under four remote sensing products, varying spatial resolution, temporal resolution and whether changes were attributed to disturbance type","Landsat, Landsat-SPOT, MODIS",disturbance types assigned using supplementary data,Canadian forest,30 m and 250 m pixel,comparison of estimates under different product choices,no,effect of attribution choice on carbon flux estimates,not extracted from abstract,"Shows that attributing change to disturbance type materially changes downstream estimates, which is the practical argument for getting agent right."
10.1659/mrd-journal-d-13-00017.1,2014,"Post-disaster Forest Management and Bark Beetle Outbreak in Tatra National Park, Slovakia",not stated,RQ2,"GIS mapping from colour-infrared aerial imagery of windstorm damage and subsequent beetle infestation, presented as simple techniques for managers",colour-infrared aerial imagery,Alzbeta windstorm 2004 then Ips typographus outbreak in uncleared wood,"Norway spruce, Tatra National Park, Slovakia",stand and patch,not stated in abstract,no,area affected,"12,000 ha of forest damaged by wind, about 165,000 m3 of damaged wood left uncleared","Documents the causal chain from an abiotic event through uncleared material to a biotic outbreak, so the two agents are not independent."
10.3390/rs6065696,2014,Mapping Mountain Pine Beetle Mortality through Growth Trend Analysis of Time-Series Landsat Data,Remote Sensing,RQ2,forest growth trend analysis combining Landsat temporal trajectories with decision trees to attribute events from segment characteristics,Landsat time series over 11 years,mountain pine beetle,western North American pine,pixel,validation reported but figures not extracted from abstract,no,not extracted from abstract,not extracted from abstract,"Names the two obstacles plainly, eliminating observational noise and attributing changes quantitatively."
10.3390/f5123169,2014,"Evaluating an Automated Approach for Monitoring Forest Disturbances in the Pacific Northwest from Logging, Fire and Insect Outbreaks with Landsat Time Series Data",not stated,RQ2;RQ4,"48 maps produced from disturbance index thresholds and trajectory-based analysis at multiple confidence thresholds, verified against three independent sources","Landsat time series stacks, AVHRR for the original signal","logging, fire and insect outbreak",Pacific Northwest forest,pixel,"verified with air photos, monitoring trends in burn severity data, and insect aerial detection survey data",no,not extracted from abstract,not extracted from abstract,Uses aerial detection survey data as one of three independent verification sources rather than as training labels.
10.1890/es14-00234.1,2014,Ice storms generate spatially heterogeneous damage patterns at the watershed scale in forested landscapes,not stated,RQ2,"analysis of damage pattern against biophysical factors at two spatial extents, the whole national forest and 65 individual watersheds","remote sensing damage mapping, sensor not stated in abstract",ice storm,Ouachita National Forest,watershed and forest,comparison across two spatial extents,no,not extracted from abstract,not extracted from abstract,"Finds that the apparent biophysical controls of damage depend on the spatial extent of analysis, a direct warning about support and blocking."
10.1016/j.rse.2011.09.009,2011,A Landsat time series approach to characterize bark beetle and defoliator impacts on tree mortality and surface fuels in conifer forests,not stated,RQ1;RQ2,Landsat time series characterisation of impacts on tree mortality and surface fuels,Landsat time series,bark beetle and defoliator,"conifer forests, region not resolved without the full text","not stated, abstract not retrievable","not stated, abstract not retrievable",not stated,"not stated, abstract not retrievable","not stated, abstract not retrievable","Identity resolved by title only. Neither Crossref nor Semantic Scholar returned an abstract and the full text was not opened, so nothing about its method or results is asserted here. PRIORITY FULL-TEXT READ. Together with R0521 it is one of only two records in the set whose title names two insect agents in one conifer study, and 241 citations make it the most influential of the two."
10.1016/j.rse.2009.05.006,2009,Monitoring the spatio-temporal dynamics of geometrid moth outbreaks in birch forest using MODIS-NDVI data,not stated,RQ2,MODIS NDVI time series tracking outbreak spatio-temporal dynamics,MODIS NDVI,geometrid moths,birch forest,MODIS pixel,"not stated, abstract not retrievable",not stated,not retrievable,not retrievable,Identity resolved by title only. Included because geometrid defoliators on birch are the closest northern analogue to a chronic defoliating pest tracked at coarse support.
10.1007/s00442-008-1274-9,2009,Hyperspectral remote detection of niche partitioning among canopy trees driven by blowdown gap disturbances in the Central Amazon,Oecologia,RQ2,hyperspectral detection of canopy species composition within blowdown gaps,airborne hyperspectral,blowdown gap disturbance,Central Amazon forest,canopy crown,"not retrievable, abstract unavailable",not stated,not retrievable,not retrievable,"Identity by title only. Included because it shows species composition changing systematically with disturbance, so a species signal and a disturbance signal are entangled."
10.1007/s11069-004-1795-4,2005,Modelling and Mapping Damage to Forests from an Ice Storm Using Remote Sensing and Environmental Data,not stated,RQ2,modelling and mapping ice storm damage from remote sensing combined with environmental data,satellite imagery with environmental covariates,ice storm,"forest, region not resolved",not retrievable,"not retrievable, abstract unavailable",not stated,not retrievable,not retrievable,Identity by title only. Part of the ice-storm attribution family the survey previously cited as an example of agents that differ in site and timing.
10.1016/j.rse.2015.09.019,2015,Characterizing spectral-temporal patterns of defoliator and bark beetle disturbances using Landsat time series,Remote Sensing of Environment,RQ1;RQ2;RQ3;RQ4,"LandTrendr segmentation of annual NBR and Tasseled Cap time series, then two random forest models: one separating insect disturbance from harvest and fire, one attributing insect disturbance to agent",Landsat time series 1990 to 2013,mountain pine beetle (Dendroctonus ponderosae) and western spruce budworm (Choristoneura freemani),"lodgepole pine and Douglas-fir respectively, Interior Douglas-fir zone, British Columbia",Landsat pixel,"800 randomly selected reference pixels labelled from image chips, trajectory plots, high-resolution imagery, the provincial aerial overview survey, the Vegetation Resource Inventory and the Canadian National Fire Database; 10,000 training pixels, 10,000 validation pixels in pure stands and a second independent set of 10,000 covering pure and mixed stands; out-of-bag confusion matrix for phase one","no, but the pure-stand and mixed-stand reference sets are reported separately","overall accuracy for disturbance classification and for agent attribution, plus per-class misattribution",insect disturbance mapped at 76.8% overall; agent attribution 75.3% to 88.0% depending on whether only pure host-stands or mixed stands were considered; in mixed host stands nearly 45% of western spruce budworm disturbances were falsely attributed to mountain pine beetle,"THE RECORD THAT REFUTES THE TWO-INSECT CLAIM. Full text read 2026-08-14. Senf, Pflugmacher, Wulder and Hostert 2015, already in references.bib as @Senf_2015. Stated objective, verbatim: 'to test if the two insect disturbances can be separated with Landsat data'. It also states verbatim that 'many studies have focused on single insect agents or aggregated different insect agents into a single group', and that 'Spectral metrics describing disturbance magnitude were more important for distinguishing the two insect agents than the disturbance duration', with budworm change magnitudes generally lower than beetle. Same province and same label source as this project. The two agents attack different hosts, and training was filtered to pixels where the aerial overview survey coincided with the respective host tree, so the pure-stand accuracy depends on host separation; the mixed-stand result shows what happens when it is removed. THIS RECORD WAS EXCLUDED IN ERROR AT THE MECHANICAL SCREEN as not-forest, because it carries no abstract in the search payload and its title contains no forest term."
10.1016/j.rse.2012.05.016,2012,Estimating aboveground carbon stocks of a forest affected by mountain pine beetle in Idaho using lidar and multispectral imagery,Remote Sensing of Environment,RQ3,"cross-validated additive and linear models of aboveground carbon from lidar metrics; supervised classification of aerial photography into green, red and gray tree classes","discrete-return lidar, high-resolution digital aerial photography",mountain pine beetle (Dendroctonus ponderosae),"conifer, central Idaho",tree and plot,cross-validation,no,overall accuracy (kappa) for green/red/gray classification; R2 for AGC,"87% (kappa 0.79) classification; R2 0.84 plot AGC, 0.50-0.54 tree AGC","Rescued from needs-identity 2026-08-14. Abstract retrieved via Europe PMC. Lidar quantifies carbon in beetle-killed trees; the agent class is single and the classification separates crown colour stage, not agent. Does not bear on between-agent attribution."
,2002,Discriminating Tsuga canadensis Hemlock Forest Defoliation Using Remotely Sensed Change Detection.,not stated in record,RQ1,"Landsat change detection on NDVI differences related to ground-measured defoliation, four health classes",Landsat,hemlock woolly adelgid (Adelges tsugae),eastern hemlock (Tsuga canadensis),not stated,not stated,no,"overall accuracy, four classes",82%,"Rescued from needs-identity 2026-08-14. Abstract retrieved via Europe PMC. Companion to Royle and Lathrop New Jersey hemlock work. Single agent, detection and severity only, no between-agent attribution."
10.1016/j.foreco.2007.03.005,2007,Assessment of defoliation during a pine sawfly outbreak: Calibration of airborne laser scanning data with hemispherical photography,Forest Ecology and Management,RQ3,regression of hemispherical-photograph LAI on log-transformed inverse gap fraction from airborne laser scanning,small-footprint airborne laser scanning; hemispherical photography,pine sawfly,"pine, eastern Norway",plot (15 m radius window),not stated,no,"R2, LAI against ALS gap fraction",0.93,"Rescued from needs-identity 2026-08-14. Abstract retrieved via Europe PMC. Structure grades insect defoliation severity; single agent, no attribution between agents."
,2007,MAPPING DEFOLIATION WITH LIDAR,ISPRS Archives XXXVI-3/W52,RQ3,"single-scan lidar concept: actual LAI from pulse penetration against expected LAI from single-tree-segmentation stand density, ratio used as a defoliation indicator",airborne laser scanning,"insect defoliation, Norway 2005 event","Scots pine, Norway spruce",grid cell,not stated,no,LAI to stand density ratio (preliminary standard),about 0.5 healthy pine; about 0.2 totally defoliated,"Rescued from needs-identity 2026-08-14. Full text read at isprs.org (Solberg and Naesset). Conference paper, preliminary results from four related studies. Structure grades defoliation from one acquisition; no between-agent attribution."
10.5589/m13-027,2013,Predicting live and dead tree basal area of bark beetle affected forests from discrete-return lidar,Canadian Journal of Remote Sensing,RQ3,"Random Forest models of total, live, dead and percent dead basal area from lidar metrics",discrete-return lidar,bark beetles (five beetle-affected forests),"conifer; Alaska, Arizona, Colorado, Idaho, Oregon",plot,not stated in retrieved record,no,"variation explained, qualitative in retrieved record",not stated in retrieved record,"Rescued from needs-identity 2026-08-14. Abstract read at research.fs.usda.gov/treesearch/46928. Lidar predicts mortality state, not agent identity; all mortality is one beetle class. Records 248 and 265 in this subset are the same study."
10.1109/jstars.2014.2346955,2014,Landsat Time Series and Lidar as Predictors of Live and Dead Basal Area Across Five Bark Beetle-Affected Forests,IEEE Journal of Selected Topics in Applied Earth Observations and Remote Sensing,RQ3,random forest models comparing lidar metrics against LandTrendr Landsat time-series metrics for live and dead basal area,discrete-return lidar; Landsat time series,bark beetles (five beetle-affected forests),"conifer; Alaska, Arizona, Colorado, Idaho, Oregon",plot,not stated in retrieved record,no,variation explained,28 to 61 percent,"Rescued from needs-identity 2026-08-14. Abstract read at research.fs.usda.gov/treesearch/49638. Direct head-to-head of structure against optical time series for a beetle agent: lidar better for total and living biomass, LandTrendr better for dead biomass and mortality percentage. Severity, not agent attribution."
10.1016/j.rse.2006.03.001,2006,Mapping defoliation during a severe insect attack on Scots pine using airborne laser scanning,Remote Sensing of Environment,RQ3,"regression of field leaf area index on laser-derived gap fraction, repeated scans across a defoliation event",small-footprint airborne laser scanning,"pine sawfly defoliation, Norway",Scots pine (Pinus sylvestris),plot,not established from retrieved record,no,not established from retrieved record,not established from retrieved record,"Rescued from needs-identity 2026-08-14. Abstract not returned by Crossref, Semantic Scholar or Europe PMC and the full text was not opened; identity confirmed by Crossref title, journal and DOI. Included on identity as a founding structure-for-defoliation record. No number from this paper is quoted anywhere. Single agent, no between-agent attribution."
10.1016/s0034-4257(99)00008-5,1999,Detecting Jack Pine Budworm Defoliation Using Spectral Mixture Analysis: Separating Effects from Determinants,Remote Sensing of Environment,RQ2,"spectral mixture analysis of Landsat TM before and during an outbreak, separating defoliation effects from correlated forest attributes",Landsat TM,jack pine budworm,"jack pine, northwestern Wisconsin",not established from retrieved record,not established from retrieved record,no,not established from retrieved record,not established from retrieved record,"Rescued from needs-identity 2026-08-14. Abstract not retrievable from Crossref, Semantic Scholar or Europe PMC; full text not opened. Included on identity because its stated concern, separating a defoliation signal from the stand attributes correlated with defoliation, is the same confound Oeser 2017 and the Stanislaus work record. No number quoted."
10.1023/a:1010021629127,1999,Using Satellite Images to Classify and Analyze the Health of Hemlock Forests Infested by the Hemlock Woolly Adelgid,Biological Invasions,RQ1,satellite image classification of hemlock forest health classes,satellite multispectral,hemlock woolly adelgid (Adelges tsugae),eastern hemlock (Tsuga canadensis),not established from retrieved record,not established from retrieved record,no,not established from retrieved record,not established from retrieved record,"Rescued from needs-identity 2026-08-14. Springer blocked automated retrieval and Crossref carried no abstract; identity confirmed by Crossref title, journal and DOI. Eastern adelgid mechanism record for RQ1. No number quoted."
10.1080/07038992.1995.10874624,1995,Aerial and satellite sensor detection and classification of western spruce budworm defoliation in a subalpine forest,Canadian Journal of Remote Sensing 21(3):299-308,RQ1,detection and classification of defoliation from aerial and satellite sensors,aerial and satellite multispectral,western spruce budworm,subalpine forest,not established from retrieved record,not established from retrieved record,no,not established from retrieved record,not established from retrieved record,"Rescued from needs-identity 2026-08-14. Authors Franklin, Waring, McCreight, Cohen and Fiorella confirmed from the Andrews Forest Research Program publication record; abstract not available there and full text not opened. Same agent as one arm of Senf 2015. Single agent here, no between-agent attribution. No number quoted."
10.1109/jstars.2013.2258329,2014,Spectral Discrimination of Insect Defoliation Levels in Mopane Woodland Using Hyperspectral Data,IEEE Journal of Selected Topics in Applied Earth Observations and Remote Sensing 7(1):177-186,RQ1,random forest discrimination of three defoliation levels from field canopy spectra,ASD FieldSpec HandHeld 2 field spectroscopy,insect defoliation (Imbrasia belina),mopane woodland,canopy or branch,not established from retrieved record,no,not established from retrieved record,not established from retrieved record,"Rescued from needs-identity 2026-08-14. IEEE blocked automated retrieval; identity and author list confirmed from Crossref and the publisher record. Severity discrimination within one agent, not between agents. No number quoted."
10.5589/m10-005,2009,Assessing differences in tree and stand structure following beetle infestation using lidar data,Canadian Journal of Remote Sensing 35:497-508,RQ3,comparison of lidar-derived tree and stand structure metrics between beetle-infested and uninfested stands,airborne lidar,mountain pine beetle,"lodgepole pine, British Columbia",tree and stand,not established from retrieved record,no,not established from retrieved record,not established from retrieved record,"Rescued from needs-identity 2026-08-14. Abstract not retrievable from Crossref, Semantic Scholar or Europe PMC; full text not opened. Authors Coops, Varhola, Bater and colleagues confirmed from the publisher record. Directly on the secondary question of whether insect damage leaves a structural signature. No number quoted."
,2010,COMPARISON OF TERRESTRIAL LASER SCANNER AND SYNTHETIC APERTURE RADAR DATA IN THE STUDY OF FOREST DEFOLIATION,"ISPRS TC VII Symposium, Vienna",RQ3,terrestrial laser scanner change detection on defoliated stands compared with simultaneous ERS-2 SAR imagery and visual needle-loss estimates,terrestrial laser scanning; ERS-2 synthetic aperture radar,European pine sawfly (Neodiprion sertifer),Scots pine (Pinus sylvestris),tree and stand,visual estimation of needle loss as reference,no,not established from retrieved record,not established from retrieved record,"Rescued from needs-identity 2026-08-14. This is one of the two pre-2010 radar and lidar defoliation records the survey named as a priority cluster for RQ3. Authors Kaasalainen, Hyyppa, Karjalainen and colleagues. Conference paper; full text not opened, identity established from the publisher and repository record. Structure and radar used together for defoliation detection, not for agent attribution. No number quoted."
10.1080/01431169508954591,1995,Discrimination of adelgid-damage on single balsam fir trees with aerial remote sensing data,International Journal of Remote Sensing 16:2779-2794,RQ1,discrimination of adelgid damage classes on individual trees from airborne multispectral imagery,airborne multispectral,balsam woolly adelgid (Adelges piceae),balsam fir (Abies balsamea),single tree,not established from retrieved record,no,not established from retrieved record,not established from retrieved record,"Rescued from needs-identity 2026-08-14. Franklin, Bowers and Ghitter. This is the record already in references.bib as FRANKLIN_1995 and already cited in the survey for RQ1; it was nevertheless sitting in needs-identity, which is itself a finding about the screen. Abstract not retrievable; full text not opened. No number quoted."
10.1016/j.fecs.2022.100068,2022,Remote sensing of bark beetle damage in Norway spruce individual tree canopies using thermal infrared and airborne laser scanning data fusion,Forest Ecosystems,RQ3,"fusion of airborne thermal and laser scanning data, K-means clustering of canopy temperature into three condition states",airborne middle-wave infrared thermal; airborne laser scanning,European spruce bark beetle (Ips typographus),"Norway spruce (Picea abies), Wigry National Park, Poland",individual tree canopy,synchronous ground reference trees in different health conditions,no,not established from retrieved record,not established from retrieved record,"Rescued from needs-identity 2026-08-14. Abstract not returned by Crossref, Semantic Scholar or Europe PMC and the publisher page blocked automated retrieval; identity, sensors, agent, host and site established from the publisher record. Laser scanning used for crown segmentation, thermal for condition; three health states of one agent, not agent attribution. No number quoted."
10.1109/euma.1992.335825,1992,Detection of Spruce Defoliation with Microwave Radar Techniques,22nd European Microwave Conference,RQ3,microwave radar measurement of defoliated spruce,microwave radar,spruce defoliation,spruce,not established from retrieved record,not established from retrieved record,no,not established from retrieved record,not established from retrieved record,"Rescued from needs-identity 2026-08-14. The second of the two pre-2010 radar defoliation records the survey named as a priority cluster for RQ3. Abstract not retrievable from Crossref, Semantic Scholar or Europe PMC; IEEE blocked automated retrieval and the full text was not opened. Identity confirmed by Crossref title, conference and DOI only. Nothing is claimed about its contents beyond its title. No number quoted."
10.1109/nrc.1996.510708,1996,Radar backscatter model of a defoliated forest using log-periodic antenna array technology,IEEE National Radar Conference 1996,RQ3,radar backscatter modelling of a defoliated forest,radar,defoliation,"forest, species not established from retrieved record",not established from retrieved record,not established from retrieved record,no,not established from retrieved record,not established from retrieved record,"Rescued from needs-identity 2026-08-14. Abstract not retrievable and full text not opened; identity confirmed by Crossref title, conference and DOI only. Belongs with Tanase 2019 in the radar-physics arm of RQ3. Nothing claimed beyond its title."
10.1016/j.foreco.2025.122698,2025,Hemlock woolly adelgid infestation influences canopy structural complexity and its relationship with primary production in a temperate mixed forest,Forest Ecology and Management,RQ3,comparison of canopy structural complexity metrics and wood net primary production across plots of differing infestation severity,airborne lidar (NEON),hemlock woolly adelgid (Adelges tsugae),eastern hemlock in a temperate mixed forest,plot,not established from retrieved record,no,not established from retrieved record,not established from retrieved record,"Rescued from needs-identity 2026-08-14. HIGH RELEVANCE to the secondary question of whether adelgid damage leaves a canopy structural signature, and it is more recent than Choi, LaRue and Atkins 2023. Authors Alveshere, Siddiqui, Krause, van Aardt and Gough; an SSRN preprint of the same study exists at abstract_id 5006994. Elsevier, Springer and SSRN all blocked automated retrieval, Crossref carried no abstract, and the full text was not opened, so no wording or number from it is quoted or paraphrased here. It must be read in full before anything is written into a draft."
