doi,year,title,venue,reason,basis,notes
10.1109/tgrs.2008.916480,2008,Fusion of Hyperspectral and LIDAR Remote Sensing Data for Classification of Complex Forest Areas,IEEE Transactions on Geoscience and Remote Sensing,no-question,title only; no abstract returned by Crossref or Semantic Scholar,"Mechanical exclusion on title vocabulary. Subject is forest inventory, species or land-cover classification with no disturbance agent, or a non-forest subject."
10.1016/j.rse.2007.10.009,2008,"Nearest neighbor imputation of species-level, plot-scale forest structure attributes from LiDAR data",Remote Sensing of Environment,no-question,title only; no abstract returned by Crossref or Semantic Scholar,"Mechanical exclusion on title vocabulary. Subject is forest inventory, species or land-cover classification with no disturbance agent, or a non-forest subject."
10.1016/j.isprsjprs.2010.08.007,2011,Relevance of airborne lidar and multispectral image data for urban scene classification using Random Forests,ISPRS Journal of Photogrammetry and Remote Sensing,not-forest,title only; no abstract returned by Crossref or Semantic Scholar,"Mechanical exclusion on title vocabulary. Subject is forest inventory, species or land-cover classification with no disturbance agent, or a non-forest subject."
10.1016/0034-4257(92)90056-p,1992,Estimating structural attributes of Douglas-fir/western hemlock forest stands from Landsat and SPOT imagery,Remote Sensing of Environment,no-question,title only; no abstract returned by Crossref or Semantic Scholar,"Mechanical exclusion on title vocabulary. Subject is forest inventory, species or land-cover classification with no disturbance agent, or a non-forest subject."
10.1016/j.rse.2014.10.004,2015,Generalizing predictive models of forest inventory attributes using an area-based approach with airborne LiDAR data,Remote Sensing of Environment,no-question,title only; no abstract returned by Crossref or Semantic Scholar,"Mechanical exclusion on title vocabulary. Subject is forest inventory, species or land-cover classification with no disturbance agent, or a non-forest subject."
10.5558/tfc2013-132,2013,A best practices guide for generating forest inventory attributes from airborne laser scanning data using an area-based approach,The Forestry Chronicle,no-question,title only; no abstract returned by Crossref or Semantic Scholar,"Mechanical exclusion on title vocabulary. Subject is forest inventory, species or land-cover classification with no disturbance agent, or a non-forest subject."
10.1016/j.rse.2007.01.005,2007,The k-MSN method for the prediction of species-specific stand attributes using airborne laser scanning and aerial photographs,Remote Sensing of Environment,no-question,title only; no abstract returned by Crossref or Semantic Scholar,"Mechanical exclusion on title vocabulary. Subject is forest inventory, species or land-cover classification with no disturbance agent, or a non-forest subject."
10.1016/j.rse.2009.12.004,2010,Prediction of species specific forest inventory attributes using a nonparametric semi-individual tree crown approach based on fused airborne laser scanning and multispectral data,Remote Sensing of Environment,no-question,title only; no abstract returned by Crossref or Semantic Scholar,"Mechanical exclusion on title vocabulary. Subject is forest inventory, species or land-cover classification with no disturbance agent, or a non-forest subject."
10.1016/j.isprsjprs.2017.05.010,2017,"Random forest wetland classification using ALOS-2 L-band, RADARSAT-2 C-band, and TerraSAR-X imagery",ISPRS Journal of Photogrammetry and Remote Sensing,not-forest,title only; no abstract returned by Crossref or Semantic Scholar,"Mechanical exclusion on title vocabulary. Subject is forest inventory, species or land-cover classification with no disturbance agent, or a non-forest subject."
10.1080/07038992.2016.1196582,2016,Imputation of Individual Longleaf Pine (Pinus palustris Mill.) Tree Attributes from Field and LiDAR Data,Canadian Journal of Remote Sensing,no-question,title only; no abstract returned by Crossref or Semantic Scholar,"Mechanical exclusion on title vocabulary. Subject is forest inventory, species or land-cover classification with no disturbance agent, or a non-forest subject."
10.1016/j.rse.2011.11.001,2012,A novel algorithm for land use and land cover classification using RADARSAT-2 polarimetric SAR data,Remote Sensing of Environment,not-forest,title only; no abstract returned by Crossref or Semantic Scholar,"Mechanical exclusion on title vocabulary. Subject is forest inventory, species or land-cover classification with no disturbance agent, or a non-forest subject."
10.1016/j.rse.2010.01.016,2010,"Imputation of single-tree attributes using airborne laser scanning-based height, intensity, and alpha shape metrics",Remote Sensing of Environment,no-question,title only; no abstract returned by Crossref or Semantic Scholar,"Mechanical exclusion on title vocabulary. Subject is forest inventory, species or land-cover classification with no disturbance agent, or a non-forest subject."
10.1016/j.rse.2016.10.022,2017,A nationwide forest attribute map of Sweden predicted using airborne laser scanning data and field data from the National Forest Inventory,Remote Sensing of Environment,no-question,title only; no abstract returned by Crossref or Semantic Scholar,"Mechanical exclusion on title vocabulary. Subject is forest inventory, species or land-cover classification with no disturbance agent, or a non-forest subject."
10.1016/j.envsoft.2010.12.008,2011,An architectural model of trees to estimate forest structural attributes using terrestrial LiDAR,Environmental Modelling & Software,no-question,title only; no abstract returned by Crossref or Semantic Scholar,"Mechanical exclusion on title vocabulary. Subject is forest inventory, species or land-cover classification with no disturbance agent, or a non-forest subject."
10.1016/0034-4257(94)00075-x,1995,Land-cover classification and estimation of terrain attributes using synthetic aperture radar,Remote Sensing of Environment,not-forest,title only; no abstract returned by Crossref or Semantic Scholar,"Mechanical exclusion on title vocabulary. Subject is forest inventory, species or land-cover classification with no disturbance agent, or a non-forest subject."
10.1016/j.foreco.2008.04.025,2008,Multi-source land cover classification for forest fire management based on imaging spectrometry and LiDAR data,Forest Ecology and Management,no-question,title only; no abstract returned by Crossref or Semantic Scholar,"Mechanical exclusion on title vocabulary. Subject is forest inventory, species or land-cover classification with no disturbance agent, or a non-forest subject."
10.5589/m06-015,2006,Object-oriented land cover classification of lidar-derived surfaces,Canadian Journal of Remote Sensing,not-forest,title only; no abstract returned by Crossref or Semantic Scholar,"Mechanical exclusion on title vocabulary. Subject is forest inventory, species or land-cover classification with no disturbance agent, or a non-forest subject."
10.1109/36.499786,1996,Classification of multifrequency polarimetric SAR imagery using a dynamic learning neural network,IEEE Transactions on Geoscience and Remote Sensing,no-question,title only; no abstract returned by Crossref or Semantic Scholar,"Mechanical exclusion on title vocabulary. Subject is forest inventory, species or land-cover classification with no disturbance agent, or a non-forest subject."
10.1109/36.481896,1996,Knowledge-based land-cover classification using ERS-1/JERS-1 SAR composites,IEEE Transactions on Geoscience and Remote Sensing,not-forest,title only; no abstract returned by Crossref or Semantic Scholar,"Mechanical exclusion on title vocabulary. Subject is forest inventory, species or land-cover classification with no disturbance agent, or a non-forest subject."
10.1016/j.isprsjprs.2005.05.002,2005,Airborne laser scanning: Exploratory data analysis indicates potential variables for classification of individual trees or forest stands according to species,ISPRS Journal of Photogrammetry and Remote Sensing,no-question,title only; no abstract returned by Crossref or Semantic Scholar,"Mechanical exclusion on title vocabulary. Subject is forest inventory, species or land-cover classification with no disturbance agent, or a non-forest subject."
10.1016/j.rse.2013.10.012,2014,A comparative study of different classification techniques for marine oil spill identification using RADARSAT-1 imagery,Remote Sensing of Environment,off-topic,title only; no abstract returned by Crossref or Semantic Scholar,"Mechanical exclusion on title vocabulary. Subject is forest inventory, species or land-cover classification with no disturbance agent, or a non-forest subject."
10.1016/j.rse.2010.01.023,2010,Discrimination of vegetation strata in a multi-layered Mediterranean forest ecosystem using height and intensity information derived from airborne laser scanning,Remote Sensing of Environment,no-question,title only; no abstract returned by Crossref or Semantic Scholar,"Mechanical exclusion on title vocabulary. Subject is forest inventory, species or land-cover classification with no disturbance agent, or a non-forest subject."
10.1641/0006-3568(2004)054[0561:fafris]2.0.co;2,2004,Forest Attributes from Radar Interferometric Structure and Its Fusion with Optical Remote Sensing,BioScience,no-question,title only; no abstract returned by Crossref or Semantic Scholar,"Mechanical exclusion on title vocabulary. Subject is forest inventory, species or land-cover classification with no disturbance agent, or a non-forest subject."
10.5589/m13-038,2013,"Wetland mapping with LiDAR derivatives, SAR polarimetric decompositions, and LiDAR–SAR fusion using a random forest classifier",Canadian Journal of Remote Sensing,not-forest,title only; no abstract returned by Crossref or Semantic Scholar,"Mechanical exclusion on title vocabulary. Subject is forest inventory, species or land-cover classification with no disturbance agent, or a non-forest subject."
10.1016/j.rse.2009.07.010,2009,"Distinguishing between live and dead standing tree biomass on the North Rim of Grand Canyon National Park, USA using small-footprint lidar data",Remote Sensing of Environment,no-question,title only; no abstract returned by Crossref or Semantic Scholar,"Mechanical exclusion on title vocabulary. Subject is forest inventory, species or land-cover classification with no disturbance agent, or a non-forest subject."
10.1016/j.isprsjprs.2018.02.002,2018,Important LiDAR metrics for discriminating forest tree species in Central Europe,ISPRS Journal of Photogrammetry and Remote Sensing,no-question,title only; no abstract returned by Crossref or Semantic Scholar,"Mechanical exclusion on title vocabulary. Subject is forest inventory, species or land-cover classification with no disturbance agent, or a non-forest subject."
10.1109/3dim.2007.10,2007,Aerial Lidar Data Classification using AdaBoost,Sixth International Conference on 3-D Digital Imaging and Modeling (3DIM 2007),no-question,title only; no abstract returned by Crossref or Semantic Scholar,"Mechanical exclusion on title vocabulary. Subject is forest inventory, species or land-cover classification with no disturbance agent, or a non-forest subject."
10.1080/13658816.2018.1431840,2018,Classifying airborne LiDAR point clouds via deep features learned by a multi-scale convolutional neural network,International Journal of Geographical Information Science,no-question,title only; no abstract returned by Crossref or Semantic Scholar,"Mechanical exclusion on title vocabulary. Subject is forest inventory, species or land-cover classification with no disturbance agent, or a non-forest subject."
10.1109/jstars.2014.2365215,2015,SVM-Based Sea Ice Classification Using Textural Features and Concentration From RADARSAT-2 Dual-Pol ScanSAR Data,IEEE Journal of Selected Topics in Applied Earth Observations and Remote Sensing,not-forest,title only; no abstract returned by Crossref or Semantic Scholar,"Mechanical exclusion on title vocabulary. Subject is forest inventory, species or land-cover classification with no disturbance agent, or a non-forest subject."
10.1007/s10342-012-0642-5,2012,Estimation of stem attributes using a combination of terrestrial and airborne laser scanning,European Journal of Forest Research,no-question,title only; no abstract returned by Crossref or Semantic Scholar,"Mechanical exclusion on title vocabulary. Subject is forest inventory, species or land-cover classification with no disturbance agent, or a non-forest subject."
10.5589/m08-075,2009,Sea ice type and open water discrimination using dual co-polarized C-band SAR,Canadian Journal of Remote Sensing,not-forest,title only; no abstract returned by Crossref or Semantic Scholar,"Mechanical exclusion on title vocabulary. Subject is forest inventory, species or land-cover classification with no disturbance agent, or a non-forest subject."
10.1109/tgrs.1986.289644,1986,Multipolarization Radar Images for Geologic Mapping and Vegetation Discrimination,IEEE Transactions on Geoscience and Remote Sensing,not-forest,title only; no abstract returned by Crossref or Semantic Scholar,"Mechanical exclusion on title vocabulary. Subject is forest inventory, species or land-cover classification with no disturbance agent, or a non-forest subject."
10.5589/m04-045,2004,Comparison of forest attributes extracted from fine spatial resolution multispectral and lidar data,Canadian Journal of Remote Sensing,no-question,title only; no abstract returned by Crossref or Semantic Scholar,"Mechanical exclusion on title vocabulary. Subject is forest inventory, species or land-cover classification with no disturbance agent, or a non-forest subject."
10.1080/01431160110092984,2002,Mapping tropical coastal vegetation using JERS-1 and ERS-1 radar data with a decision tree classifier,International Journal of Remote Sensing,no-question,title only; no abstract returned by Crossref or Semantic Scholar,"Mechanical exclusion on title vocabulary. Subject is forest inventory, species or land-cover classification with no disturbance agent, or a non-forest subject."
10.1109/36.655335,1998,Ku- and C-band SAR for discriminating agricultural crop and soil conditions,IEEE Transactions on Geoscience and Remote Sensing,not-forest,title only; no abstract returned by Crossref or Semantic Scholar,"Mechanical exclusion on title vocabulary. Subject is forest inventory, species or land-cover classification with no disturbance agent, or a non-forest subject."
10.1080/014311698215342,1998,Wetland classification using optical and radar data and neural network classification,International Journal of Remote Sensing,not-forest,title only; no abstract returned by Crossref or Semantic Scholar,"Mechanical exclusion on title vocabulary. Subject is forest inventory, species or land-cover classification with no disturbance agent, or a non-forest subject."
10.2747/1548-1603.45.2.209,2008,Object-Based Land Cover Classification Using High-Posting-Density LiDAR Data,GIScience &amp; Remote Sensing,not-forest,title only; no abstract returned by Crossref or Semantic Scholar,"Mechanical exclusion on title vocabulary. Subject is forest inventory, species or land-cover classification with no disturbance agent, or a non-forest subject."
10.1080/01431160110093000,2002,Application of multiscale texture in classifying JERS-1 radar data over tropical vegetation,International Journal of Remote Sensing,no-question,title only; no abstract returned by Crossref or Semantic Scholar,"Mechanical exclusion on title vocabulary. Subject is forest inventory, species or land-cover classification with no disturbance agent, or a non-forest subject."
10.1016/j.ecss.2011.10.004,2012,Combining angular response classification and backscatter imagery segmentation for benthic biological habitat mapping,"Estuarine, Coastal and Shelf Science",not-forest,title only; no abstract returned by Crossref or Semantic Scholar,"Mechanical exclusion on title vocabulary. Subject is forest inventory, species or land-cover classification with no disturbance agent, or a non-forest subject."
,1990,Synergism of synthetic aperture radar and visible/infrared data for forest type discrimination.,,no-question,title only; no abstract returned by Crossref or Semantic Scholar,"Mechanical exclusion on title vocabulary. Subject is forest inventory, species or land-cover classification with no disturbance agent, or a non-forest subject."
10.1080/19479832.2015.1055833,2015,Land-cover classification using both hyperspectral and LiDAR data,International Journal of Image and Data Fusion,not-forest,title only; no abstract returned by Crossref or Semantic Scholar,"Mechanical exclusion on title vocabulary. Subject is forest inventory, species or land-cover classification with no disturbance agent, or a non-forest subject."
10.1016/j.rse.2009.11.007,2010,Reliability of LiDAR derived predictors of forest inventory attributes: A case study with Norway spruce,Remote Sensing of Environment,no-question,title only; no abstract returned by Crossref or Semantic Scholar,"Mechanical exclusion on title vocabulary. Subject is forest inventory, species or land-cover classification with no disturbance agent, or a non-forest subject."
10.1016/j.rse.2007.02.002,2007,Integrating profiling LIDAR with Landsat data for regional boreal forest canopy attribute estimation and change characterization,Remote Sensing of Environment,no-question,title only; no abstract returned by Crossref or Semantic Scholar,"Mechanical exclusion on title vocabulary. Subject is forest inventory, species or land-cover classification with no disturbance agent, or a non-forest subject."
10.1016/s0034-4257(96)00154-x,1997,"An evaluation of AIRSAR and SIR-C/X-SAR images for mapping northern forest attributes in Maine, USA",Remote Sensing of Environment,no-question,title only; no abstract returned by Crossref or Semantic Scholar,"Mechanical exclusion on title vocabulary. Subject is forest inventory, species or land-cover classification with no disturbance agent, or a non-forest subject."
10.1109/tgrs.2005.846868,2005,Integration of optical and radar classifications for mapping pasture type in Western Australia,IEEE Transactions on Geoscience and Remote Sensing,not-forest,title only; no abstract returned by Crossref or Semantic Scholar,"Mechanical exclusion on title vocabulary. Subject is forest inventory, species or land-cover classification with no disturbance agent, or a non-forest subject."
10.2307/2389988,1995,Costs and benefits of foraging on grasses varying in canopy structure and resistance to defoliation,Functional Ecology,not-forest,title only; no abstract returned by Crossref or Semantic Scholar,"Mechanical exclusion on title vocabulary. Subject is forest inventory, species or land-cover classification with no disturbance agent, or a non-forest subject."
10.1016/j.patrec.2013.08.004,2013,Single tree species classification from Terrestrial Laser Scanning data for forest inventory,Pattern Recognition Letters,no-question,title only; no abstract returned by Crossref or Semantic Scholar,"Mechanical exclusion on title vocabulary. Subject is forest inventory, species or land-cover classification with no disturbance agent, or a non-forest subject."
10.1109/icip.2009.5413385,2009,Classifying urban landscape in aerial LiDAR using 3D shape analysis,International Conference on Information Photonics,not-forest,title only; no abstract returned by Crossref or Semantic Scholar,"Mechanical exclusion on title vocabulary. Subject is forest inventory, species or land-cover classification with no disturbance agent, or a non-forest subject."
10.1016/j.agrformet.2015.10.008,2016,Tree species classification based on explicit tree structure feature parameters derived from static terrestrial laser scanning data,Agricultural and Forest Meteorology,no-question,title only; no abstract returned by Crossref or Semantic Scholar,"Mechanical exclusion on title vocabulary. Subject is forest inventory, species or land-cover classification with no disturbance agent, or a non-forest subject."
10.1016/j.jag.2016.01.007,2016,Tree species classification in subtropical forests using small-footprint full-waveform LiDAR data,International Journal of Applied Earth Observation and Geoinformation,no-question,title only; no abstract returned by Crossref or Semantic Scholar,"Mechanical exclusion on title vocabulary. Subject is forest inventory, species or land-cover classification with no disturbance agent, or a non-forest subject."
10.1007/s11355-011-0158-z,2012,Object-based classification of land cover and tree species by integrating airborne LiDAR and high spatial resolution imagery data,Landscape and Ecological Engineering,no-question,title only; no abstract returned by Crossref or Semantic Scholar,"Mechanical exclusion on title vocabulary. Subject is forest inventory, species or land-cover classification with no disturbance agent, or a non-forest subject."
10.1080/07038992.2014.958420,2014,A Comparison of Point Clouds Derived from Stereo Imagery and Airborne Laser Scanning for the Area-Based Estimation of Forest Inventory Attributes in Boreal Ontario,Canadian Journal of Remote Sensing,no-question,title only; no abstract returned by Crossref or Semantic Scholar,"Mechanical exclusion on title vocabulary. Subject is forest inventory, species or land-cover classification with no disturbance agent, or a non-forest subject."
10.1007/s10342-010-0384-1,2010,Comparison of nearest neighbour approaches for small area estimation of tree species-specific forest inventory attributes in central Europe using airborne laser scanner data,European Journal of Forest Research,no-question,title only; no abstract returned by Crossref or Semantic Scholar,"Mechanical exclusion on title vocabulary. Subject is forest inventory, species or land-cover classification with no disturbance agent, or a non-forest subject."
10.1016/j.rse.2015.03.013,2015,Individual snag detection using neighborhood attribute filtered airborne lidar data,Remote Sensing of Environment,no-question,title only; no abstract returned by Crossref or Semantic Scholar,"Mechanical exclusion on title vocabulary. Subject is forest inventory, species or land-cover classification with no disturbance agent, or a non-forest subject."
10.1109/jstars.2014.2331276,2014,Delineation of Tree Crowns and Tree Species Classification From Full-Waveform Airborne Laser Scanning Data Using 3-D Ellipsoidal Clustering,IEEE Journal of Selected Topics in Applied Earth Observations and Remote Sensing,no-question,title only; no abstract returned by Crossref or Semantic Scholar,"Mechanical exclusion on title vocabulary. Subject is forest inventory, species or land-cover classification with no disturbance agent, or a non-forest subject."
,2006,ANALYSIS OF FULL WAVEFORM LIDAR DATA FOR TREE SPECIES CLASSIFICATION,,no-question,title only; no abstract returned by Crossref or Semantic Scholar,"Mechanical exclusion on title vocabulary. Subject is forest inventory, species or land-cover classification with no disturbance agent, or a non-forest subject."
10.1117/1.3229944,2009,"Landcover classification of small-footprint, full-waveform lidar data",Journal of Applied Remote Sensing,not-forest,title only; no abstract returned by Crossref or Semantic Scholar,"Mechanical exclusion on title vocabulary. Subject is forest inventory, species or land-cover classification with no disturbance agent, or a non-forest subject."
10.1016/j.isprsjprs.2015.03.003,2015,Comparative classification analysis of post-harvest growth detection from terrestrial LiDAR point clouds in precision agriculture,ISPRS Journal of Photogrammetry and Remote Sensing,not-forest,title only; no abstract returned by Crossref or Semantic Scholar,"Mechanical exclusion on title vocabulary. Subject is forest inventory, species or land-cover classification with no disturbance agent, or a non-forest subject."
10.1016/j.fecs.2022.100059,2022,Allometry-based estimation of forest aboveground biomass combining LiDAR canopy height attributes and optical spectral indexes,Forest Ecosystems,no-question,title only; no abstract returned by Crossref or Semantic Scholar,"Mechanical exclusion on title vocabulary. Subject is forest inventory, species or land-cover classification with no disturbance agent, or a non-forest subject."
,2004,LIDAR DATA SEGMENTATION AND CLASSIFICATION BASED ON OCTREE STRUCTURE,,no-question,title only; no abstract returned by Crossref or Semantic Scholar,"Mechanical exclusion on title vocabulary. Subject is forest inventory, species or land-cover classification with no disturbance agent, or a non-forest subject."
10.1016/j.foreco.2009.09.006,2009,Multiple attribute decision making for individual tree detection using high-resolution laser scanning,Forest Ecology and Management,no-question,title only; no abstract returned by Crossref or Semantic Scholar,"Mechanical exclusion on title vocabulary. Subject is forest inventory, species or land-cover classification with no disturbance agent, or a non-forest subject."
10.1139/cjfr-2014-0405,2015,Temporal transferability of LiDAR-based imputation of forest inventory attributes,Canadian Journal of Forest Research,no-question,title only; no abstract returned by Crossref or Semantic Scholar,"Mechanical exclusion on title vocabulary. Subject is forest inventory, species or land-cover classification with no disturbance agent, or a non-forest subject."
10.1016/j.rse.2014.12.012,2015,Tandem-X interferometry in the prediction of forest inventory attributes in managed boreal forests,Remote Sensing of Environment,no-question,title only; no abstract returned by Crossref or Semantic Scholar,"Mechanical exclusion on title vocabulary. Subject is forest inventory, species or land-cover classification with no disturbance agent, or a non-forest subject."
10.1139/cjfr-2015-0192,2015,Evaluating the impact of leaf-on and leaf-off airborne laser scanning data on the estimation of forest inventory attributes with the area-based approach,Canadian Journal of Forest Research,no-question,title only; no abstract returned by Crossref or Semantic Scholar,"Mechanical exclusion on title vocabulary. Subject is forest inventory, species or land-cover classification with no disturbance agent, or a non-forest subject."
10.1016/j.rse.2011.07.016,2011,Classifying individual tree genera using stepwise cluster analysis based on height and intensity metrics derived from airborne laser scanner data,Remote Sensing of Environment,no-question,title only; no abstract returned by Crossref or Semantic Scholar,"Mechanical exclusion on title vocabulary. Subject is forest inventory, species or land-cover classification with no disturbance agent, or a non-forest subject."
10.1002/hyp.7155,2009,"Comparing alpine watershed attributes from LiDAR, Photogrammetric, and Contour‐based Digital Elevation Models",Hydrological Processes,no-question,title only; no abstract returned by Crossref or Semantic Scholar,"Mechanical exclusion on title vocabulary. Subject is forest inventory, species or land-cover classification with no disturbance agent, or a non-forest subject."
,2010,3D CLASSIFICATION OF POWER-LINE SCENE FROM AIRBORNE LASER SCANNING DATA USING RANDOM FORESTS,,not-forest,title only; no abstract returned by Crossref or Semantic Scholar,"Mechanical exclusion on title vocabulary. Subject is forest inventory, species or land-cover classification with no disturbance agent, or a non-forest subject."
10.1016/j.geoderma.2014.03.021,2014,Scale-dependency of LiDAR derived terrain attributes in quantitative soil-landscape modeling: Effects of grid resolution vs. neighborhood extent,Geoderma,not-forest,title only; no abstract returned by Crossref or Semantic Scholar,"Mechanical exclusion on title vocabulary. Subject is forest inventory, species or land-cover classification with no disturbance agent, or a non-forest subject."
10.1175/ei117.1,2005,Synthetic Aperture Radar (L band) and Optical Vegetation Indices for Discriminating the Brazilian Savanna Physiognomies: A Comparative Analysis,Earth Interactions,not-forest,title only; no abstract returned by Crossref or Semantic Scholar,"Mechanical exclusion on title vocabulary. Subject is forest inventory, species or land-cover classification with no disturbance agent, or a non-forest subject."
10.1016/j.rse.2015.04.011,2015,A LiDAR-based decision-tree classification of open water surfaces in an Arctic delta,Remote Sensing of Environment,no-question,title only; no abstract returned by Crossref or Semantic Scholar,"Mechanical exclusion on title vocabulary. Subject is forest inventory, species or land-cover classification with no disturbance agent, or a non-forest subject."
10.1109/igarss.2014.6946721,2014,The use of satellite SAR imagery to crop classification in Ukraine within JECAM project,2014 IEEE Geoscience and Remote Sensing Symposium,not-forest,title only; no abstract returned by Crossref or Semantic Scholar,"Mechanical exclusion on title vocabulary. Subject is forest inventory, species or land-cover classification with no disturbance agent, or a non-forest subject."
10.1049/iet-rsn.2016.0346,2017,Effective supervised multiple-feature learning for fused radar and optical data classification,"IET Radar, Sonar &amp; Navigation",no-question,title only; no abstract returned by Crossref or Semantic Scholar,"Mechanical exclusion on title vocabulary. Subject is forest inventory, species or land-cover classification with no disturbance agent, or a non-forest subject."
10.1016/j.jag.2021.102658,2022,Integrating terrestrial laser scanning and unmanned aerial vehicle photogrammetry to estimate individual tree attributes in managed coniferous forests in Japan,International Journal of Applied Earth Observation and Geoinformation,no-question,title only; no abstract returned by Crossref or Semantic Scholar,"Mechanical exclusion on title vocabulary. Subject is forest inventory, species or land-cover classification with no disturbance agent, or a non-forest subject."
10.2747/1548-1603.43.4.283,2006,Multiple Baseline Radar Interferometry Applied to Coastal Land Cover Classification and Change Analyses,GIScience &amp; Remote Sensing,not-forest,title only; no abstract returned by Crossref or Semantic Scholar,"Mechanical exclusion on title vocabulary. Subject is forest inventory, species or land-cover classification with no disturbance agent, or a non-forest subject."
10.5589/m03-072,2004,Forest type discrimination using calibrated C-band polarimetric SAR data,Canadian Journal of Remote Sensing,no-question,title only; no abstract returned by Crossref or Semantic Scholar,"Mechanical exclusion on title vocabulary. Subject is forest inventory, species or land-cover classification with no disturbance agent, or a non-forest subject."
10.5589/m03-029,2003,"Vegetation classification of the riparian zone along the Brisbane River, Queensland, Australia, using light detection and ranging (lidar) data and forward looking digital video",Canadian Journal of Remote Sensing,not-forest,title only; no abstract returned by Crossref or Semantic Scholar,"Mechanical exclusion on title vocabulary. Subject is forest inventory, species or land-cover classification with no disturbance agent, or a non-forest subject."
10.1139/x11-033,2011,A comparison of small-area estimation techniques to estimate selected stand attributes using LiDAR-derived auxiliary variables,Canadian Journal of Forest Research,no-question,title only; no abstract returned by Crossref or Semantic Scholar,"Mechanical exclusion on title vocabulary. Subject is forest inventory, species or land-cover classification with no disturbance agent, or a non-forest subject."
10.1016/j.jag.2023.103208,2023,Point cloud voxel classification of aerial urban LiDAR using voxel attributes and random forest approach,International Journal of Applied Earth Observation and Geoinformation,not-forest,title only; no abstract returned by Crossref or Semantic Scholar,"Mechanical exclusion on title vocabulary. Subject is forest inventory, species or land-cover classification with no disturbance agent, or a non-forest subject."
10.1016/j.jag.2016.03.015,2016,"Combining QuickBird, LiDAR, and GIS topography indices to identify a single native tree species in a complex landscape using an object-based classification approach",International Journal of Applied Earth Observation and Geoinformation,no-question,title only; no abstract returned by Crossref or Semantic Scholar,"Mechanical exclusion on title vocabulary. Subject is forest inventory, species or land-cover classification with no disturbance agent, or a non-forest subject."
10.1016/j.isprsjprs.2022.07.021,2022,Comparing tree attributes derived from quantitative structure models based on drone and mobile laser scanning point clouds across varying canopy cover conditions,Isprs Journal of Photogrammetry and Remote Sensing,no-question,title only; no abstract returned by Crossref or Semantic Scholar,"Mechanical exclusion on title vocabulary. Subject is forest inventory, species or land-cover classification with no disturbance agent, or a non-forest subject."
10.1080/01431161.2017.1292072,2017,Comparing six pixel-wise classifiers for tropical rural land cover mapping using four forms of fully polarimetric SAR data,International Journal of Remote Sensing,not-forest,title only; no abstract returned by Crossref or Semantic Scholar,"Mechanical exclusion on title vocabulary. Subject is forest inventory, species or land-cover classification with no disturbance agent, or a non-forest subject."
10.1109/jstars.2016.2628775,2017,A Bayesian-Network-Based Classification Method Integrating Airborne LiDAR Data With Optical Images,IEEE Journal of Selected Topics in Applied Earth Observations and Remote Sensing,no-question,title only; no abstract returned by Crossref or Semantic Scholar,"Mechanical exclusion on title vocabulary. Subject is forest inventory, species or land-cover classification with no disturbance agent, or a non-forest subject."
10.1080/07038992.2016.1196583,2016,"A Physically Based Terrain Morphology and Vegetation Structural Classification for Wetlands of the Boreal Plains, Alberta, Canada",Canadian Journal of Remote Sensing,not-forest,title only; no abstract returned by Crossref or Semantic Scholar,"Mechanical exclusion on title vocabulary. Subject is forest inventory, species or land-cover classification with no disturbance agent, or a non-forest subject."
10.1016/j.rse.2023.113533,2023,Distinguishing forest types in restored tropical landscapes with UAV-borne LIDAR,Remote Sensing of Environment,no-question,title only; no abstract returned by Crossref or Semantic Scholar,"Mechanical exclusion on title vocabulary. Subject is forest inventory, species or land-cover classification with no disturbance agent, or a non-forest subject."
10.1016/j.fishres.2013.08.006,2014,Analysis of backscatter properties and application of classification procedures for the identification of small pelagic fish species in the Central Mediterranean,Fisheries Research,off-topic,title only; no abstract returned by Crossref or Semantic Scholar,"Mechanical exclusion on title vocabulary. Subject is forest inventory, species or land-cover classification with no disturbance agent, or a non-forest subject."
10.1139/x2012-134,2012,Predicting and calibrating tree attributes by means of airborne laser scanning and field measurements,Canadian Journal of Forest Research,no-question,title only; no abstract returned by Crossref or Semantic Scholar,"Mechanical exclusion on title vocabulary. Subject is forest inventory, species or land-cover classification with no disturbance agent, or a non-forest subject."
10.1017/s1742758400020695,1991,"Cowpea Plant Architecture in Relation to Infestation and Damage by the Legume Pod Borer, maruca Testulalis Geyer (Lepidoptera: Pyralidae)—I. Effect of Canopy Structure and Pod Position",,not-forest,title only; no abstract returned by Crossref or Semantic Scholar,"Mechanical exclusion on title vocabulary. Subject is forest inventory, species or land-cover classification with no disturbance agent, or a non-forest subject."
10.1117/12.397780,2000,Assessment of forest attributes and single-tree segmentation by means of laser scanning,"Defense, Security, and Sensing",no-question,title only; no abstract returned by Crossref or Semantic Scholar,"Mechanical exclusion on title vocabulary. Subject is forest inventory, species or land-cover classification with no disturbance agent, or a non-forest subject."
10.1080/02827581.2011.624116,2012,A fine-scale model for area-based predictions of tree-size-related attributes derived from LiDAR canopy heights,,no-question,title only; no abstract returned by Crossref or Semantic Scholar,"Mechanical exclusion on title vocabulary. Subject is forest inventory, species or land-cover classification with no disturbance agent, or a non-forest subject."
10.1080/01431160903160777,2010,Land-cover classification using radar and optical images: a case study in Central Mexico,,not-forest,title only; no abstract returned by Crossref or Semantic Scholar,"Mechanical exclusion on title vocabulary. Subject is forest inventory, species or land-cover classification with no disturbance agent, or a non-forest subject."
10.1016/j.ecss.2011.08.011,2011,Discrimination of coastal wetland environments in the Amazon region based on multi-polarized L-band airborne Synthetic Aperture Radar imagery,,not-forest,title only; no abstract returned by Crossref or Semantic Scholar,"Mechanical exclusion on title vocabulary. Subject is forest inventory, species or land-cover classification with no disturbance agent, or a non-forest subject."
10.1016/j.jhydrol.2018.02.009,2018,Evaluating the potential for site-specific modification of LiDAR DEM derivatives to improve environmental planning-scale wetland identification using Random Forest classification,,not-forest,title only; no abstract returned by Crossref or Semantic Scholar,"Mechanical exclusion on title vocabulary. Subject is forest inventory, species or land-cover classification with no disturbance agent, or a non-forest subject."
10.1109/jstars.2017.2650956,2017,Integration of Ant Colony Optimization and Object-Based Analysis for LiDAR Data Classification,IEEE Journal of Selected Topics in Applied Earth Observations and Remote Sensing,no-question,title only; no abstract returned by Crossref or Semantic Scholar,"Mechanical exclusion on title vocabulary. Subject is forest inventory, species or land-cover classification with no disturbance agent, or a non-forest subject."
10.1109/tgrs.2017.2656152,2017,An Internal Crown Geometric Model for Conifer Species Classification With High-Density LiDAR Data,IEEE Transactions on Geoscience and Remote Sensing,no-question,title only; no abstract returned by Crossref or Semantic Scholar,"Mechanical exclusion on title vocabulary. Subject is forest inventory, species or land-cover classification with no disturbance agent, or a non-forest subject."
10.1016/j.isprsjprs.2022.03.004,2022,Individual tree detection and estimation of stem attributes with mobile laser scanning along boreal forest roads,Isprs Journal of Photogrammetry and Remote Sensing,no-question,title only; no abstract returned by Crossref or Semantic Scholar,"Mechanical exclusion on title vocabulary. Subject is forest inventory, species or land-cover classification with no disturbance agent, or a non-forest subject."
10.1080/07038992.2014.913477,2014,Integration of Polarimetric PALSAR Attributes and Local Geomorphometric Variables Derived from SRTM for Forest Biomass Modeling in Central Amazonia,,no-question,title only; no abstract returned by Crossref or Semantic Scholar,"Mechanical exclusion on title vocabulary. Subject is forest inventory, species or land-cover classification with no disturbance agent, or a non-forest subject."
10.1109/tgrs.2016.2631632,2017,A Fully Polarimetric SAR Imagery Classification Scheme for Mud and Sand Flats in Intertidal Zones,IEEE Transactions on Geoscience and Remote Sensing,no-question,title only; no abstract returned by Crossref or Semantic Scholar,"Mechanical exclusion on title vocabulary. Subject is forest inventory, species or land-cover classification with no disturbance agent, or a non-forest subject."
10.1080/01431161.2014.978034,2014,"Combining EO-1 Hyperion and Envisat ASAR data for mangrove species classification in Mai Po Ramsar Site, Hong Kong",,not-forest,title only; no abstract returned by Crossref or Semantic Scholar,"Mechanical exclusion on title vocabulary. Subject is forest inventory, species or land-cover classification with no disturbance agent, or a non-forest subject."
10.5589/m11-020,2011,"Integrating SAR and optical imagery for regional mapping of paddy rice attributes in the Poyang Lake Watershed, China",,not-forest,title only; no abstract returned by Crossref or Semantic Scholar,"Mechanical exclusion on title vocabulary. Subject is forest inventory, species or land-cover classification with no disturbance agent, or a non-forest subject."
10.1016/j.rse.2012.12.013,2013,Classification of forest composition using polarimetric decomposition in multiple landscapes,,no-question,title only; no abstract returned by Crossref or Semantic Scholar,"Mechanical exclusion on title vocabulary. Subject is forest inventory, species or land-cover classification with no disturbance agent, or a non-forest subject."
10.1016/j.rse.2017.04.025,2017,Retrieval of higher order statistical moments from full-waveform LiDAR data for tree species classification,,no-question,title only; no abstract returned by Crossref or Semantic Scholar,"Mechanical exclusion on title vocabulary. Subject is forest inventory, species or land-cover classification with no disturbance agent, or a non-forest subject."
10.1016/j.foreco.2015.03.013,2015,Predicting wood fiber attributes using local-scale metrics from terrestrial LiDAR data: A case study of Newfoundland conifer species,,no-question,title only; no abstract returned by Crossref or Semantic Scholar,"Mechanical exclusion on title vocabulary. Subject is forest inventory, species or land-cover classification with no disturbance agent, or a non-forest subject."
10.1080/01431161.2011.593583,2011,Assessing the attributes of high-density Eucalyptus globulus stands using airborne laser scanner data,,no-question,title only; no abstract returned by Crossref or Semantic Scholar,"Mechanical exclusion on title vocabulary. Subject is forest inventory, species or land-cover classification with no disturbance agent, or a non-forest subject."
10.1109/jstars.2014.2332337,2014,An Object-Based Method for Urban Land Cover Classification Using Airborne Lidar Data,IEEE Journal of Selected Topics in Applied Earth Observations and Remote Sensing,not-forest,title only; no abstract returned by Crossref or Semantic Scholar,"Mechanical exclusion on title vocabulary. Subject is forest inventory, species or land-cover classification with no disturbance agent, or a non-forest subject."
10.1016/j.rse.2016.04.020,2016,Canopy structural attributes derived from AVIRIS imaging spectroscopy data in a mixed broadleaf/conifer forest,,no-question,title only; no abstract returned by Crossref or Semantic Scholar,"Mechanical exclusion on title vocabulary. Subject is forest inventory, species or land-cover classification with no disturbance agent, or a non-forest subject."
10.5849/forsci.11-074,2013,Prediction of Wood Fiber Attributes from LiDAR-Derived Forest Canopy Indicators,,no-question,title only; no abstract returned by Crossref or Semantic Scholar,"Mechanical exclusion on title vocabulary. Subject is forest inventory, species or land-cover classification with no disturbance agent, or a non-forest subject."
10.1080/07038992.2016.1252908,2016,Comparing Modeling Methods for Predicting Forest Attributes Using LiDAR Metrics and Ground Measurements,,no-question,title only; no abstract returned by Crossref or Semantic Scholar,"Mechanical exclusion on title vocabulary. Subject is forest inventory, species or land-cover classification with no disturbance agent, or a non-forest subject."
10.1016/j.isprsjprs.2017.08.013,2017,Tree species classification using within crown localization of waveform LiDAR attributes,,no-question,title only; no abstract returned by Crossref or Semantic Scholar,"Mechanical exclusion on title vocabulary. Subject is forest inventory, species or land-cover classification with no disturbance agent, or a non-forest subject."
10.1109/jstars.2015.2402693,2015,Edge-Tree Correction for Predicting Forest Inventory Attributes Using Area-Based Approach With Airborne Laser Scanning,IEEE Journal of Selected Topics in Applied Earth Observations and Remote Sensing,no-question,title only; no abstract returned by Crossref or Semantic Scholar,"Mechanical exclusion on title vocabulary. Subject is forest inventory, species or land-cover classification with no disturbance agent, or a non-forest subject."
10.1109/igarss.2013.6723554,2013,Separating leaves from trunks and branches with dual-wavelength terrestrial lidar scanning,IEEE International Geoscience and Remote Sensing Symposium,no-question,title only; no abstract returned by Crossref or Semantic Scholar,"Mechanical exclusion on title vocabulary. Subject is forest inventory, species or land-cover classification with no disturbance agent, or a non-forest subject."
10.5589/m07-046,2007,Optimum RADARSAT-1 configurations for wetlands discrimination: a case study of the Mer Bleue peat bog,,not-forest,title only; no abstract returned by Crossref or Semantic Scholar,"Mechanical exclusion on title vocabulary. Subject is forest inventory, species or land-cover classification with no disturbance agent, or a non-forest subject."
10.1080/01431161.2016.1182663,2016,Evaluation of the discrimination capability of full polarimetric SAR data for crop classification,,not-forest,title only; no abstract returned by Crossref or Semantic Scholar,"Mechanical exclusion on title vocabulary. Subject is forest inventory, species or land-cover classification with no disturbance agent, or a non-forest subject."
10.1080/15481603.2016.1177249,2016,Integration of full-waveform LiDAR and hyperspectral data to enhance tea and areca classification,,not-forest,title only; no abstract returned by Crossref or Semantic Scholar,"Mechanical exclusion on title vocabulary. Subject is forest inventory, species or land-cover classification with no disturbance agent, or a non-forest subject."
10.1016/j.jag.2015.04.014,2015,Classification of vegetation in an open landscape using full-waveform airborne laser scanner data,International Journal of Applied Earth Observation and Geoinformation,no-question,title only; no abstract returned by Crossref or Semantic Scholar,"Mechanical exclusion on title vocabulary. Subject is forest inventory, species or land-cover classification with no disturbance agent, or a non-forest subject."
10.1080/07038992.2015.1032901,2015,Land Cover Classification from Polarimetric SAR Data Based on Image Segmentation and Decision Trees,,no-question,title only; no abstract returned by Crossref or Semantic Scholar,"Mechanical exclusion on title vocabulary. Subject is forest inventory, species or land-cover classification with no disturbance agent, or a non-forest subject."
10.1109/igarss.2000.861668,2000,Application of neural networks for wetland classification in RADARSAT SAR imagery,IGARSS 2000. IEEE 2000 International Geoscience and Remote Sensing Symposium. Taking the Pulse of the Planet: The Role of Remote Sensing in Managing the Environment. Proceedings (Cat. No.00CH37120),not-forest,title only; no abstract returned by Crossref or Semantic Scholar,"Mechanical exclusion on title vocabulary. Subject is forest inventory, species or land-cover classification with no disturbance agent, or a non-forest subject."
10.1016/j.jag.2017.06.004,2017,LiDAR-based TWI and terrain attributes in improving parametric predictor for tree growth in southeast Finland,International Journal of Applied Earth Observation and Geoinformation,no-question,title only; no abstract returned by Crossref or Semantic Scholar,"Mechanical exclusion on title vocabulary. Subject is forest inventory, species or land-cover classification with no disturbance agent, or a non-forest subject."
10.1007/s00521-016-2188-9,2016,Automatic microstructural characterization and classification using dual tree complex wavelet-based features and Bees Algorithm,Neural computing & applications (Print),off-topic,title only; no abstract returned by Crossref or Semantic Scholar,"Mechanical exclusion on title vocabulary. Subject is forest inventory, species or land-cover classification with no disturbance agent, or a non-forest subject."
10.1080/01431161.2011.577830,2012,Retrieval of forest canopy attributes based on a geometric-optical model using airborne LiDAR and optical remote-sensing data,,no-question,title only; no abstract returned by Crossref or Semantic Scholar,"Mechanical exclusion on title vocabulary. Subject is forest inventory, species or land-cover classification with no disturbance agent, or a non-forest subject."
10.1109/geoinformatics.2011.5981118,2011,Fusion of airborne hyperspectral and LiDAR data for tree species classification in the temperate forest of northeast China,GEOINFORMATICS,no-question,title only; no abstract returned by Crossref or Semantic Scholar,"Mechanical exclusion on title vocabulary. Subject is forest inventory, species or land-cover classification with no disturbance agent, or a non-forest subject."
10.1109/lgrs.2008.2001031,2009,Hierarchical Feature-Based Classification Approach for Fast and User-Interactive SAR Image Interpretation,IEEE Geoscience and Remote Sensing Letters,no-question,title only; no abstract returned by Crossref or Semantic Scholar,"Mechanical exclusion on title vocabulary. Subject is forest inventory, species or land-cover classification with no disturbance agent, or a non-forest subject."
10.1080/02827581.2014.986520,2014,Using pre-classification to improve the accuracy of species-specific forest attribute estimates from airborne laser scanner data and aerial images,,no-question,title only; no abstract returned by Crossref or Semantic Scholar,"Mechanical exclusion on title vocabulary. Subject is forest inventory, species or land-cover classification with no disturbance agent, or a non-forest subject."
10.1109/jstars.2014.2354014,2015,Characterizing Radiometric Attributes of Point Cloud Using a Normalized Reflective Factor Derived From Small Footprint LiDAR Waveform,IEEE Journal of Selected Topics in Applied Earth Observations and Remote Sensing,no-question,title only; no abstract returned by Crossref or Semantic Scholar,"Mechanical exclusion on title vocabulary. Subject is forest inventory, species or land-cover classification with no disturbance agent, or a non-forest subject."
10.1109/urs.2009.5137543,2009,An object-based two-stage method for a detailed classification of urban landscape components by integrating airborne LiDAR and color infrared image data: A case study of downtown Houston,Joint Urban Remote Sensing Event,not-forest,title only; no abstract returned by Crossref or Semantic Scholar,"Mechanical exclusion on title vocabulary. Subject is forest inventory, species or land-cover classification with no disturbance agent, or a non-forest subject."
10.1109/igarss.2014.6946386,2014,Fusion of hyperspectral and LiDAR data in classification of urban areas,2014 IEEE Geoscience and Remote Sensing Symposium,not-forest,title only; no abstract returned by Crossref or Semantic Scholar,"Mechanical exclusion on title vocabulary. Subject is forest inventory, species or land-cover classification with no disturbance agent, or a non-forest subject."
10.14358/pers.80.2.143-150,2014,"Prediction of Forest Attributes with Field Plots, Landsat, and a Sample of Lidar Strips",,no-question,title only; no abstract returned by Crossref or Semantic Scholar,"Mechanical exclusion on title vocabulary. Subject is forest inventory, species or land-cover classification with no disturbance agent, or a non-forest subject."
10.1080/07038992.2016.1199269,2016,Predicting Attributes of Regeneration Forests Using Airborne Laser Scanning,,no-question,title only; no abstract returned by Crossref or Semantic Scholar,"Mechanical exclusion on title vocabulary. Subject is forest inventory, species or land-cover classification with no disturbance agent, or a non-forest subject."
10.1016/j.rse.2008.08.006,2009,"Corrigendum to “Nearest neighbor imputation of species-level, plot-scale forest structure attributes from LiDAR data”[Remote Sensing of Environment, 112: 2232–2245]",,duplicate,title only; no abstract returned by Crossref or Semantic Scholar,Duplicate or corrigendum of another record in this subset.
10.1007/s10661-015-4914-7,2015,"Mapping forested wetlands in the Great Zhan River Basin through integrating optical, radar, and topographical data classification techniques",Environmental Monitoring & Assessment,no-question,title only; no abstract returned by Crossref or Semantic Scholar,"Mechanical exclusion on title vocabulary. Subject is forest inventory, species or land-cover classification with no disturbance agent, or a non-forest subject."
10.1080/014311697217152,1997,Evaluating ERS-1 SAR data for the discrimination of tropical forest from other tropical vegetation types in Papua New Guinea,,no-question,title only; no abstract returned by Crossref or Semantic Scholar,"Mechanical exclusion on title vocabulary. Subject is forest inventory, species or land-cover classification with no disturbance agent, or a non-forest subject."
10.14358/pers.79.3.245,2013,Comparison of forest attributes derived from two terrestrial lidar systems.,,no-question,title only; no abstract returned by Crossref or Semantic Scholar,"Mechanical exclusion on title vocabulary. Subject is forest inventory, species or land-cover classification with no disturbance agent, or a non-forest subject."
10.1016/j.rse.2024.114456,2024,Individual tree species classification using low-density airborne multispectral LiDAR data via attribute-aware cross-branch transformer,Remote Sensing of Environment,no-question,title only; no abstract returned by Crossref or Semantic Scholar,"Mechanical exclusion on title vocabulary. Subject is forest inventory, species or land-cover classification with no disturbance agent, or a non-forest subject."
10.1080/01431161.2013.810823,2013,"Discrimination of vegetation types in alpine sites with ALOS PALSAR-, RADARSAT-2-, and lidar-derived information",,no-question,title only; no abstract returned by Crossref or Semantic Scholar,"Mechanical exclusion on title vocabulary. Subject is forest inventory, species or land-cover classification with no disturbance agent, or a non-forest subject."
10.1007/s13595-019-0835-x,2019,Combining low-density LiDAR and satellite images to discriminate species in mixed Mediterranean forest,Annals of Forest Science,no-question,title only; no abstract returned by Crossref or Semantic Scholar,"Mechanical exclusion on title vocabulary. Subject is forest inventory, species or land-cover classification with no disturbance agent, or a non-forest subject."
10.1080/01431160701253295,2007,Analysis of ENVISAT ASAR data for forest parameter retrieval and forest type classification—a case study over deciduous forests of central India,,no-question,title only; no abstract returned by Crossref or Semantic Scholar,"Mechanical exclusion on title vocabulary. Subject is forest inventory, species or land-cover classification with no disturbance agent, or a non-forest subject."
10.1029/98je01893,1998,"Classification of surface types using SIR‐C/X‐SAR, Mount Everest Area, Tibet",,not-forest,title only; no abstract returned by Crossref or Semantic Scholar,"Mechanical exclusion on title vocabulary. Subject is forest inventory, species or land-cover classification with no disturbance agent, or a non-forest subject."
10.1109/jstars.2014.2312717,2014,A Two-Phase Classification of Urban Vegetation Using Airborne LiDAR Data and Aerial Photography,IEEE Journal of Selected Topics in Applied Earth Observations and Remote Sensing,not-forest,title only; no abstract returned by Crossref or Semantic Scholar,"Mechanical exclusion on title vocabulary. Subject is forest inventory, species or land-cover classification with no disturbance agent, or a non-forest subject."
10.1016/j.isprsjprs.2022.08.013,2022,An investigation into lidar scan angle impacts on stand attribute predictions in different forest environments,Isprs Journal of Photogrammetry and Remote Sensing,no-question,title only; no abstract returned by Crossref or Semantic Scholar,"Mechanical exclusion on title vocabulary. Subject is forest inventory, species or land-cover classification with no disturbance agent, or a non-forest subject."
10.1080/19479832.2010.495323,2010,Discrimination of peatlands in tropical swamp forests using dual-polarimetric SAR and Landsat ETM data,,no-question,title only; no abstract returned by Crossref or Semantic Scholar,"Mechanical exclusion on title vocabulary. Subject is forest inventory, species or land-cover classification with no disturbance agent, or a non-forest subject."
10.1016/j.jag.2012.12.001,2013,Discrimination of mangrove forests and characterization of adjoining land cover classes using temporal C-band Synthetic Aperture Radar data: A case study of Sundarbans,International Journal of Applied Earth Observation and Geoinformation,no-question,title only; no abstract returned by Crossref or Semantic Scholar,"Mechanical exclusion on title vocabulary. Subject is forest inventory, species or land-cover classification with no disturbance agent, or a non-forest subject."
10.1080/01431161.2013.796096,2013,Assessment of polarimetric SAR data for discrimination between wet versus dry soil moisture conditions,,not-forest,title only; no abstract returned by Crossref or Semantic Scholar,"Mechanical exclusion on title vocabulary. Subject is forest inventory, species or land-cover classification with no disturbance agent, or a non-forest subject."
,2015,Object-based Land Cover Classification with Orthophoto and LIDAR Data,,not-forest,title only; no abstract returned by Crossref or Semantic Scholar,"Mechanical exclusion on title vocabulary. Subject is forest inventory, species or land-cover classification with no disturbance agent, or a non-forest subject."
10.1016/j.ecolind.2021.108412,2021,A new index of forest structural heterogeneity using tree architectural attributes measured by terrestrial laser scanning,Ecological Indicators,no-question,title only; no abstract returned by Crossref or Semantic Scholar,"Mechanical exclusion on title vocabulary. Subject is forest inventory, species or land-cover classification with no disturbance agent, or a non-forest subject."
10.1080/01431161.2013.858846,2013,Canopy height model characteristics derived from airbone laser scanning and its effectiveness in discriminating various tropical moist forest types,,no-question,title only; no abstract returned by Crossref or Semantic Scholar,"Mechanical exclusion on title vocabulary. Subject is forest inventory, species or land-cover classification with no disturbance agent, or a non-forest subject."
,2009,CURVATURE ANALYSIS OF LIDAR DATA FOR SINGLE TREE SPECIES CLASSIFICATION IN ALPINE LATITUDE FORESTS,,no-question,title only; no abstract returned by Crossref or Semantic Scholar,"Mechanical exclusion on title vocabulary. Subject is forest inventory, species or land-cover classification with no disturbance agent, or a non-forest subject."
10.1080/17538947.2011.583992,2012,Modelling stratified forest attributes using optical/LiDAR features in a central European landscape,International Journal of Digital Earth,no-question,title only; no abstract returned by Crossref or Semantic Scholar,"Mechanical exclusion on title vocabulary. Subject is forest inventory, species or land-cover classification with no disturbance agent, or a non-forest subject."
10.1016/j.fcr.2016.07.024,2016,Hail defoliation assessment in corn (Zea mays L.) using airborne LiDAR,,not-forest,title only; no abstract returned by Crossref or Semantic Scholar,"Mechanical exclusion on title vocabulary. Subject is forest inventory, species or land-cover classification with no disturbance agent, or a non-forest subject."
10.5589/m12-053,2013,Classifying tree and nontree echoes from airborne laser scanning in the forest–tundra ecotone,,no-question,title only; no abstract returned by Crossref or Semantic Scholar,"Mechanical exclusion on title vocabulary. Subject is forest inventory, species or land-cover classification with no disturbance agent, or a non-forest subject."
10.14358/pers.80.2.000,2014,"Prediction of Forest Attributes with Field Plots, Landsat, and a Sample of Lidar Strips: A Case Study on the Kenai Peninsula, Alaska",,no-question,title only; no abstract returned by Crossref or Semantic Scholar,"Mechanical exclusion on title vocabulary. Subject is forest inventory, species or land-cover classification with no disturbance agent, or a non-forest subject."
10.18520/cs/v114/i01/201-206,2018,Automatic Estimation of Tree Stem Attributes Using Terrestrial Laser Scanning in Central Indian Dry Deciduous Forests,,no-question,title only; no abstract returned by Crossref or Semantic Scholar,"Mechanical exclusion on title vocabulary. Subject is forest inventory, species or land-cover classification with no disturbance agent, or a non-forest subject."
10.1016/s0034-4257(00)00173-5,2001,Using SIR-C SAR data and the AMAP model for forest attributes retrieval and 3-D stand simulation,,no-question,title only; no abstract returned by Crossref or Semantic Scholar,"Mechanical exclusion on title vocabulary. Subject is forest inventory, species or land-cover classification with no disturbance agent, or a non-forest subject."
10.1080/10402381.2017.1373171,2017,Land cover classification of the Lake of the Woods/Rainy River Basin by object-based image analysis of Landsat and lidar data,,not-forest,title only; no abstract returned by Crossref or Semantic Scholar,"Mechanical exclusion on title vocabulary. Subject is forest inventory, species or land-cover classification with no disturbance agent, or a non-forest subject."
10.1016/j.compag.2021.106402,2021,Predicting the site-specific distribution of agrochemical spray deposition in vineyards at multiple phenological stages using 2D LiDAR-based primary canopy attributes,Computers and Electronics in Agriculture,no-question,title only; no abstract returned by Crossref or Semantic Scholar,"Mechanical exclusion on title vocabulary. Subject is forest inventory, species or land-cover classification with no disturbance agent, or a non-forest subject."
10.2528/pierb11123011,2012,Jute and Tea Discrimination through Fusion of SAR and Optical Data,,not-forest,title only; no abstract returned by Crossref or Semantic Scholar,"Mechanical exclusion on title vocabulary. Subject is forest inventory, species or land-cover classification with no disturbance agent, or a non-forest subject."
10.1007/s12524-018-0789-8,2018,Canopy Structure Attributes Extraction from LiDAR Data Based on Tree Morphology and Crown Height Proportion,Journal of the Indian Society of Remote Sensing,no-question,title only; no abstract returned by Crossref or Semantic Scholar,"Mechanical exclusion on title vocabulary. Subject is forest inventory, species or land-cover classification with no disturbance agent, or a non-forest subject."
10.1080/17538947.2017.1387183,2018,Most similar neighbor imputation of forest attributes using metrics derived from combined airborne LIDAR and multispectral sensors,International Journal of Digital Earth,no-question,title only; no abstract returned by Crossref or Semantic Scholar,"Mechanical exclusion on title vocabulary. Subject is forest inventory, species or land-cover classification with no disturbance agent, or a non-forest subject."
,2008,Potential and limits of extraction of forest attributes by fusion of medium point density LiDAR data with ADS40 and RC30 images.,,no-question,title only; no abstract returned by Crossref or Semantic Scholar,"Mechanical exclusion on title vocabulary. Subject is forest inventory, species or land-cover classification with no disturbance agent, or a non-forest subject."
,2011,USE OF GABOR FILTERS FOR TEXTURE CLASSIFICATION OF AIRBORNE IMAGES AND LIDAR DATA,,no-question,title only; no abstract returned by Crossref or Semantic Scholar,"Mechanical exclusion on title vocabulary. Subject is forest inventory, species or land-cover classification with no disturbance agent, or a non-forest subject."
10.1016/j.jag.2016.11.004,2017,Structural attributes of individual trees for identifying homogeneous patches in a tropical rainforest,International Journal of Applied Earth Observation and Geoinformation,no-question,title only; no abstract returned by Crossref or Semantic Scholar,"Mechanical exclusion on title vocabulary. Subject is forest inventory, species or land-cover classification with no disturbance agent, or a non-forest subject."
,2002,USING MULTISPECTRAL IMAGERY AND MULTI-RETURN LIDAR TO ESTIMATE TREE AND STAND ATTRIBUTES IN A SOUTHERN BOTTOMLAND HARDWOOD FOREST,,no-question,title only; no abstract returned by Crossref or Semantic Scholar,"Mechanical exclusion on title vocabulary. Subject is forest inventory, species or land-cover classification with no disturbance agent, or a non-forest subject."
10.12760/02-2015-2-05,2015,Feature based tree species classification using hyperspectral and lidar data in the Bavarian Forest National Park,,no-question,title only; no abstract returned by Crossref or Semantic Scholar,"Mechanical exclusion on title vocabulary. Subject is forest inventory, species or land-cover classification with no disturbance agent, or a non-forest subject."
10.2112/jcoastres-d-16-00109.1,2017,Deriving Rich Coastal Morphology and Shore Zone Classification from LIDAR Terrain Models,Journal of Coastal Research,not-forest,title only; no abstract returned by Crossref or Semantic Scholar,"Mechanical exclusion on title vocabulary. Subject is forest inventory, species or land-cover classification with no disturbance agent, or a non-forest subject."
10.1080/19479832.2010.551521,2012,Texture modelling for land cover classification of fully polarimetric SAR images,,not-forest,title only; no abstract returned by Crossref or Semantic Scholar,"Mechanical exclusion on title vocabulary. Subject is forest inventory, species or land-cover classification with no disturbance agent, or a non-forest subject."
10.1109/geoinformatics.2015.7378621,2015,A random forest based method for urban object classification using lidar data and aerial imagery,GEOINFORMATICS,not-forest,title only; no abstract returned by Crossref or Semantic Scholar,"Mechanical exclusion on title vocabulary. Subject is forest inventory, species or land-cover classification with no disturbance agent, or a non-forest subject."
10.1080/01431161.2010.550645,2011,An approach to classification of airborne laser scanning point cloud data in an urban environment,,not-forest,title only; no abstract returned by Crossref or Semantic Scholar,"Mechanical exclusion on title vocabulary. Subject is forest inventory, species or land-cover classification with no disturbance agent, or a non-forest subject."
10.1111/avsc.12580,2021,Mapping structural attributes of tropical dry forests by combining Synthetic Aperture Radar and high‐resolution satellite imagery data,,no-question,title only; no abstract returned by Crossref or Semantic Scholar,"Mechanical exclusion on title vocabulary. Subject is forest inventory, species or land-cover classification with no disturbance agent, or a non-forest subject."
10.1109/icvrv.2016.27,2016,Object-Oriented Random Forest Classification for Enteromorpha Prolifera Detection with SAR Images,International Conference on Virtual Reality and Visualization,not-forest,title only; no abstract returned by Crossref or Semantic Scholar,"Mechanical exclusion on title vocabulary. Subject is forest inventory, species or land-cover classification with no disturbance agent, or a non-forest subject."
10.1109/igarss.2014.6946660,2014,Fusing imaging spectrometry and airborne laser scanning data for tree species discrimination,2014 IEEE Geoscience and Remote Sensing Symposium,no-question,title only; no abstract returned by Crossref or Semantic Scholar,"Mechanical exclusion on title vocabulary. Subject is forest inventory, species or land-cover classification with no disturbance agent, or a non-forest subject."
10.1080/01431169608949086,1996,Classification of radar imagery over boreal regions for methane exchange studies,,not-forest,title only; no abstract returned by Crossref or Semantic Scholar,"Mechanical exclusion on title vocabulary. Subject is forest inventory, species or land-cover classification with no disturbance agent, or a non-forest subject."
10.1007/978-981-10-8016-6_60,2017,Optimized Hierarchical Rule-Based Classification for Differentiating Shallow and Deep-Seated Landslide Using High-Resolution LiDAR Data,,not-forest,title only; no abstract returned by Crossref or Semantic Scholar,"Mechanical exclusion on title vocabulary. Subject is forest inventory, species or land-cover classification with no disturbance agent, or a non-forest subject."
10.1016/j.ecoinf.2025.103165,2025,Mapping individual tree crowns to extract morphological attributes in urban areas using unmanned aerial vehicle-based LiDAR and RGB data,Ecological Informatics,no-question,title only; no abstract returned by Crossref or Semantic Scholar,"Mechanical exclusion on title vocabulary. Subject is forest inventory, species or land-cover classification with no disturbance agent, or a non-forest subject."
,2009,AERIAL IMAGES AND LIDAR DATA FUSION FOR AUTOMATIC FEATURE EXTRACTION USING THE SELF-ORGANIZING MAP (SOM) CLASSIFIER,,no-question,title only; no abstract returned by Crossref or Semantic Scholar,"Mechanical exclusion on title vocabulary. Subject is forest inventory, species or land-cover classification with no disturbance agent, or a non-forest subject."
10.1080/01431161.2018.1437293,2018,A supervoxel-based vegetation classification via decomposition and modelling of full-waveform airborne laser scanning data,,no-question,title only; no abstract returned by Crossref or Semantic Scholar,"Mechanical exclusion on title vocabulary. Subject is forest inventory, species or land-cover classification with no disturbance agent, or a non-forest subject."
10.1175/jtech-d-12-00190.1,2013,Automated Discrimination of Certain Brightness Fronts in RADARSAT-2 Images of the Ocean Surface,,not-forest,title only; no abstract returned by Crossref or Semantic Scholar,"Mechanical exclusion on title vocabulary. Subject is forest inventory, species or land-cover classification with no disturbance agent, or a non-forest subject."
10.5589/m11-045,2011,Combining mobile and static terrestrial laser scanners to investigate individual crown attributes during foliation,,no-question,title only; no abstract returned by Crossref or Semantic Scholar,"Mechanical exclusion on title vocabulary. Subject is forest inventory, species or land-cover classification with no disturbance agent, or a non-forest subject."
,2005,An evaluation of LiDAR and optical satellite data for the measurement of structural attributes in British upland conifer plantation forestry,,no-question,title only; no abstract returned by Crossref or Semantic Scholar,"Mechanical exclusion on title vocabulary. Subject is forest inventory, species or land-cover classification with no disturbance agent, or a non-forest subject."
10.1080/01431161.2010.507678,2011,Performance evaluation of classification trees for building detection from aerial images and LiDAR data: a comparison of classification trees models,,no-question,title only; no abstract returned by Crossref or Semantic Scholar,"Mechanical exclusion on title vocabulary. Subject is forest inventory, species or land-cover classification with no disturbance agent, or a non-forest subject."
10.1117/1.jrs.11.016035,2017,Forest type classification with combination of advanced polarimetric decompositions and textures of L-band synthetic aperture radar data,,no-question,title only; no abstract returned by Crossref or Semantic Scholar,"Mechanical exclusion on title vocabulary. Subject is forest inventory, species or land-cover classification with no disturbance agent, or a non-forest subject."
10.1016/j.isprsjprs.2017.05.016,2017,Reducing classification error of grassland overgrowth by combing low-density lidar acquisitions and optical remote sensing data,,not-forest,title only; no abstract returned by Crossref or Semantic Scholar,"Mechanical exclusion on title vocabulary. Subject is forest inventory, species or land-cover classification with no disturbance agent, or a non-forest subject."
,2007,FUSION OF IMAGING SPECTROMETER AND LIDAR DATA USING SUPPORT VECTOR MACHINES FOR LAND COVER CLASSIFICATION IN THE CONTEXT OF FOREST FIRE MANAGEMENT,,no-question,title only; no abstract returned by Crossref or Semantic Scholar,"Mechanical exclusion on title vocabulary. Subject is forest inventory, species or land-cover classification with no disturbance agent, or a non-forest subject."
10.1007/s10921-015-0332-6,2016,Automatic Microstructural Characterization and Classification Using Higher-Order Spectra on Ultrasound Signals,Journal of nondestructive evaluation,off-topic,title only; no abstract returned by Crossref or Semantic Scholar,"Mechanical exclusion on title vocabulary. Subject is forest inventory, species or land-cover classification with no disturbance agent, or a non-forest subject."
10.1007/978-3-319-23231-7_6,2015,Unsupervised Classification of Raw Full-Waveform Airborne Lidar Data by Self Organizing Maps,International Conference on Image Analysis and Processing,no-question,title only; no abstract returned by Crossref or Semantic Scholar,"Mechanical exclusion on title vocabulary. Subject is forest inventory, species or land-cover classification with no disturbance agent, or a non-forest subject."
10.1111/1365-2664.13133,2018,Quantifying floristic and structural forest maturity: An attribute‐based method for wet eucalypt forests,,no-question,title only; no abstract returned by Crossref or Semantic Scholar,"Mechanical exclusion on title vocabulary. Subject is forest inventory, species or land-cover classification with no disturbance agent, or a non-forest subject."
,2008,Comparison of methods to estimate individual tree attributes using color aerial photographs and LiDAR data,,no-question,title only; no abstract returned by Crossref or Semantic Scholar,"Mechanical exclusion on title vocabulary. Subject is forest inventory, species or land-cover classification with no disturbance agent, or a non-forest subject."
10.1109/jstars.2016.2594133,2016,Exploring the Capability of ALOS PALSAR L-Band Fully Polarimetric Data for Land Cover Classification in Tropical Environments,IEEE Journal of Selected Topics in Applied Earth Observations and Remote Sensing,not-forest,title only; no abstract returned by Crossref or Semantic Scholar,"Mechanical exclusion on title vocabulary. Subject is forest inventory, species or land-cover classification with no disturbance agent, or a non-forest subject."
10.6090/jarq.49.377,2015,Extreme Learning Machine-based Crop Classification using ALOS/PALSAR Images,,not-forest,title only; no abstract returned by Crossref or Semantic Scholar,"Mechanical exclusion on title vocabulary. Subject is forest inventory, species or land-cover classification with no disturbance agent, or a non-forest subject."
10.1016/j.asr.2021.10.049,2021,Predicting Forest Stand Attributes Using the Integration of Airborne Laser Scanning and Worldview-3 Data in a Mixed Forest in Turkey,Advances in Space Research,no-question,title only; no abstract returned by Crossref or Semantic Scholar,"Mechanical exclusion on title vocabulary. Subject is forest inventory, species or land-cover classification with no disturbance agent, or a non-forest subject."
10.1007/s11707-022-1011-4,2023,Fine classification of rice paddy using multitemporal compact polarimetric SAR C band data based on machine learning methods,Frontiers in Earth Science,not-forest,title only; no abstract returned by Crossref or Semantic Scholar,"Mechanical exclusion on title vocabulary. Subject is forest inventory, species or land-cover classification with no disturbance agent, or a non-forest subject."
10.1080/00049158.2011.10676340,2011,Using airborne laser scanning data to estimate structural attributes of natural eucalypt regrowth forests,,no-question,title only; no abstract returned by Crossref or Semantic Scholar,"Mechanical exclusion on title vocabulary. Subject is forest inventory, species or land-cover classification with no disturbance agent, or a non-forest subject."
,2010,A Study of Supervised Land-cover Classification by ALOS/PALSAR Polarimetric Interferometry,,not-forest,title only; no abstract returned by Crossref or Semantic Scholar,"Mechanical exclusion on title vocabulary. Subject is forest inventory, species or land-cover classification with no disturbance agent, or a non-forest subject."
,2007,SUPERVISED CLASSIFICATION USING AERIAL PHOTOGRAPHS AND LIDAR DATA,,no-question,title only; no abstract returned by Crossref or Semantic Scholar,"Mechanical exclusion on title vocabulary. Subject is forest inventory, species or land-cover classification with no disturbance agent, or a non-forest subject."
10.18520/cs/v110/i11/2166-2169,2016,Discrimination of Basmati and Non-Basmati Rice Types Using Polarimetric Target Decomposition of Temporal Sar Data,,not-forest,title only; no abstract returned by Crossref or Semantic Scholar,"Mechanical exclusion on title vocabulary. Subject is forest inventory, species or land-cover classification with no disturbance agent, or a non-forest subject."
,2010,A Method for Urban Vegetation Classification Using Airborne LiDAR Data and High Resolution Remote Sensing Images,,not-forest,title only; no abstract returned by Crossref or Semantic Scholar,"Mechanical exclusion on title vocabulary. Subject is forest inventory, species or land-cover classification with no disturbance agent, or a non-forest subject."
,1985,Forest discrimination with multipolarization imaging radar,,no-question,title only; no abstract returned by Crossref or Semantic Scholar,"Mechanical exclusion on title vocabulary. Subject is forest inventory, species or land-cover classification with no disturbance agent, or a non-forest subject."
10.1007/s00027-018-0607-y,2018,Changes in benthic invertebrate communities of central Appalachian streams attributed to hemlock woody adelgid invasion,Aquatic Sciences,not-forest,title only; no abstract returned by Crossref or Semantic Scholar,"Mechanical exclusion on title vocabulary. Subject is forest inventory, species or land-cover classification with no disturbance agent, or a non-forest subject."
10.1109/raece.2015.7510200,2015,An approach to use polarimetric signature for land cover classification,2015 National Conference on Recent Advances in Electronics & Computer Engineering (RAECE),not-forest,title only; no abstract returned by Crossref or Semantic Scholar,"Mechanical exclusion on title vocabulary. Subject is forest inventory, species or land-cover classification with no disturbance agent, or a non-forest subject."
10.1007/978-94-017-8663-8_10,2014,A Model-Based Approach for the Recovery of Forest Attributes Using Airborne Laser Scanning Data,,no-question,title only; no abstract returned by Crossref or Semantic Scholar,"Mechanical exclusion on title vocabulary. Subject is forest inventory, species or land-cover classification with no disturbance agent, or a non-forest subject."
10.1109/igarss.2014.6946542,2014,Fusion of hyperspectral and LiDAR data for forest attributes estimation,2014 IEEE Geoscience and Remote Sensing Symposium,no-question,title only; no abstract returned by Crossref or Semantic Scholar,"Mechanical exclusion on title vocabulary. Subject is forest inventory, species or land-cover classification with no disturbance agent, or a non-forest subject."
,2005,Polarimetric Classification Using the Cloude/Pottier Decomposition,,no-question,title only; no abstract returned by Crossref or Semantic Scholar,"Mechanical exclusion on title vocabulary. Subject is forest inventory, species or land-cover classification with no disturbance agent, or a non-forest subject."
10.1109/apsar.2009.5374216,2009,A new method for polarimetric SAR image classification,2009 2nd Asian-Pacific Conference on Synthetic Aperture Radar,no-question,title only; no abstract returned by Crossref or Semantic Scholar,"Mechanical exclusion on title vocabulary. Subject is forest inventory, species or land-cover classification with no disturbance agent, or a non-forest subject."
,2012,DECISION TREES ON LIDAR TO CLASSIFY LAND USES AND COVERS,,no-question,title only; no abstract returned by Crossref or Semantic Scholar,"Mechanical exclusion on title vocabulary. Subject is forest inventory, species or land-cover classification with no disturbance agent, or a non-forest subject."
10.1109/igarss.1994.399050,1994,Forest age discrimination from texture measures of SAR imagery,IEEE International Geoscience and Remote Sensing Symposium,no-question,title only; no abstract returned by Crossref or Semantic Scholar,"Mechanical exclusion on title vocabulary. Subject is forest inventory, species or land-cover classification with no disturbance agent, or a non-forest subject."
,2020,Forage accumulation and morphogenetic and structural characteristics of Megathyrsus maximus cv. Tamani under defoliation intensities,,not-forest,title only; no abstract returned by Crossref or Semantic Scholar,"Mechanical exclusion on title vocabulary. Subject is forest inventory, species or land-cover classification with no disturbance agent, or a non-forest subject."
10.1117/12.2227499,2016,"Classification of nanoparticle diffusion processes in vital cells by a multifeature random forests approach: application to simulated data, darkfield, and confocal laser scanning microscopy",SPIE Photonics Europe,off-topic,title only; no abstract returned by Crossref or Semantic Scholar,"Mechanical exclusion on title vocabulary. Subject is forest inventory, species or land-cover classification with no disturbance agent, or a non-forest subject."
10.1080/01431161.2016.1213920,2016,Tree species classification based on stem-related feature parameters derived from static terrestrial laser scanning data,,no-question,title only; no abstract returned by Crossref or Semantic Scholar,"Mechanical exclusion on title vocabulary. Subject is forest inventory, species or land-cover classification with no disturbance agent, or a non-forest subject."
,2012,The impact of lidar point density on classifying tree genus: using geometric features and vertical profile features,,no-question,title only; no abstract returned by Crossref or Semantic Scholar,"Mechanical exclusion on title vocabulary. Subject is forest inventory, species or land-cover classification with no disturbance agent, or a non-forest subject."
,2012,GENETIC ALGORITHMS AND DATA MINING APPLIED TO OPTICAL ORBITAL AND LIDAR DATA FOR OBJECT-BASED CLASSIFICATION OF URBAN LAND COVER,,not-forest,title only; no abstract returned by Crossref or Semantic Scholar,"Mechanical exclusion on title vocabulary. Subject is forest inventory, species or land-cover classification with no disturbance agent, or a non-forest subject."
10.1007/s12145-023-01050-3,2023,A Conditional Generative Adversarial Network for urban area classification using multi-source data,Earth Science Informatics,not-forest,title only; no abstract returned by Crossref or Semantic Scholar,"Mechanical exclusion on title vocabulary. Subject is forest inventory, species or land-cover classification with no disturbance agent, or a non-forest subject."
,2008,"LAND COVER CLASSIFICATION USING MULTI-SOURCE DATA FUSION OF ENVISAT-ASAR AND IRS P6 LISS-III SATELLITE DATA – A CASE STUDY OVER TROPICAL MOIST DECIDUOUS FORESTED REGIONS OF KARNATAKA, INDIA",,no-question,title only; no abstract returned by Crossref or Semantic Scholar,"Mechanical exclusion on title vocabulary. Subject is forest inventory, species or land-cover classification with no disturbance agent, or a non-forest subject."
10.1117/12.200744,1995,Discriminating forest cuts with ERS-1 radar imagery,Remote Sensing,no-question,title only; no abstract returned by Crossref or Semantic Scholar,"Mechanical exclusion on title vocabulary. Subject is forest inventory, species or land-cover classification with no disturbance agent, or a non-forest subject."
,1997,Manipulating canopy structure in cassava intercropped with cowpea and its effects on cowpea insect population densities,,not-forest,title only; no abstract returned by Crossref or Semantic Scholar,"Mechanical exclusion on title vocabulary. Subject is forest inventory, species or land-cover classification with no disturbance agent, or a non-forest subject."
,1991,Multi-frequency and polarimetric radar backscatter signatures for discrimination between agricultural crops at the Flevoland experimental test site,,not-forest,title only; no abstract returned by Crossref or Semantic Scholar,"Mechanical exclusion on title vocabulary. Subject is forest inventory, species or land-cover classification with no disturbance agent, or a non-forest subject."
10.1016/j.srs.2025.100310,2025,Transferability of country-wide airborne laser scanning-based models for individual-tree attributes,Science of Remote Sensing,no-question,title only; no abstract returned by Crossref or Semantic Scholar,"Mechanical exclusion on title vocabulary. Subject is forest inventory, species or land-cover classification with no disturbance agent, or a non-forest subject."
,2009,Water classification using 3D airborne laser scanning point clouds,,no-question,title only; no abstract returned by Crossref or Semantic Scholar,"Mechanical exclusion on title vocabulary. Subject is forest inventory, species or land-cover classification with no disturbance agent, or a non-forest subject."
10.1109/igarss.1995.520473,1995,Forest discrimination using SAR multifrequency and multipolarization data,"1995 International Geoscience and Remote Sensing Symposium, IGARSS '95. Quantitative Remote Sensing for Science and Applications",no-question,title only; no abstract returned by Crossref or Semantic Scholar,"Mechanical exclusion on title vocabulary. Subject is forest inventory, species or land-cover classification with no disturbance agent, or a non-forest subject."
10.1109/igarss.1998.703656,1998,Distinguishing open land areas from forest using single ERS SAR images,IGARSS '98. Sensing and Managing the Environment. 1998 IEEE International Geoscience and Remote Sensing. Symposium Proceedings. (Cat. No.98CH36174),no-question,title only; no abstract returned by Crossref or Semantic Scholar,"Mechanical exclusion on title vocabulary. Subject is forest inventory, species or land-cover classification with no disturbance agent, or a non-forest subject."
10.1109/whispers.2016.8071665,2016,Tree species classification with hyperspectral imaging and lidar,Workshop on Hyperspectral Image and Signal Processing,no-question,title only; no abstract returned by Crossref or Semantic Scholar,"Mechanical exclusion on title vocabulary. Subject is forest inventory, species or land-cover classification with no disturbance agent, or a non-forest subject."
10.1007/s11069-021-04780-z,2021,An evolutionary approach for spatial prediction of landslide susceptibility using LiDAR and symbolic classification with genetic programming,Natural Hazards,not-forest,title only; no abstract returned by Crossref or Semantic Scholar,"Mechanical exclusion on title vocabulary. Subject is forest inventory, species or land-cover classification with no disturbance agent, or a non-forest subject."
10.20659/jfp.13.special_issue_303,2008,Estimation of Stand Attributes in Cryptomeria japonica and Chamaecyparis obtusa Stands from Single Tree Detection using Small-Footprint Airborne LiDAR Data( Silvilaser),,no-question,title only; no abstract returned by Crossref or Semantic Scholar,"Mechanical exclusion on title vocabulary. Subject is forest inventory, species or land-cover classification with no disturbance agent, or a non-forest subject."
10.1007/s12524-013-0319-7,2014,Discrimination between Babul plantations and Mustard crop using Polarimetric C- and L- band data,Journal of the Indian Society of Remote Sensing,not-forest,title only; no abstract returned by Crossref or Semantic Scholar,"Mechanical exclusion on title vocabulary. Subject is forest inventory, species or land-cover classification with no disturbance agent, or a non-forest subject."
10.1016/j.foreco.2023.121312,2023,Can models for forest attributes based on airborne laser scanning be generalized for different silvicultural management systems?,Forest Ecology and Management,no-question,title only; no abstract returned by Crossref or Semantic Scholar,"Mechanical exclusion on title vocabulary. Subject is forest inventory, species or land-cover classification with no disturbance agent, or a non-forest subject."
,2017,Classifying Mangroves in Vietnam using Radar and Optical Satellite Remote Sensing: Processing Sentinel-1 and Sentinel-2 Imagery in Google Earth Engine,,not-forest,title only; no abstract returned by Crossref or Semantic Scholar,"Mechanical exclusion on title vocabulary. Subject is forest inventory, species or land-cover classification with no disturbance agent, or a non-forest subject."
,2015,Using small area estimation and Lidar-derived variables for multivariate prediction of forest attributes,,no-question,title only; no abstract returned by Crossref or Semantic Scholar,"Mechanical exclusion on title vocabulary. Subject is forest inventory, species or land-cover classification with no disturbance agent, or a non-forest subject."
,2019,Fusion of Hyperspectral and LiDAR Data for Land Cover Classification,,not-forest,title only; no abstract returned by Crossref or Semantic Scholar,"Mechanical exclusion on title vocabulary. Subject is forest inventory, species or land-cover classification with no disturbance agent, or a non-forest subject."
,2010,Classification of Full-waveform Airborne Laser Scanning Data and Extraction of Attributes of Vegetation for Topographic Mapping,,no-question,title only; no abstract returned by Crossref or Semantic Scholar,"Mechanical exclusion on title vocabulary. Subject is forest inventory, species or land-cover classification with no disturbance agent, or a non-forest subject."
,2008,Urban Landscape Classification System Using Airborne LiDAR,,not-forest,title only; no abstract returned by Crossref or Semantic Scholar,"Mechanical exclusion on title vocabulary. Subject is forest inventory, species or land-cover classification with no disturbance agent, or a non-forest subject."
10.1109/igarss.2016.7729379,2016,LiDAR information extraction by attribute filters with partial reconstruction,IEEE International Geoscience and Remote Sensing Symposium,no-question,title only; no abstract returned by Crossref or Semantic Scholar,"Mechanical exclusion on title vocabulary. Subject is forest inventory, species or land-cover classification with no disturbance agent, or a non-forest subject."
10.1109/igarss.2009.5417718,2009,Karst forest type discrimination in southwest China using spaceborne polarimetric SAR data,IEEE International Geoscience and Remote Sensing Symposium,no-question,title only; no abstract returned by Crossref or Semantic Scholar,"Mechanical exclusion on title vocabulary. Subject is forest inventory, species or land-cover classification with no disturbance agent, or a non-forest subject."
,2010,Fusion of multispectral and LIDAR remote sensing data for the estimation of forest attributes in an Alpine region,,no-question,title only; no abstract returned by Crossref or Semantic Scholar,"Mechanical exclusion on title vocabulary. Subject is forest inventory, species or land-cover classification with no disturbance agent, or a non-forest subject."
,2013,"Estimation and modeling of forest attributes across large spatial scales using BiomeBGC, high-resolution imagery, LiDAR data, and inventory data.",,no-question,title only; no abstract returned by Crossref or Semantic Scholar,"Mechanical exclusion on title vocabulary. Subject is forest inventory, species or land-cover classification with no disturbance agent, or a non-forest subject."
10.1007/s43538-023-00218-1,2023,Discrimination of pearl millet in the rainfed agroecosystem using multitemporal sentinel-1 SAR data,Proceedings of Indian National Science Academy,not-forest,title only; no abstract returned by Crossref or Semantic Scholar,"Mechanical exclusion on title vocabulary. Subject is forest inventory, species or land-cover classification with no disturbance agent, or a non-forest subject."
10.1117/12.818607,2009,Fundamental relationships inherent to lidar waveforms for classification,Defense + Commercial Sensing,no-question,title only; no abstract returned by Crossref or Semantic Scholar,"Mechanical exclusion on title vocabulary. Subject is forest inventory, species or land-cover classification with no disturbance agent, or a non-forest subject."
10.5721/itjrs20104213,2010,Discrimination of wheat crop by using co-polarized ratio derived from ASAR data,,not-forest,title only; no abstract returned by Crossref or Semantic Scholar,"Mechanical exclusion on title vocabulary. Subject is forest inventory, species or land-cover classification with no disturbance agent, or a non-forest subject."
10.1109/igarss.2013.6721119,2013,MAUP and LiDAR derived canopy structure (A CRCSI 2.07 woody attribution paper),IEEE International Geoscience and Remote Sensing Symposium,no-question,title only; no abstract returned by Crossref or Semantic Scholar,"Mechanical exclusion on title vocabulary. Subject is forest inventory, species or land-cover classification with no disturbance agent, or a non-forest subject."
,2015,Feature based tree sepcies classification using airborne hyperspectral and LiDAR data for the Bavarian Forerst National Park,,no-question,title only; no abstract returned by Crossref or Semantic Scholar,"Mechanical exclusion on title vocabulary. Subject is forest inventory, species or land-cover classification with no disturbance agent, or a non-forest subject."
10.1117/12.872954,2009,Characteristics of full-waveform lidar data from typical objects and its potential in point cloud classification,International Symposium on Digital Earth,no-question,title only; no abstract returned by Crossref or Semantic Scholar,"Mechanical exclusion on title vocabulary. Subject is forest inventory, species or land-cover classification with no disturbance agent, or a non-forest subject."
,2017,COMPARISON OF PolSAR AND PolInSAR COHERENCE BASED LAND USE/LAND COVER CLASSIFICATION,,not-forest,title only; no abstract returned by Crossref or Semantic Scholar,"Mechanical exclusion on title vocabulary. Subject is forest inventory, species or land-cover classification with no disturbance agent, or a non-forest subject."
10.1109/igarss.2006.706,2006,Hierarchical Land-Use Classification Using Optical Imagery and LiDAR Data,2006 IEEE International Symposium on Geoscience and Remote Sensing,not-forest,title only; no abstract returned by Crossref or Semantic Scholar,"Mechanical exclusion on title vocabulary. Subject is forest inventory, species or land-cover classification with no disturbance agent, or a non-forest subject."
10.1117/12.668736,2006,Analysis of LIDAR and spectral imagery for scene classification in forested areas,SPIE Defense + Commercial Sensing,no-question,title only; no abstract returned by Crossref or Semantic Scholar,"Mechanical exclusion on title vocabulary. Subject is forest inventory, species or land-cover classification with no disturbance agent, or a non-forest subject."
,2010,The suitability of LiDAR-derived forest attributes for use in individual-tree distance-dependent growth-and-yield modeling,,no-question,title only; no abstract returned by Crossref or Semantic Scholar,"Mechanical exclusion on title vocabulary. Subject is forest inventory, species or land-cover classification with no disturbance agent, or a non-forest subject."
,2013,Classifying Indonesian Plantation And Natural Forest Cover And Measuring Changes With C-And L-Band SAR Data,,no-question,title only; no abstract returned by Crossref or Semantic Scholar,"Mechanical exclusion on title vocabulary. Subject is forest inventory, species or land-cover classification with no disturbance agent, or a non-forest subject."
10.1117/12.177190,1994,Use of interferometric SAR for height measurement and discrimination,"Defense, Security, and Sensing",no-question,title only; no abstract returned by Crossref or Semantic Scholar,"Mechanical exclusion on title vocabulary. Subject is forest inventory, species or land-cover classification with no disturbance agent, or a non-forest subject."
,2014,Exploring small-footprint full-waveform LiDAR derived canopy metrics for tree species classification in subtropical forests,,no-question,title only; no abstract returned by Crossref or Semantic Scholar,"Mechanical exclusion on title vocabulary. Subject is forest inventory, species or land-cover classification with no disturbance agent, or a non-forest subject."
10.1006/dspr.1999.0338,1999,Multiscale Models for Target Detection and Background Discrimination in Synthetic Aperture Radar Imagery,Digit. Signal Process.,no-question,title only; no abstract returned by Crossref or Semantic Scholar,"Mechanical exclusion on title vocabulary. Subject is forest inventory, species or land-cover classification with no disturbance agent, or a non-forest subject."
10.1117/12.912741,2011,Calibration of full-waveform lidar data by range between sensor and target and its impact for landscape classification,International Symposium on Lidar and Radar Mapping Technologies,no-question,title only; no abstract returned by Crossref or Semantic Scholar,"Mechanical exclusion on title vocabulary. Subject is forest inventory, species or land-cover classification with no disturbance agent, or a non-forest subject."
10.1016/j.compag.2026.111555,2026,Beyond crown volume: UAV-LiDAR-derived foliated crown volume (FCV) enhances coniferous tree attribute estimation,Computers and Electronics in Agriculture,no-question,title only; no abstract returned by Crossref or Semantic Scholar,"Mechanical exclusion on title vocabulary. Subject is forest inventory, species or land-cover classification with no disturbance agent, or a non-forest subject."
10.1109/eorsa.2016.7552756,2016,"Effects of voxel size, scan angle and crown structure on the accuracy of tree species classification using airborne full-waveform LiDAR",International Workshop on Earth Observation and Remote Sensing Applications,no-question,title only; no abstract returned by Crossref or Semantic Scholar,"Mechanical exclusion on title vocabulary. Subject is forest inventory, species or land-cover classification with no disturbance agent, or a non-forest subject."
,2005,The Effect of Speckle Filtering On Sar Texture Discrimination,,no-question,title only; no abstract returned by Crossref or Semantic Scholar,"Mechanical exclusion on title vocabulary. Subject is forest inventory, species or land-cover classification with no disturbance agent, or a non-forest subject."
,2009,Assessment of structural attributes of even-aged Eucalyptus grandis forest plantations using small-footprint discrete return lidar data.,,no-question,title only; no abstract returned by Crossref or Semantic Scholar,"Mechanical exclusion on title vocabulary. Subject is forest inventory, species or land-cover classification with no disturbance agent, or a non-forest subject."
10.1007/s41976-025-00248-x,2025,Crop Classification in Uzbekistan Using Random Forest: Integrating Sentinel-1 SAR and Sentinel-2 Optical Data with Ground-Truth Validation,Remote Sensing in Earth Systems Sciences,not-forest,title only; no abstract returned by Crossref or Semantic Scholar,"Mechanical exclusion on title vocabulary. Subject is forest inventory, species or land-cover classification with no disturbance agent, or a non-forest subject."
10.1049/cp.2013.0125,2013,Forest and non-forest discrimination using PolSAR data based on K-Wishart distribution,,no-question,title only; no abstract returned by Crossref or Semantic Scholar,"Mechanical exclusion on title vocabulary. Subject is forest inventory, species or land-cover classification with no disturbance agent, or a non-forest subject."
,2007,A WRAPPED-SURFACE RECONSTRUCTION METHOD OF LIDAR POINTS TO IDENTIFY TREE CROWN ATTRIBUTES,,no-question,title only; no abstract returned by Crossref or Semantic Scholar,"Mechanical exclusion on title vocabulary. Subject is forest inventory, species or land-cover classification with no disturbance agent, or a non-forest subject."
10.2139/ssrn.4104346,2022,Development of Generalized Estimation Models of Forest Inventory Attributes Using an Exhaustive Combination of Airborne Lidar-Derived Metrics,Social Science Research Network,no-question,title only; no abstract returned by Crossref or Semantic Scholar,"Mechanical exclusion on title vocabulary. Subject is forest inventory, species or land-cover classification with no disturbance agent, or a non-forest subject."
10.1109/igarss.2009.5417829,2009,Forest type discrimination using polarimetric Radarsat 2 data,IEEE International Geoscience and Remote Sensing Symposium,no-question,title only; no abstract returned by Crossref or Semantic Scholar,"Mechanical exclusion on title vocabulary. Subject is forest inventory, species or land-cover classification with no disturbance agent, or a non-forest subject."
,2008,Comparing Semi-Automated Methods for Classifying Multibeam SoNAR & Airborne LiDAR Imagery,,not-forest,title only; no abstract returned by Crossref or Semantic Scholar,"Mechanical exclusion on title vocabulary. Subject is forest inventory, species or land-cover classification with no disturbance agent, or a non-forest subject."
10.1109/igarss.2013.6721142,2013,Woody vegetation landscape feature generation from multispectral and LiDAR data (A CRCSI 2.07 woody attribution paper),IEEE International Geoscience and Remote Sensing Symposium,no-question,title only; no abstract returned by Crossref or Semantic Scholar,"Mechanical exclusion on title vocabulary. Subject is forest inventory, species or land-cover classification with no disturbance agent, or a non-forest subject."
10.1109/icr.2001.984731,2001,Polarimetric classification of trees,2001 CIE International Conference on Radar Proceedings (Cat No.01TH8559),no-question,title only; no abstract returned by Crossref or Semantic Scholar,"Mechanical exclusion on title vocabulary. Subject is forest inventory, species or land-cover classification with no disturbance agent, or a non-forest subject."
,2006,Forest Stand Canopy Structure Attribute Estimation from High Resolution Digital Airborne Imagery,,no-question,title only; no abstract returned by Crossref or Semantic Scholar,"Mechanical exclusion on title vocabulary. Subject is forest inventory, species or land-cover classification with no disturbance agent, or a non-forest subject."
10.1007/s12517-021-09031-w,2021,Hyperspectral and LiDAR data fusion in features based classification,Arabian Journal of Geosciences,no-question,title only; no abstract returned by Crossref or Semantic Scholar,"Mechanical exclusion on title vocabulary. Subject is forest inventory, species or land-cover classification with no disturbance agent, or a non-forest subject."
,2010,Assessing the Accuracy of Lidar as a Forest Inventory Tool Using Individual Stem Identification and Attribution,,no-question,title only; no abstract returned by Crossref or Semantic Scholar,"Mechanical exclusion on title vocabulary. Subject is forest inventory, species or land-cover classification with no disturbance agent, or a non-forest subject."
10.1109/igarss.1995.521170,1995,Improvement of classifier and change detection tools in multi-temporal SAR images,"1995 International Geoscience and Remote Sensing Symposium, IGARSS '95. Quantitative Remote Sensing for Science and Applications",no-question,title only; no abstract returned by Crossref or Semantic Scholar,"Mechanical exclusion on title vocabulary. Subject is forest inventory, species or land-cover classification with no disturbance agent, or a non-forest subject."
10.1109/aimsec.2011.6011388,2011,Study on forest type classification based on ICESat-GLAS lidar data,"International Conference on Artificial Intelligence, Management Science and Electronic Commerce",no-question,title only; no abstract returned by Crossref or Semantic Scholar,"Mechanical exclusion on title vocabulary. Subject is forest inventory, species or land-cover classification with no disturbance agent, or a non-forest subject."
10.1016/j.agrformet.2025.110995,2026,Quantifying forest structural attributes and aboveground carbon dynamics with terrestrial laser scanning in a temperate deciduous forest,Agricultural and Forest Meteorology,no-question,title only; no abstract returned by Crossref or Semantic Scholar,"Mechanical exclusion on title vocabulary. Subject is forest inventory, species or land-cover classification with no disturbance agent, or a non-forest subject."
10.1109/ist.2013.6729651,2013,Land classification from LiDAR full-waveforms based on multi-class support vector machines,International Symposium on Telecommunications,not-forest,title only; no abstract returned by Crossref or Semantic Scholar,"Mechanical exclusion on title vocabulary. Subject is forest inventory, species or land-cover classification with no disturbance agent, or a non-forest subject."
,2014,Production of a nationwide forest attribute map of Sweden using airborne laser scanning and national forest inventory plot data,,no-question,title only; no abstract returned by Crossref or Semantic Scholar,"Mechanical exclusion on title vocabulary. Subject is forest inventory, species or land-cover classification with no disturbance agent, or a non-forest subject."
10.21203/rs.3.rs-495733/v1,2021,The Norwegian Forest Resource Map SR16: Mapping Forest Attributes Using Heterogeneous Sets of Airborne Laser Scanning and National Forest Inventory Data,,no-question,title only; no abstract returned by Crossref or Semantic Scholar,"Mechanical exclusion on title vocabulary. Subject is forest inventory, species or land-cover classification with no disturbance agent, or a non-forest subject."
,1999,CLASSIFICATION OF VEGETATION COMMUNITIES IN THE TROPICAL SAVANNAS OF NORTHERN AUSTRALIA USING AIRSAR DATA,,not-forest,title only; no abstract returned by Crossref or Semantic Scholar,"Mechanical exclusion on title vocabulary. Subject is forest inventory, species or land-cover classification with no disturbance agent, or a non-forest subject."
10.1007/s13595-017-0665-7,2017,Evaluation of the use of low-density LiDAR data to estimate structural attributes and biomass yield in a short-rotation willow coppice: an example in a field trial,Annals of Forest Science,no-question,title only; no abstract returned by Crossref or Semantic Scholar,"Mechanical exclusion on title vocabulary. Subject is forest inventory, species or land-cover classification with no disturbance agent, or a non-forest subject."
10.26760/icgtd2020.v1i1.62,2020,Investigation of Classification Algorithm for Identification of Oil Palm Plantation Using Multiscatter and Multiresolution SAR Data,,not-forest,title only; no abstract returned by Crossref or Semantic Scholar,"Mechanical exclusion on title vocabulary. Subject is forest inventory, species or land-cover classification with no disturbance agent, or a non-forest subject."
,2021,Effect of Field Sample Size on Large-Scale Subtropic Forest Inventory Attribute Estimation Based on Airborne Laser Scanner Data,,no-question,title only; no abstract returned by Crossref or Semantic Scholar,"Mechanical exclusion on title vocabulary. Subject is forest inventory, species or land-cover classification with no disturbance agent, or a non-forest subject."
10.5071/29theubce2021-1cv.10.21,2021,"Estimation and Comparison of Tree Attributes in Young Forest Using Different Remote Sensing: Drone LiDAR, Aerial Photogrammetry, and Open Forest Data",,no-question,title only; no abstract returned by Crossref or Semantic Scholar,"Mechanical exclusion on title vocabulary. Subject is forest inventory, species or land-cover classification with no disturbance agent, or a non-forest subject."
10.48130/smartfor-0026-0008,2026,An integrated approach for estimating forest attributes by combining handheld mobile laser scanning with forest models in dense canopy environments,Smart Forestry,no-question,title only; no abstract returned by Crossref or Semantic Scholar,"Mechanical exclusion on title vocabulary. Subject is forest inventory, species or land-cover classification with no disturbance agent, or a non-forest subject."
,2009,Mapping riparian zone attributes from LiDAR data using object-oriented image analysis,,not-forest,title only; no abstract returned by Crossref or Semantic Scholar,"Mechanical exclusion on title vocabulary. Subject is forest inventory, species or land-cover classification with no disturbance agent, or a non-forest subject."
,2014,Estimation of Stand Attributes in Cryptomeriajaponica Chamaecyparis obtusa Stands firom Single Tteee Detection using Small-Footprint Airborne LiDAR Data,,no-question,title only; no abstract returned by Crossref or Semantic Scholar,"Mechanical exclusion on title vocabulary. Subject is forest inventory, species or land-cover classification with no disturbance agent, or a non-forest subject."
,2018,Classifying UAVSAR PolSAR imagery using target,,no-question,title only; no abstract returned by Crossref or Semantic Scholar,"Mechanical exclusion on title vocabulary. Subject is forest inventory, species or land-cover classification with no disturbance agent, or a non-forest subject."
,2018,Draft Modeling black spruce wood fiber attributes with terrestrial laser scanning,,no-question,title only; no abstract returned by Crossref or Semantic Scholar,"Mechanical exclusion on title vocabulary. Subject is forest inventory, species or land-cover classification with no disturbance agent, or a non-forest subject."
,2012,Video - Assessment of forest attributes using airborne and terrestrial LiDAR - Pt. 1. Presentation by Nicholas Coops,,no-question,title only; no abstract returned by Crossref or Semantic Scholar,"Mechanical exclusion on title vocabulary. Subject is forest inventory, species or land-cover classification with no disturbance agent, or a non-forest subject."
,2008,Application of R for classification of main tree species using terrestrial laser scanner data,,no-question,title only; no abstract returned by Crossref or Semantic Scholar,"Mechanical exclusion on title vocabulary. Subject is forest inventory, species or land-cover classification with no disturbance agent, or a non-forest subject."
,2018,Using Lidar Data to Predict Photo Interpreted Attributes,,no-question,title only; no abstract returned by Crossref or Semantic Scholar,"Mechanical exclusion on title vocabulary. Subject is forest inventory, species or land-cover classification with no disturbance agent, or a non-forest subject."
,2012,Examination of Airborne Discrete-Return Lidar in Prediction and Identification of Unique Forest Attributes,,no-question,title only; no abstract returned by Crossref or Semantic Scholar,"Mechanical exclusion on title vocabulary. Subject is forest inventory, species or land-cover classification with no disturbance agent, or a non-forest subject."
10.1007/s41060-026-01218-2,2026,Multi-temporal Sentinel-2 images and LiDAR data fusion in dominant tree species classification,International Journal of Data Science and Analysis,no-question,title only; no abstract returned by Crossref or Semantic Scholar,"Mechanical exclusion on title vocabulary. Subject is forest inventory, species or land-cover classification with no disturbance agent, or a non-forest subject."
,2010,INTEGRATION OFWAVEFORM LIDAR AND HYPERSPECTRAL DATA TO ESTIMATE STRUCTURAL ATTRIBUTES OF TROPICAL FORESTS,,no-question,title only; no abstract returned by Crossref or Semantic Scholar,"Mechanical exclusion on title vocabulary. Subject is forest inventory, species or land-cover classification with no disturbance agent, or a non-forest subject."
,2020,Delft University of Technology A new quantitative approach to tree attributes estimation based on LiDAR point clouds,,no-question,title only; no abstract returned by Crossref or Semantic Scholar,"Mechanical exclusion on title vocabulary. Subject is forest inventory, species or land-cover classification with no disturbance agent, or a non-forest subject."
10.1016/j.srs.2025.100329,2025,Corrigendum to “Transferability of country-wide airborne laser scanning-based models for individual-tree attributes” [Sci. Rem. Sens. 12 (2025) 100310],Science of Remote Sensing,duplicate,title only; no abstract returned by Crossref or Semantic Scholar,Duplicate or corrigendum of another record in this subset.
,2019,Land use classification of small agricultural parcels using multiple synthetic aperture radar images,,not-forest,title only; no abstract returned by Crossref or Semantic Scholar,"Mechanical exclusion on title vocabulary. Subject is forest inventory, species or land-cover classification with no disturbance agent, or a non-forest subject."
,2019,"Oil-Slick Category Discrimination (Seeps vs. Spills): A Linear Discriminant Analysis Using RADARSAT-2 Backscatter Coefficients (, , and ) in Campeche Bay (Gulf of Mexico)",,off-topic,title only; no abstract returned by Crossref or Semantic Scholar,"Mechanical exclusion on title vocabulary. Subject is forest inventory, species or land-cover classification with no disturbance agent, or a non-forest subject."
,2011,Modeling Biomass and Canopy Fuel Attributes Using LIDAR Technology,,no-question,title only; no abstract returned by Crossref or Semantic Scholar,"Mechanical exclusion on title vocabulary. Subject is forest inventory, species or land-cover classification with no disturbance agent, or a non-forest subject."
,2015,Aboveground Biomass and Dynamics of Forest Attributes using LiDAR Data and Vegetation Model,,no-question,title only; no abstract returned by Crossref or Semantic Scholar,"Mechanical exclusion on title vocabulary. Subject is forest inventory, species or land-cover classification with no disturbance agent, or a non-forest subject."
,2021,Bayesian models for spatial dependencies and neural networks for leaf / wood discrimination in LiDAR leaf area density estimation,,no-question,title only; no abstract returned by Crossref or Semantic Scholar,"Mechanical exclusion on title vocabulary. Subject is forest inventory, species or land-cover classification with no disturbance agent, or a non-forest subject."
10.31223/osf.io/seuhm,2020,POSSIBILITIES OF CHANGE DETECTION OF TREE AND FOREST ATTRIBUTES BY COMBINING TERRESTRIAL LASER SCANNING BASED 3D POINT CLOUDS WITH UAV DATA,,no-question,title only; no abstract returned by Crossref or Semantic Scholar,"Mechanical exclusion on title vocabulary. Subject is forest inventory, species or land-cover classification with no disturbance agent, or a non-forest subject."
,2011,Stability of LiDAR-derived raster canopy attributes with changing pulse repetition frequency,,no-question,title only; no abstract returned by Crossref or Semantic Scholar,"Mechanical exclusion on title vocabulary. Subject is forest inventory, species or land-cover classification with no disturbance agent, or a non-forest subject."
,2011,"Estimating forest attributes using laser scanning data and dual-band, single-pass interferometric aperture radar to improve forest management",,no-question,title only; no abstract returned by Crossref or Semantic Scholar,"Mechanical exclusion on title vocabulary. Subject is forest inventory, species or land-cover classification with no disturbance agent, or a non-forest subject."
,2014,Using small-footprint and multiple-return LiDAR data to characterize and classify four temperate forest cover types.,,no-question,title only; no abstract returned by Crossref or Semantic Scholar,"Mechanical exclusion on title vocabulary. Subject is forest inventory, species or land-cover classification with no disturbance agent, or a non-forest subject."
10.1016/j.foreco.2025.123287,2026,"Modeling structural attributes of Hyrcanian forests using spaceborne LiDAR, machine learning algorithms, and a hierarchical field data collection approach",Forest Ecology and Management,no-question,title only; no abstract returned by Crossref or Semantic Scholar,"Mechanical exclusion on title vocabulary. Subject is forest inventory, species or land-cover classification with no disturbance agent, or a non-forest subject."
,2013,Classification for Forest/Non-forest Using ALOS PALSAR Data,,no-question,title only; no abstract returned by Crossref or Semantic Scholar,"Mechanical exclusion on title vocabulary. Subject is forest inventory, species or land-cover classification with no disturbance agent, or a non-forest subject."
,2015,SAR Tomography for Forest Structure Classification and Monitoring: Actual Status and Perspectives,,no-question,title only; no abstract returned by Crossref or Semantic Scholar,"Mechanical exclusion on title vocabulary. Subject is forest inventory, species or land-cover classification with no disturbance agent, or a non-forest subject."
,2016,Potentials of TanDEM-X Interferometric Data for Global Land Classification,,not-forest,title only; no abstract returned by Crossref or Semantic Scholar,"Mechanical exclusion on title vocabulary. Subject is forest inventory, species or land-cover classification with no disturbance agent, or a non-forest subject."
,2010,Classificação de imagens POLINSAR utilizando técnicas de mineração de dados POLINSAR image classification using data mining technics,,no-question,title only; no abstract returned by Crossref or Semantic Scholar,"Mechanical exclusion on title vocabulary. Subject is forest inventory, species or land-cover classification with no disturbance agent, or a non-forest subject."
,2013,L'utilisation de la polarimetrie radar et de la decomposition de Touzi pour la caracterisation et la classification des physionomies vegetales des milieux humides : le cas du lac Saint-Pierre,,no-question,title only; no abstract returned by Crossref or Semantic Scholar,"Mechanical exclusion on title vocabulary. Subject is forest inventory, species or land-cover classification with no disturbance agent, or a non-forest subject."
,2010,FUSION OF FULL WAVEFORM LIDAR DATA AND HYPERSPECTRAL DATA FOR TREE SPECIES CLASSIFICATION,,no-question,title only; no abstract returned by Crossref or Semantic Scholar,"Mechanical exclusion on title vocabulary. Subject is forest inventory, species or land-cover classification with no disturbance agent, or a non-forest subject."
,2003,"Research Note / Note de recherche Vegetation classification of the riparian zone along the Brisbane River, Queensland, Australia, using light detection and ranging (lidar) data and forward looking digital video 1",,not-forest,title only; no abstract returned by Crossref or Semantic Scholar,"Mechanical exclusion on title vocabulary. Subject is forest inventory, species or land-cover classification with no disturbance agent, or a non-forest subject."
,2013,Elements of systemic sensitivity and propagated uncertainty in LiDAR-based forest attribute maps,,no-question,title only; no abstract returned by Crossref or Semantic Scholar,"Mechanical exclusion on title vocabulary. Subject is forest inventory, species or land-cover classification with no disturbance agent, or a non-forest subject."
,2009,"A comparison of automated land cover/use classification methods for a Texas bottomland hardwood system using lidar, spot-5, and ancillary data",,no-question,title only; no abstract returned by Crossref or Semantic Scholar,"Mechanical exclusion on title vocabulary. Subject is forest inventory, species or land-cover classification with no disturbance agent, or a non-forest subject."
,2006,A Statistical Analysis of JERS L-band SAR Backscatter and Coherence Data for Forest Type Discrimination,,no-question,title only; no abstract returned by Crossref or Semantic Scholar,"Mechanical exclusion on title vocabulary. Subject is forest inventory, species or land-cover classification with no disturbance agent, or a non-forest subject."
,2009,Use of lidar data for land cover classification,,not-forest,title only; no abstract returned by Crossref or Semantic Scholar,"Mechanical exclusion on title vocabulary. Subject is forest inventory, species or land-cover classification with no disturbance agent, or a non-forest subject."
,2016,Physically-based Multi-temporal LiDAR Traits for Species Discrimination in a Temperate Mixed Forest,,no-question,title only; no abstract returned by Crossref or Semantic Scholar,"Mechanical exclusion on title vocabulary. Subject is forest inventory, species or land-cover classification with no disturbance agent, or a non-forest subject."
,2008,"CLASSIFICATION USING MULTI-SOURCE DATA FUSION OF ENVISAT-ASAR AND IRS P 6 LISS-III SATELLITE DATA – A CASE STUDY OVER TROPICAL MOIST DECIDUOUS FORESTED REGIONS OF KARNATAKA , INDIA",,no-question,title only; no abstract returned by Crossref or Semantic Scholar,"Mechanical exclusion on title vocabulary. Subject is forest inventory, species or land-cover classification with no disturbance agent, or a non-forest subject."
10.18945/jjfes.kj00009732764,2014,Simulation of terrain attributes from LiDAR data for slope failure hazard assessment in steep forest of Okinawa Island,,no-question,title only; no abstract returned by Crossref or Semantic Scholar,"Mechanical exclusion on title vocabulary. Subject is forest inventory, species or land-cover classification with no disturbance agent, or a non-forest subject."
,2015,Improving Forest Attribute Estimation of Airborne Lidar Based on Profile Assimilation from Terrestrial Lidar,,no-question,title only; no abstract returned by Crossref or Semantic Scholar,"Mechanical exclusion on title vocabulary. Subject is forest inventory, species or land-cover classification with no disturbance agent, or a non-forest subject."
,2009,FOREST TYPE DISCRIMINATION IN SOUTHWEST CHINA USING SPACEBORNE POLARIMETRIC SAR DATA,,no-question,title only; no abstract returned by Crossref or Semantic Scholar,"Mechanical exclusion on title vocabulary. Subject is forest inventory, species or land-cover classification with no disturbance agent, or a non-forest subject."
